event_id,timestamp_ms,event_type,station_id,unit_id,checkpoint_id
CE000001,638887,POWER_DRAW,S14,,CP_ALIGN_POWER
CE000002,640934,RFID_CHECKPOINT,S13,U000002,CP_ALIGN_RFID
CE000003,708792,RFID_CHECKPOINT,S13,U000003,CP_ALIGN_RFID
CE000004,709541,POWER_DRAW,S14,,CP_ALIGN_POWER
CE000005,766868,POWER_DRAW,S14,,CP_ALIGN_POWER
CE000006,770634,RFID_CHECKPOINT,S13,U000004,CP_ALIGN_RFID
CE000007,836880,RFID_CHECKPOINT,S13,U000005,CP_ALIGN_RFID
CE000008,897533,RFID_CHECKPOINT,S13,U000006,CP_ALIGN_RFID
CE000009,903111,POWER_DRAW,S14,,CP_ALIGN_POWER
CE000010,958706,RFID_CHECKPOINT,S13,U000007,CP_ALIGN_RFID
CE000011,959760,POWER_DRAW,S14,,CP_ALIGN_POWER
CE000012,1023224,POWER_DRAW,S14,,CP_ALIGN_POWER
CE000013,1026723,RFID_CHECKPOINT,S13,U000008,CP_ALIGN_RFID
CE000014,1103994,RFID_CHECKPOINT,S13,U000009,CP_ALIGN_RFID
CE000015,1175784,RFID_CHECKPOINT,S13,U000010,CP_ALIGN_RFID
CE000016,1176784,POWER_DRAW,S14,,CP_ALIGN_POWER
CE000017,1237234,RFID_CHECKPOINT,S13,U000011,CP_ALIGN_RFID
CE000018,1300927,POWER_DRAW,S14,,CP_ALIGN_POWER
CE000019,1303093,RFID_CHECKPOINT,S13,U000012,CP_ALIGN_RFID
CE000020,1359436,POWER_DRAW,S14,,CP_ALIGN_POWER
CE000021,1369904,RFID_CHECKPOINT,S13,U000013,CP_ALIGN_RFID
CE000022,1433078,RFID_CHECKPOINT,S13,U000014,CP_ALIGN_RFID
CE000023,1453923,RFID_CHECKPOINT,S30,U000001,CP_FINAL_RFID
CE000024,1491024,POWER_DRAW,S14,,CP_ALIGN_POWER
CE000025,1494850,RFID_CHECKPOINT,S13,U000015,CP_ALIGN_RFID
CE000026,1534943,RFID_CHECKPOINT,S30,U000002,CP_FINAL_RFID
CE000027,1562775,POWER_DRAW,S14,,CP_ALIGN_POWER
CE000028,1563703,RFID_CHECKPOINT,S13,U000016,CP_ALIGN_RFID
CE000029,1620272,POWER_DRAW,S14,,CP_ALIGN_POWER
CE000030,1628127,RFID_CHECKPOINT,S13,U000017,CP_ALIGN_RFID
CE000031,1636524,RFID_CHECKPOINT,S30,U000003,CP_FINAL_RFID
CE000032,1689862,POWER_DRAW,S14,,CP_ALIGN_POWER
CE000033,1693004,RFID_CHECKPOINT,S13,U000018,CP_ALIGN_RFID
CE000034,1694540,RFID_CHECKPOINT,S30,U000004,CP_FINAL_RFID
CE000035,1747620,RFID_CHECKPOINT,S13,U000019,CP_ALIGN_RFID
CE000036,1752055,POWER_DRAW,S14,,CP_ALIGN_POWER
CE000037,1754394,RFID_CHECKPOINT,S30,U000005,CP_FINAL_RFID
CE000038,1798200,POWER_DRAW,S14,,CP_ALIGN_POWER
CE000039,1802204,RFID_CHECKPOINT,S13,U000020,CP_ALIGN_RFID
CE000040,1811021,RFID_CHECKPOINT,S30,U000006,CP_FINAL_RFID
CE000041,1859401,RFID_CHECKPOINT,S30,U000007,CP_FINAL_RFID
CE000042,1864812,POWER_DRAW,S14,,CP_ALIGN_POWER
CE000043,1872162,RFID_CHECKPOINT,S13,U000021,CP_ALIGN_RFID
CE000044,1912331,RFID_CHECKPOINT,S30,U000008,CP_FINAL_RFID
CE000045,1936727,RFID_CHECKPOINT,S13,U000022,CP_ALIGN_RFID
CE000046,1939420,POWER_DRAW,S14,,CP_ALIGN_POWER
CE000047,1978968,RFID_CHECKPOINT,S30,U000009,CP_FINAL_RFID
CE000048,1992059,POWER_DRAW,S14,,CP_ALIGN_POWER
CE000049,1997363,RFID_CHECKPOINT,S13,U000023,CP_ALIGN_RFID
CE000050,2051674,RFID_CHECKPOINT,S30,U000010,CP_FINAL_RFID
CE000051,2064073,RFID_CHECKPOINT,S13,U000024,CP_ALIGN_RFID
CE000052,2122355,POWER_DRAW,S14,,CP_ALIGN_POWER
CE000053,2171441,POWER_DRAW,S14,,CP_ALIGN_POWER
CE000054,2175226,RFID_CHECKPOINT,S30,U000012,CP_FINAL_RFID
CE000055,2178491,RFID_CHECKPOINT,S13,U000026,CP_ALIGN_RFID
CE000056,2236123,RFID_CHECKPOINT,S13,U000027,CP_ALIGN_RFID
CE000057,2260842,RFID_CHECKPOINT,S30,U000013,CP_FINAL_RFID
CE000058,2290385,RFID_CHECKPOINT,S13,U000028,CP_ALIGN_RFID
CE000059,2291760,POWER_DRAW,S14,,CP_ALIGN_POWER
CE000060,2339286,RFID_CHECKPOINT,S30,U000014,CP_FINAL_RFID
CE000061,2347888,POWER_DRAW,S14,,CP_ALIGN_POWER
CE000062,2350222,RFID_CHECKPOINT,S13,U000029,CP_ALIGN_RFID
CE000063,2403537,RFID_CHECKPOINT,S13,U000030,CP_ALIGN_RFID
CE000064,2409025,RFID_CHECKPOINT,S30,U000015,CP_FINAL_RFID
CE000065,2410672,POWER_DRAW,S14,,CP_ALIGN_POWER
CE000066,2455549,POWER_DRAW,S14,,CP_ALIGN_POWER
CE000067,2465518,RFID_CHECKPOINT,S30,U000016,CP_FINAL_RFID
CE000068,2523792,RFID_CHECKPOINT,S30,U000017,CP_FINAL_RFID
CE000069,2527960,POWER_DRAW,S14,,CP_ALIGN_POWER
CE000070,2531365,RFID_CHECKPOINT,S13,U000032,CP_ALIGN_RFID
CE000071,2582880,RFID_CHECKPOINT,S30,U000018,CP_FINAL_RFID
CE000072,2594209,POWER_DRAW,S14,,CP_ALIGN_POWER
CE000073,2594320,RFID_CHECKPOINT,S13,U000033,CP_ALIGN_RFID
CE000074,2648432,RFID_CHECKPOINT,S13,U000034,CP_ALIGN_RFID
CE000075,2648859,RFID_CHECKPOINT,S30,U000019,CP_FINAL_RFID
CE000076,2655008,POWER_DRAW,S14,,CP_ALIGN_POWER
CE000077,2702215,RFID_CHECKPOINT,S13,U000035,CP_ALIGN_RFID
CE000078,2713832,POWER_DRAW,S14,,CP_ALIGN_POWER
CE000079,2713933,RFID_CHECKPOINT,S30,U000020,CP_FINAL_RFID
CE000080,2765524,RFID_CHECKPOINT,S30,U000021,CP_FINAL_RFID
CE000081,2765730,POWER_DRAW,S14,,CP_ALIGN_POWER
CE000082,2765795,RFID_CHECKPOINT,S13,U000036,CP_ALIGN_RFID
CE000083,2830552,POWER_DRAW,S14,,CP_ALIGN_POWER
CE000084,2846990,RFID_CHECKPOINT,S30,U000022,CP_FINAL_RFID
CE000085,2880237,POWER_DRAW,S14,,CP_ALIGN_POWER
CE000086,2910267,RFID_CHECKPOINT,S30,U000023,CP_FINAL_RFID
CE000087,2936127,RFID_CHECKPOINT,S13,U000039,CP_ALIGN_RFID
CE000088,2972897,RFID_CHECKPOINT,S30,U000024,CP_FINAL_RFID
CE000089,2995974,POWER_DRAW,S14,,CP_ALIGN_POWER
CE000090,3000067,RFID_CHECKPOINT,S13,U000040,CP_ALIGN_RFID
CE000091,3027245,RFID_CHECKPOINT,S30,U000025,CP_FINAL_RFID
CE000092,3065388,POWER_DRAW,S14,,CP_ALIGN_POWER
CE000093,3066551,RFID_CHECKPOINT,S13,U000041,CP_ALIGN_RFID
CE000094,3074500,RFID_CHECKPOINT,S30,U000026,CP_FINAL_RFID
CE000095,3122587,RFID_CHECKPOINT,S30,U000027,CP_FINAL_RFID
CE000096,3137654,RFID_CHECKPOINT,S13,U000042,CP_ALIGN_RFID
CE000097,3204752,RFID_CHECKPOINT,S13,U000043,CP_ALIGN_RFID
CE000098,3243736,RFID_CHECKPOINT,S30,U000028,CP_FINAL_RFID
CE000099,3263138,POWER_DRAW,S14,,CP_ALIGN_POWER
CE000100,3269608,RFID_CHECKPOINT,S13,U000044,CP_ALIGN_RFID
CE000101,3300767,RFID_CHECKPOINT,S30,U000029,CP_FINAL_RFID
CE000102,3327427,POWER_DRAW,S14,,CP_ALIGN_POWER
CE000103,3332160,RFID_CHECKPOINT,S13,U000045,CP_ALIGN_RFID
CE000104,3360277,RFID_CHECKPOINT,S30,U000030,CP_FINAL_RFID
CE000105,3387444,RFID_CHECKPOINT,S13,U000046,CP_ALIGN_RFID
CE000106,3388236,POWER_DRAW,S14,,CP_ALIGN_POWER
CE000107,3426628,RFID_CHECKPOINT,S30,U000031,CP_FINAL_RFID
CE000108,3440201,RFID_CHECKPOINT,S13,U000047,CP_ALIGN_RFID
CE000109,3446411,POWER_DRAW,S14,,CP_ALIGN_POWER
CE000110,3490240,RFID_CHECKPOINT,S30,U000032,CP_FINAL_RFID
CE000111,3492165,RFID_CHECKPOINT,S13,U000048,CP_ALIGN_RFID
CE000112,3543660,RFID_CHECKPOINT,S13,U000049,CP_ALIGN_RFID
CE000113,3547424,POWER_DRAW,S14,,CP_ALIGN_POWER
CE000114,3548092,RFID_CHECKPOINT,S30,U000033,CP_FINAL_RFID
CE000115,3597425,RFID_CHECKPOINT,S13,U000050,CP_ALIGN_RFID
CE000116,3597522,RFID_CHECKPOINT,S30,U000034,CP_FINAL_RFID
CE000117,3599708,POWER_DRAW,S14,,CP_ALIGN_POWER
CE000118,3652990,RFID_CHECKPOINT,S13,U000051,CP_ALIGN_RFID
CE000119,3653648,RFID_CHECKPOINT,S30,U000035,CP_FINAL_RFID
CE000120,3657591,POWER_DRAW,S14,,CP_ALIGN_POWER
CE000121,3710601,RFID_CHECKPOINT,S13,U000052,CP_ALIGN_RFID
CE000122,3750661,RFID_CHECKPOINT,S30,U000036,CP_FINAL_RFID
CE000123,3776157,RFID_CHECKPOINT,S13,U000053,CP_ALIGN_RFID
CE000124,3776779,POWER_DRAW,S14,,CP_ALIGN_POWER
CE000125,3816097,RFID_CHECKPOINT,S30,U000037,CP_FINAL_RFID
CE000126,3840894,POWER_DRAW,S14,,CP_ALIGN_POWER
CE000127,3841043,RFID_CHECKPOINT,S13,U000054,CP_ALIGN_RFID
CE000128,3874988,RFID_CHECKPOINT,S30,U000038,CP_FINAL_RFID
CE000129,3911955,RFID_CHECKPOINT,S13,U000055,CP_ALIGN_RFID
CE000130,3933442,RFID_CHECKPOINT,S30,U000039,CP_FINAL_RFID
CE000131,3981427,POWER_DRAW,S14,,CP_ALIGN_POWER
CE000132,3990176,RFID_CHECKPOINT,S13,U000056,CP_ALIGN_RFID
CE000133,3994090,RFID_CHECKPOINT,S30,U000040,CP_FINAL_RFID
CE000134,4052452,RFID_CHECKPOINT,S30,U000041,CP_FINAL_RFID
CE000135,4054538,RFID_CHECKPOINT,S13,U000057,CP_ALIGN_RFID
CE000136,4104898,RFID_CHECKPOINT,S13,U000058,CP_ALIGN_RFID
CE000137,4107732,RFID_CHECKPOINT,S30,U000042,CP_FINAL_RFID
CE000138,4108347,POWER_DRAW,S14,,CP_ALIGN_POWER
CE000139,4160140,RFID_CHECKPOINT,S13,U000059,CP_ALIGN_RFID
CE000140,4164097,RFID_CHECKPOINT,S30,U000043,CP_FINAL_RFID
CE000141,4215846,RFID_CHECKPOINT,S13,U000060,CP_ALIGN_RFID
CE000142,4220312,POWER_DRAW,S14,,CP_ALIGN_POWER
CE000143,4223211,RFID_CHECKPOINT,S30,U000044,CP_FINAL_RFID
CE000144,4264635,RFID_CHECKPOINT,S13,U000061,CP_ALIGN_RFID
CE000145,4270246,POWER_DRAW,S14,,CP_ALIGN_POWER
CE000146,4276480,RFID_CHECKPOINT,S30,U000045,CP_FINAL_RFID
CE000147,4321718,RFID_CHECKPOINT,S13,U000062,CP_ALIGN_RFID
CE000148,4328728,RFID_CHECKPOINT,S30,U000046,CP_FINAL_RFID
CE000149,4374439,RFID_CHECKPOINT,S30,U000047,CP_FINAL_RFID
CE000150,4383099,POWER_DRAW,S14,,CP_ALIGN_POWER
CE000151,4386592,RFID_CHECKPOINT,S13,U000063,CP_ALIGN_RFID
CE000152,4426825,RFID_CHECKPOINT,S30,U000048,CP_FINAL_RFID
CE000153,4440104,POWER_DRAW,S14,,CP_ALIGN_POWER
CE000154,4443822,RFID_CHECKPOINT,S13,U000064,CP_ALIGN_RFID
CE000155,4507372,RFID_CHECKPOINT,S13,U000065,CP_ALIGN_RFID
CE000156,4510036,POWER_DRAW,S14,,CP_ALIGN_POWER
CE000157,4513886,RFID_CHECKPOINT,S30,U000049,CP_FINAL_RFID
CE000158,4571371,POWER_DRAW,S14,,CP_ALIGN_POWER
CE000159,4571744,RFID_CHECKPOINT,S13,U000066,CP_ALIGN_RFID
CE000160,4573967,RFID_CHECKPOINT,S30,U000050,CP_FINAL_RFID
CE000161,4630212,RFID_CHECKPOINT,S13,U000067,CP_ALIGN_RFID
CE000162,4632849,POWER_DRAW,S14,,CP_ALIGN_POWER
CE000163,4661139,RFID_CHECKPOINT,S30,U000051,CP_FINAL_RFID
CE000164,4691586,POWER_DRAW,S14,,CP_ALIGN_POWER
CE000165,4692243,RFID_CHECKPOINT,S13,U000068,CP_ALIGN_RFID
CE000166,4717236,RFID_CHECKPOINT,S30,U000052,CP_FINAL_RFID
CE000167,4752696,RFID_CHECKPOINT,S13,U000069,CP_ALIGN_RFID
CE000168,4755454,POWER_DRAW,S14,,CP_ALIGN_POWER
CE000169,4783638,RFID_CHECKPOINT,S30,U000053,CP_FINAL_RFID
CE000170,4804509,RFID_CHECKPOINT,S13,U000070,CP_ALIGN_RFID
CE000171,4848377,RFID_CHECKPOINT,S30,U000054,CP_FINAL_RFID
CE000172,4857119,RFID_CHECKPOINT,S13,U000071,CP_ALIGN_RFID
CE000173,4874029,POWER_DRAW,S14,,CP_ALIGN_POWER
CE000174,4904469,RFID_CHECKPOINT,S30,U000055,CP_FINAL_RFID
CE000175,4911765,RFID_CHECKPOINT,S13,U000072,CP_ALIGN_RFID
CE000176,4924352,POWER_DRAW,S14,,CP_ALIGN_POWER
CE000177,4955499,RFID_CHECKPOINT,S30,U000056,CP_FINAL_RFID
CE000178,4974940,RFID_CHECKPOINT,S13,U000073,CP_ALIGN_RFID
CE000179,4978251,POWER_DRAW,S14,,CP_ALIGN_POWER
CE000180,5017856,RFID_CHECKPOINT,S30,U000057,CP_FINAL_RFID
CE000181,5042043,RFID_CHECKPOINT,S13,U000074,CP_ALIGN_RFID
CE000182,5045148,POWER_DRAW,S14,,CP_ALIGN_POWER
CE000183,5085836,RFID_CHECKPOINT,S30,U000058,CP_FINAL_RFID
CE000184,5098696,RFID_CHECKPOINT,S13,U000075,CP_ALIGN_RFID
CE000185,5103224,POWER_DRAW,S14,,CP_ALIGN_POWER
CE000186,5150768,POWER_DRAW,S14,,CP_ALIGN_POWER
CE000187,5165068,RFID_CHECKPOINT,S13,U000076,CP_ALIGN_RFID
CE000188,5211800,RFID_CHECKPOINT,S30,U000060,CP_FINAL_RFID
CE000189,5233317,RFID_CHECKPOINT,S13,U000077,CP_ALIGN_RFID
CE000190,5239963,POWER_DRAW,S14,,CP_ALIGN_POWER
CE000191,5290282,POWER_DRAW,S14,,CP_ALIGN_POWER
CE000192,5291772,RFID_CHECKPOINT,S30,U000061,CP_FINAL_RFID
CE000193,5292244,RFID_CHECKPOINT,S13,U000078,CP_ALIGN_RFID
CE000194,5355455,RFID_CHECKPOINT,S13,U000079,CP_ALIGN_RFID
CE000195,5357438,POWER_DRAW,S14,,CP_ALIGN_POWER
CE000196,5375197,RFID_CHECKPOINT,S30,U000062,CP_FINAL_RFID
CE000197,5411281,POWER_DRAW,S14,,CP_ALIGN_POWER
CE000198,5413195,RFID_CHECKPOINT,S13,U000080,CP_ALIGN_RFID
CE000199,5438602,RFID_CHECKPOINT,S30,U000063,CP_FINAL_RFID
CE000200,5472685,POWER_DRAW,S14,,CP_ALIGN_POWER
CE000201,5477303,RFID_CHECKPOINT,S13,U000081,CP_ALIGN_RFID
CE000202,5497978,RFID_CHECKPOINT,S30,U000064,CP_FINAL_RFID
CE000203,5533415,POWER_DRAW,S14,,CP_ALIGN_POWER
CE000204,5585276,RFID_CHECKPOINT,S30,U000065,CP_FINAL_RFID
CE000205,5586466,POWER_DRAW,S14,,CP_ALIGN_POWER
CE000206,5590464,RFID_CHECKPOINT,S13,U000083,CP_ALIGN_RFID
CE000207,5647741,RFID_CHECKPOINT,S13,U000084,CP_ALIGN_RFID
CE000208,5649888,POWER_DRAW,S14,,CP_ALIGN_POWER
CE000209,5676890,RFID_CHECKPOINT,S30,U000066,CP_FINAL_RFID
CE000210,5701460,RFID_CHECKPOINT,S13,U000085,CP_ALIGN_RFID
CE000211,5704175,POWER_DRAW,S14,,CP_ALIGN_POWER
CE000212,5739957,RFID_CHECKPOINT,S30,U000067,CP_FINAL_RFID
CE000213,5765339,RFID_CHECKPOINT,S13,U000086,CP_ALIGN_RFID
CE000214,5766849,POWER_DRAW,S14,,CP_ALIGN_POWER
CE000215,5797261,RFID_CHECKPOINT,S30,U000068,CP_FINAL_RFID
CE000216,5832072,POWER_DRAW,S14,,CP_ALIGN_POWER
CE000217,5842968,RFID_CHECKPOINT,S13,U000087,CP_ALIGN_RFID
CE000218,5851728,RFID_CHECKPOINT,S30,U000069,CP_FINAL_RFID
CE000219,5899860,RFID_CHECKPOINT,S30,U000070,CP_FINAL_RFID
CE000220,5913599,RFID_CHECKPOINT,S13,U000088,CP_ALIGN_RFID
CE000221,5913968,POWER_DRAW,S14,,CP_ALIGN_POWER
CE000222,5964068,RFID_CHECKPOINT,S13,U000089,CP_ALIGN_RFID
CE000223,5971192,POWER_DRAW,S14,,CP_ALIGN_POWER
CE000224,5979655,RFID_CHECKPOINT,S30,U000071,CP_FINAL_RFID
CE000225,6012479,RFID_CHECKPOINT,S13,U000090,CP_ALIGN_RFID
CE000226,6020982,POWER_DRAW,S14,,CP_ALIGN_POWER
CE000227,6049472,RFID_CHECKPOINT,S30,U000072,CP_FINAL_RFID
CE000228,6069696,POWER_DRAW,S14,,CP_ALIGN_POWER
CE000229,6072912,RFID_CHECKPOINT,S13,U000091,CP_ALIGN_RFID
CE000230,6135338,POWER_DRAW,S14,,CP_ALIGN_POWER
CE000231,6147358,RFID_CHECKPOINT,S13,U000092,CP_ALIGN_RFID
CE000232,6182685,RFID_CHECKPOINT,S30,U000074,CP_FINAL_RFID
CE000233,6211524,RFID_CHECKPOINT,S13,U000093,CP_ALIGN_RFID
CE000234,6217486,POWER_DRAW,S14,,CP_ALIGN_POWER
CE000235,6249763,RFID_CHECKPOINT,S30,U000075,CP_FINAL_RFID
CE000236,6256595,RFID_CHECKPOINT,S13,U000094,CP_ALIGN_RFID
CE000237,6302841,RFID_CHECKPOINT,S13,U000095,CP_ALIGN_RFID
CE000238,6303604,POWER_DRAW,S14,,CP_ALIGN_POWER
CE000239,6324285,RFID_CHECKPOINT,S30,U000076,CP_FINAL_RFID
CE000240,6359952,RFID_CHECKPOINT,S13,U000096,CP_ALIGN_RFID
CE000241,6391250,RFID_CHECKPOINT,S30,U000077,CP_FINAL_RFID
CE000242,6417324,POWER_DRAW,S14,,CP_ALIGN_POWER
CE000243,6426110,RFID_CHECKPOINT,S13,U000097,CP_ALIGN_RFID
CE000244,6452219,RFID_CHECKPOINT,S30,U000078,CP_FINAL_RFID
CE000245,6480608,RFID_CHECKPOINT,S13,U000098,CP_ALIGN_RFID
CE000246,6489387,POWER_DRAW,S14,,CP_ALIGN_POWER
CE000247,6516238,RFID_CHECKPOINT,S30,U000079,CP_FINAL_RFID
CE000248,6521799,RFID_CHECKPOINT,S13,U000099,CP_ALIGN_RFID
CE000249,6532947,POWER_DRAW,S14,,CP_ALIGN_POWER
CE000250,6576244,RFID_CHECKPOINT,S13,U000100,CP_ALIGN_RFID
CE000251,6579685,RFID_CHECKPOINT,S30,U000080,CP_FINAL_RFID
CE000252,6633702,RFID_CHECKPOINT,S13,U000101,CP_ALIGN_RFID
CE000253,6644109,RFID_CHECKPOINT,S30,U000081,CP_FINAL_RFID
CE000254,6687694,RFID_CHECKPOINT,S13,U000102,CP_ALIGN_RFID
CE000255,6687714,POWER_DRAW,S14,,CP_ALIGN_POWER
CE000256,6723874,RFID_CHECKPOINT,S30,U000082,CP_FINAL_RFID
CE000257,6752696,RFID_CHECKPOINT,S13,U000103,CP_ALIGN_RFID
CE000258,6788618,RFID_CHECKPOINT,S30,U000083,CP_FINAL_RFID
CE000259,6818904,RFID_CHECKPOINT,S13,U000104,CP_ALIGN_RFID
CE000260,6822172,POWER_DRAW,S14,,CP_ALIGN_POWER
CE000261,6851928,RFID_CHECKPOINT,S30,U000084,CP_FINAL_RFID
CE000262,6876550,POWER_DRAW,S14,,CP_ALIGN_POWER
CE000263,6879823,RFID_CHECKPOINT,S13,U000105,CP_ALIGN_RFID
CE000264,6918872,RFID_CHECKPOINT,S30,U000085,CP_FINAL_RFID
CE000265,6939901,POWER_DRAW,S14,,CP_ALIGN_POWER
CE000266,6945982,RFID_CHECKPOINT,S13,U000106,CP_ALIGN_RFID
CE000267,6979875,RFID_CHECKPOINT,S30,U000086,CP_FINAL_RFID
CE000268,7007251,RFID_CHECKPOINT,S13,U000107,CP_ALIGN_RFID
CE000269,7012866,POWER_DRAW,S14,,CP_ALIGN_POWER
CE000270,7025585,RFID_CHECKPOINT,S30,U000087,CP_FINAL_RFID
CE000271,7060783,POWER_DRAW,S14,,CP_ALIGN_POWER
CE000272,7067385,RFID_CHECKPOINT,S13,U000108,CP_ALIGN_RFID
CE000273,7078309,RFID_CHECKPOINT,S30,U000088,CP_FINAL_RFID
CE000274,7128522,RFID_CHECKPOINT,S13,U000109,CP_ALIGN_RFID
CE000275,7136776,RFID_CHECKPOINT,S30,U000089,CP_FINAL_RFID
CE000276,7180429,POWER_DRAW,S14,,CP_ALIGN_POWER
CE000277,7184386,RFID_CHECKPOINT,S13,U000110,CP_ALIGN_RFID
CE000278,7194586,RFID_CHECKPOINT,S30,U000090,CP_FINAL_RFID
CE000279,7239985,POWER_DRAW,S14,,CP_ALIGN_POWER
CE000280,7242494,RFID_CHECKPOINT,S13,U000111,CP_ALIGN_RFID
CE000281,7254934,RFID_CHECKPOINT,S30,U000091,CP_FINAL_RFID
CE000282,7295651,POWER_DRAW,S14,,CP_ALIGN_POWER
CE000283,7303783,RFID_CHECKPOINT,S13,U000112,CP_ALIGN_RFID
CE000284,7361535,RFID_CHECKPOINT,S13,U000113,CP_ALIGN_RFID
CE000285,7363340,RFID_CHECKPOINT,S30,U000092,CP_FINAL_RFID
CE000286,7368467,POWER_DRAW,S14,,CP_ALIGN_POWER
CE000287,7414404,RFID_CHECKPOINT,S13,U000114,CP_ALIGN_RFID
CE000288,7422328,POWER_DRAW,S14,,CP_ALIGN_POWER
CE000289,7443569,RFID_CHECKPOINT,S30,U000093,CP_FINAL_RFID
CE000290,7472983,POWER_DRAW,S14,,CP_ALIGN_POWER
CE000291,7478943,RFID_CHECKPOINT,S13,U000115,CP_ALIGN_RFID
CE000292,7502501,RFID_CHECKPOINT,S30,U000094,CP_FINAL_RFID
CE000293,7540908,RFID_CHECKPOINT,S13,U000116,CP_ALIGN_RFID
CE000294,7545920,POWER_DRAW,S14,,CP_ALIGN_POWER
CE000295,7558653,RFID_CHECKPOINT,S30,U000095,CP_FINAL_RFID
CE000296,7598519,POWER_DRAW,S14,,CP_ALIGN_POWER
CE000297,7600424,RFID_CHECKPOINT,S13,U000117,CP_ALIGN_RFID
CE000298,7620453,RFID_CHECKPOINT,S30,U000096,CP_FINAL_RFID
CE000299,7658238,RFID_CHECKPOINT,S13,U000118,CP_ALIGN_RFID
CE000300,7665144,POWER_DRAW,S14,,CP_ALIGN_POWER
CE000301,7675359,RFID_CHECKPOINT,S30,U000097,CP_FINAL_RFID
CE000302,7709550,RFID_CHECKPOINT,S13,U000119,CP_ALIGN_RFID
CE000303,7713250,POWER_DRAW,S14,,CP_ALIGN_POWER
CE000304,7724191,RFID_CHECKPOINT,S30,U000098,CP_FINAL_RFID
CE000305,7764794,POWER_DRAW,S14,,CP_ALIGN_POWER
CE000306,7770253,RFID_CHECKPOINT,S13,U000120,CP_ALIGN_RFID
CE000307,7785235,RFID_CHECKPOINT,S30,U000099,CP_FINAL_RFID
CE000308,7836125,RFID_CHECKPOINT,S30,U000100,CP_FINAL_RFID
CE000309,7842447,POWER_DRAW,S14,,CP_ALIGN_POWER
CE000310,7842472,RFID_CHECKPOINT,S13,U000121,CP_ALIGN_RFID
CE000311,7907681,RFID_CHECKPOINT,S30,U000101,CP_FINAL_RFID
CE000312,7914257,RFID_CHECKPOINT,S13,U000122,CP_ALIGN_RFID
CE000313,7964792,RFID_CHECKPOINT,S30,U000102,CP_FINAL_RFID
CE000314,7973843,RFID_CHECKPOINT,S13,U000123,CP_ALIGN_RFID
CE000315,7974598,POWER_DRAW,S14,,CP_ALIGN_POWER
CE000316,8014125,RFID_CHECKPOINT,S30,U000103,CP_FINAL_RFID
CE000317,8030931,RFID_CHECKPOINT,S13,U000124,CP_ALIGN_RFID
CE000318,8082304,RFID_CHECKPOINT,S30,U000104,CP_FINAL_RFID
CE000319,8088227,POWER_DRAW,S14,,CP_ALIGN_POWER
CE000320,8140016,POWER_DRAW,S14,,CP_ALIGN_POWER
CE000321,8152658,RFID_CHECKPOINT,S13,U000126,CP_ALIGN_RFID
CE000322,8175835,RFID_CHECKPOINT,S30,U000105,CP_FINAL_RFID
CE000323,8228157,RFID_CHECKPOINT,S30,U000106,CP_FINAL_RFID
CE000324,8234954,RFID_CHECKPOINT,S13,U000127,CP_ALIGN_RFID
CE000325,8281107,RFID_CHECKPOINT,S30,U000107,CP_FINAL_RFID
CE000326,8295210,POWER_DRAW,S14,,CP_ALIGN_POWER
CE000327,8295363,RFID_CHECKPOINT,S13,U000128,CP_ALIGN_RFID
CE000328,8343420,RFID_CHECKPOINT,S30,U000108,CP_FINAL_RFID
CE000329,8409709,RFID_CHECKPOINT,S30,U000109,CP_FINAL_RFID
CE000330,8414799,POWER_DRAW,S14,,CP_ALIGN_POWER
CE000331,8484209,RFID_CHECKPOINT,S30,U000110,CP_FINAL_RFID
CE000332,8497162,POWER_DRAW,S14,,CP_ALIGN_POWER
CE000333,8497840,RFID_CHECKPOINT,S13,U000131,CP_ALIGN_RFID
CE000334,8550855,RFID_CHECKPOINT,S30,U000111,CP_FINAL_RFID
CE000335,8563053,POWER_DRAW,S14,,CP_ALIGN_POWER
CE000336,8571862,RFID_CHECKPOINT,S13,U000132,CP_ALIGN_RFID
CE000337,8615705,RFID_CHECKPOINT,S30,U000112,CP_FINAL_RFID
CE000338,8635479,POWER_DRAW,S14,,CP_ALIGN_POWER
CE000339,8646137,RFID_CHECKPOINT,S13,U000133,CP_ALIGN_RFID
CE000340,8693649,RFID_CHECKPOINT,S30,U000113,CP_FINAL_RFID
CE000341,8714450,RFID_CHECKPOINT,S13,U000134,CP_ALIGN_RFID
CE000342,8716604,POWER_DRAW,S14,,CP_ALIGN_POWER
CE000343,8751360,RFID_CHECKPOINT,S30,U000114,CP_FINAL_RFID
CE000344,8816466,RFID_CHECKPOINT,S30,U000115,CP_FINAL_RFID
CE000345,8843824,RFID_CHECKPOINT,S13,U000136,CP_ALIGN_RFID
CE000346,8881526,RFID_CHECKPOINT,S30,U000116,CP_FINAL_RFID
CE000347,8943935,RFID_CHECKPOINT,S30,U000117,CP_FINAL_RFID
CE000348,8969216,RFID_CHECKPOINT,S13,U000138,CP_ALIGN_RFID
CE000349,8974487,POWER_DRAW,S14,,CP_ALIGN_POWER
CE000350,8995363,RFID_CHECKPOINT,S30,U000118,CP_FINAL_RFID
CE000351,9020910,POWER_DRAW,S14,,CP_ALIGN_POWER
CE000352,9025537,RFID_CHECKPOINT,S13,U000139,CP_ALIGN_RFID
CE000353,9056174,RFID_CHECKPOINT,S30,U000119,CP_FINAL_RFID
CE000354,9080031,RFID_CHECKPOINT,S13,U000140,CP_ALIGN_RFID
CE000355,9086866,POWER_DRAW,S14,,CP_ALIGN_POWER
CE000356,9122614,RFID_CHECKPOINT,S30,U000120,CP_FINAL_RFID
CE000357,9138304,POWER_DRAW,S14,,CP_ALIGN_POWER
CE000358,9140750,RFID_CHECKPOINT,S13,U000141,CP_ALIGN_RFID
CE000359,9202787,RFID_CHECKPOINT,S30,U000121,CP_FINAL_RFID
CE000360,9205196,RFID_CHECKPOINT,S13,U000142,CP_ALIGN_RFID
CE000361,9209082,POWER_DRAW,S14,,CP_ALIGN_POWER
CE000362,9267765,RFID_CHECKPOINT,S30,U000122,CP_FINAL_RFID
CE000363,9318819,RFID_CHECKPOINT,S30,U000123,CP_FINAL_RFID
CE000364,9325022,POWER_DRAW,S14,,CP_ALIGN_POWER
CE000365,9331558,RFID_CHECKPOINT,S13,U000144,CP_ALIGN_RFID
CE000366,9374107,RFID_CHECKPOINT,S30,U000124,CP_FINAL_RFID
CE000367,9393974,RFID_CHECKPOINT,S13,U000145,CP_ALIGN_RFID
CE000368,9425165,RFID_CHECKPOINT,S30,U000125,CP_FINAL_RFID
CE000369,9444290,RFID_CHECKPOINT,S13,U000146,CP_ALIGN_RFID
CE000370,9497539,RFID_CHECKPOINT,S13,U000147,CP_ALIGN_RFID
CE000371,9501808,POWER_DRAW,S14,,CP_ALIGN_POWER
CE000372,9506349,RFID_CHECKPOINT,S30,U000126,CP_FINAL_RFID
CE000373,9558651,POWER_DRAW,S14,,CP_ALIGN_POWER
CE000374,9567535,RFID_CHECKPOINT,S13,U000148,CP_ALIGN_RFID
CE000375,9572017,RFID_CHECKPOINT,S30,U000127,CP_FINAL_RFID
CE000376,9626930,RFID_CHECKPOINT,S30,U000128,CP_FINAL_RFID
CE000377,9639334,RFID_CHECKPOINT,S13,U000149,CP_ALIGN_RFID
CE000378,9648792,POWER_DRAW,S14,,CP_ALIGN_POWER
CE000379,9695958,RFID_CHECKPOINT,S13,U000150,CP_ALIGN_RFID
CE000380,9702745,RFID_CHECKPOINT,S30,U000129,CP_FINAL_RFID
CE000381,9703966,POWER_DRAW,S14,,CP_ALIGN_POWER
CE000382,9757674,RFID_CHECKPOINT,S13,U000151,CP_ALIGN_RFID
CE000383,9758317,RFID_CHECKPOINT,S30,U000130,CP_FINAL_RFID
CE000384,9758748,POWER_DRAW,S14,,CP_ALIGN_POWER
CE000385,9815606,RFID_CHECKPOINT,S30,U000131,CP_FINAL_RFID
CE000386,9816096,RFID_CHECKPOINT,S13,U000152,CP_ALIGN_RFID
CE000387,9819365,POWER_DRAW,S14,,CP_ALIGN_POWER
CE000388,9867790,POWER_DRAW,S14,,CP_ALIGN_POWER
CE000389,9870085,RFID_CHECKPOINT,S13,U000153,CP_ALIGN_RFID
CE000390,9880256,RFID_CHECKPOINT,S30,U000132,CP_FINAL_RFID
CE000391,9932536,RFID_CHECKPOINT,S13,U000154,CP_ALIGN_RFID
CE000392,9934076,RFID_CHECKPOINT,S30,U000133,CP_FINAL_RFID
CE000393,9994096,RFID_CHECKPOINT,S13,U000155,CP_ALIGN_RFID
CE000394,9997109,POWER_DRAW,S14,,CP_ALIGN_POWER
CE000395,10001429,RFID_CHECKPOINT,S30,U000134,CP_FINAL_RFID
CE000396,10051862,POWER_DRAW,S14,,CP_ALIGN_POWER
CE000397,10069418,RFID_CHECKPOINT,S30,U000135,CP_FINAL_RFID
CE000398,10115025,POWER_DRAW,S14,,CP_ALIGN_POWER
CE000399,10122355,RFID_CHECKPOINT,S13,U000157,CP_ALIGN_RFID
CE000400,10155413,RFID_CHECKPOINT,S30,U000136,CP_FINAL_RFID
CE000401,10181838,POWER_DRAW,S14,,CP_ALIGN_POWER
CE000402,10188060,RFID_CHECKPOINT,S13,U000158,CP_ALIGN_RFID
CE000403,10208151,RFID_CHECKPOINT,S30,U000137,CP_FINAL_RFID
CE000404,10251283,POWER_DRAW,S14,,CP_ALIGN_POWER
CE000405,10263305,RFID_CHECKPOINT,S13,U000159,CP_ALIGN_RFID
CE000406,10272123,RFID_CHECKPOINT,S30,U000138,CP_FINAL_RFID
CE000407,10329927,POWER_DRAW,S14,,CP_ALIGN_POWER
CE000408,10335228,RFID_CHECKPOINT,S13,U000160,CP_ALIGN_RFID
CE000409,10337153,RFID_CHECKPOINT,S30,U000139,CP_FINAL_RFID
CE000410,10386474,RFID_CHECKPOINT,S13,U000161,CP_ALIGN_RFID
CE000411,10390884,RFID_CHECKPOINT,S30,U000140,CP_FINAL_RFID
CE000412,10397018,POWER_DRAW,S14,,CP_ALIGN_POWER
CE000413,10434090,RFID_CHECKPOINT,S13,U000162,CP_ALIGN_RFID
CE000414,10440798,RFID_CHECKPOINT,S30,U000141,CP_FINAL_RFID
CE000415,10450439,POWER_DRAW,S14,,CP_ALIGN_POWER
CE000416,10507106,POWER_DRAW,S14,,CP_ALIGN_POWER
CE000417,10507971,RFID_CHECKPOINT,S13,U000163,CP_ALIGN_RFID
CE000418,10508954,RFID_CHECKPOINT,S30,U000142,CP_FINAL_RFID
CE000419,10576424,RFID_CHECKPOINT,S30,U000143,CP_FINAL_RFID
CE000420,10582999,POWER_DRAW,S14,,CP_ALIGN_POWER
CE000421,10583540,RFID_CHECKPOINT,S13,U000164,CP_ALIGN_RFID
CE000422,10639527,RFID_CHECKPOINT,S30,U000144,CP_FINAL_RFID
CE000423,10645981,POWER_DRAW,S14,,CP_ALIGN_POWER
CE000424,10647512,RFID_CHECKPOINT,S13,U000165,CP_ALIGN_RFID
CE000425,10703574,RFID_CHECKPOINT,S30,U000145,CP_FINAL_RFID
CE000426,10714471,POWER_DRAW,S14,,CP_ALIGN_POWER
CE000427,10714815,RFID_CHECKPOINT,S13,U000166,CP_ALIGN_RFID
CE000428,10763930,RFID_CHECKPOINT,S30,U000146,CP_FINAL_RFID
CE000429,10770297,RFID_CHECKPOINT,S13,U000167,CP_ALIGN_RFID
CE000430,10776373,POWER_DRAW,S14,,CP_ALIGN_POWER
CE000431,10823597,RFID_CHECKPOINT,S30,U000147,CP_FINAL_RFID
CE000432,10823903,RFID_CHECKPOINT,S13,U000168,CP_ALIGN_RFID
CE000433,10828145,POWER_DRAW,S14,,CP_ALIGN_POWER
CE000434,10880278,RFID_CHECKPOINT,S13,U000169,CP_ALIGN_RFID
CE000435,10881820,RFID_CHECKPOINT,S30,U000148,CP_FINAL_RFID
CE000436,10882723,POWER_DRAW,S14,,CP_ALIGN_POWER
CE000437,10932937,POWER_DRAW,S14,,CP_ALIGN_POWER
CE000438,10997740,POWER_DRAW,S14,,CP_ALIGN_POWER
CE000439,10997765,RFID_CHECKPOINT,S13,U000171,CP_ALIGN_RFID
CE000440,11010416,RFID_CHECKPOINT,S30,U000150,CP_FINAL_RFID
CE000441,11053605,RFID_CHECKPOINT,S13,U000172,CP_ALIGN_RFID
CE000442,11055789,POWER_DRAW,S14,,CP_ALIGN_POWER
CE000443,11070020,RFID_CHECKPOINT,S30,U000151,CP_FINAL_RFID
CE000444,11103366,POWER_DRAW,S14,,CP_ALIGN_POWER
CE000445,11108488,RFID_CHECKPOINT,S13,U000173,CP_ALIGN_RFID
CE000446,11154821,RFID_CHECKPOINT,S30,U000152,CP_FINAL_RFID
CE000447,11162219,RFID_CHECKPOINT,S13,U000174,CP_ALIGN_RFID
CE000448,11208935,RFID_CHECKPOINT,S30,U000153,CP_FINAL_RFID
CE000449,11214829,RFID_CHECKPOINT,S13,U000175,CP_ALIGN_RFID
CE000450,11228204,POWER_DRAW,S14,,CP_ALIGN_POWER
CE000451,11269707,RFID_CHECKPOINT,S30,U000154,CP_FINAL_RFID
CE000452,11275089,RFID_CHECKPOINT,S13,U000176,CP_ALIGN_RFID
CE000453,11279318,POWER_DRAW,S14,,CP_ALIGN_POWER
CE000454,11323341,POWER_DRAW,S14,,CP_ALIGN_POWER
CE000455,11330312,RFID_CHECKPOINT,S13,U000177,CP_ALIGN_RFID
CE000456,11340130,RFID_CHECKPOINT,S30,U000155,CP_FINAL_RFID
CE000457,11398052,RFID_CHECKPOINT,S13,U000178,CP_ALIGN_RFID
CE000458,11401555,RFID_CHECKPOINT,S30,U000156,CP_FINAL_RFID
CE000459,11458538,RFID_CHECKPOINT,S30,U000157,CP_FINAL_RFID
CE000460,11466338,POWER_DRAW,S14,,CP_ALIGN_POWER
CE000461,11479806,RFID_CHECKPOINT,S13,U000179,CP_ALIGN_RFID
CE000462,11523720,RFID_CHECKPOINT,S30,U000158,CP_FINAL_RFID
CE000463,11559787,RFID_CHECKPOINT,S13,U000180,CP_ALIGN_RFID
CE000464,11583176,RFID_CHECKPOINT,S30,U000159,CP_FINAL_RFID
CE000465,11616656,RFID_CHECKPOINT,S13,U000181,CP_ALIGN_RFID
CE000466,11624021,POWER_DRAW,S14,,CP_ALIGN_POWER
CE000467,11647131,RFID_CHECKPOINT,S30,U000160,CP_FINAL_RFID
CE000468,11665571,RFID_CHECKPOINT,S13,U000182,CP_ALIGN_RFID
CE000469,11673594,POWER_DRAW,S14,,CP_ALIGN_POWER
CE000470,11722471,RFID_CHECKPOINT,S13,U000183,CP_ALIGN_RFID
CE000471,11722840,POWER_DRAW,S14,,CP_ALIGN_POWER
CE000472,11776120,POWER_DRAW,S14,,CP_ALIGN_POWER
CE000473,11780143,RFID_CHECKPOINT,S30,U000161,CP_FINAL_RFID
CE000474,11787458,RFID_CHECKPOINT,S13,U000184,CP_ALIGN_RFID
CE000475,11836216,RFID_CHECKPOINT,S30,U000162,CP_FINAL_RFID
CE000476,11852806,RFID_CHECKPOINT,S13,U000185,CP_ALIGN_RFID
CE000477,11855707,POWER_DRAW,S14,,CP_ALIGN_POWER
CE000478,11895386,RFID_CHECKPOINT,S30,U000163,CP_FINAL_RFID
CE000479,11913888,POWER_DRAW,S14,,CP_ALIGN_POWER
CE000480,11920284,RFID_CHECKPOINT,S13,U000186,CP_ALIGN_RFID
CE000481,11964172,RFID_CHECKPOINT,S30,U000164,CP_FINAL_RFID
CE000482,11999935,POWER_DRAW,S14,,CP_ALIGN_POWER
CE000483,12000484,RFID_CHECKPOINT,S13,U000187,CP_ALIGN_RFID
CE000484,12026856,RFID_CHECKPOINT,S30,U000165,CP_FINAL_RFID
CE000485,12071717,RFID_CHECKPOINT,S13,U000188,CP_ALIGN_RFID
CE000486,12072286,POWER_DRAW,S14,,CP_ALIGN_POWER
CE000487,12090911,RFID_CHECKPOINT,S30,U000166,CP_FINAL_RFID
CE000488,12134361,POWER_DRAW,S14,,CP_ALIGN_POWER
CE000489,12137869,RFID_CHECKPOINT,S13,U000189,CP_ALIGN_RFID
CE000490,12153723,RFID_CHECKPOINT,S30,U000167,CP_FINAL_RFID
CE000491,12198909,POWER_DRAW,S14,,CP_ALIGN_POWER
CE000492,12207538,RFID_CHECKPOINT,S30,U000168,CP_FINAL_RFID
CE000493,12233971,RFID_CHECKPOINT,S13,U000191,CP_ALIGN_RFID
CE000494,12243516,POWER_DRAW,S14,,CP_ALIGN_POWER
CE000495,12254612,RFID_CHECKPOINT,S30,U000169,CP_FINAL_RFID
CE000496,12291570,RFID_CHECKPOINT,S13,U000192,CP_ALIGN_RFID
CE000497,12292357,POWER_DRAW,S14,,CP_ALIGN_POWER
CE000498,12367331,RFID_CHECKPOINT,S13,U000193,CP_ALIGN_RFID
CE000499,12410105,RFID_CHECKPOINT,S30,U000171,CP_FINAL_RFID
CE000500,12437986,POWER_DRAW,S14,,CP_ALIGN_POWER
CE000501,12443978,RFID_CHECKPOINT,S13,U000194,CP_ALIGN_RFID
CE000502,12504267,RFID_CHECKPOINT,S30,U000172,CP_FINAL_RFID
CE000503,12522600,RFID_CHECKPOINT,S13,U000195,CP_ALIGN_RFID
CE000504,12567025,RFID_CHECKPOINT,S30,U000173,CP_FINAL_RFID
CE000505,12597071,POWER_DRAW,S14,,CP_ALIGN_POWER
CE000506,12599739,RFID_CHECKPOINT,S13,U000196,CP_ALIGN_RFID
CE000507,12626046,RFID_CHECKPOINT,S30,U000174,CP_FINAL_RFID
CE000508,12652486,POWER_DRAW,S14,,CP_ALIGN_POWER
CE000509,12697270,RFID_CHECKPOINT,S13,U000198,CP_ALIGN_RFID
CE000510,12697997,POWER_DRAW,S14,,CP_ALIGN_POWER
CE000511,12759104,RFID_CHECKPOINT,S13,U000199,CP_ALIGN_RFID
CE000512,12760134,POWER_DRAW,S14,,CP_ALIGN_POWER
CE000513,12764628,RFID_CHECKPOINT,S30,U000176,CP_FINAL_RFID
CE000514,12818336,RFID_CHECKPOINT,S13,U000200,CP_ALIGN_RFID
CE000515,12858244,RFID_CHECKPOINT,S30,U000177,CP_FINAL_RFID
CE000516,12869589,POWER_DRAW,S14,,CP_ALIGN_POWER
CE000517,12871015,RFID_CHECKPOINT,S13,U000201,CP_ALIGN_RFID
CE000518,12923430,RFID_CHECKPOINT,S13,U000202,CP_ALIGN_RFID
CE000519,12927119,POWER_DRAW,S14,,CP_ALIGN_POWER
CE000520,12955689,RFID_CHECKPOINT,S30,U000178,CP_FINAL_RFID
CE000521,12977781,POWER_DRAW,S14,,CP_ALIGN_POWER
CE000522,12983491,RFID_CHECKPOINT,S13,U000203,CP_ALIGN_RFID
CE000523,13046694,RFID_CHECKPOINT,S30,U000179,CP_FINAL_RFID
CE000524,13046779,RFID_CHECKPOINT,S13,U000204,CP_ALIGN_RFID
CE000525,13047153,POWER_DRAW,S14,,CP_ALIGN_POWER
CE000526,13098326,RFID_CHECKPOINT,S13,U000205,CP_ALIGN_RFID
CE000527,13104188,POWER_DRAW,S14,,CP_ALIGN_POWER
CE000528,13149386,POWER_DRAW,S14,,CP_ALIGN_POWER
CE000529,13154481,RFID_CHECKPOINT,S13,U000206,CP_ALIGN_RFID
CE000530,13162510,RFID_CHECKPOINT,S30,U000180,CP_FINAL_RFID
CE000531,13210548,RFID_CHECKPOINT,S13,U000207,CP_ALIGN_RFID
CE000532,13216627,POWER_DRAW,S14,,CP_ALIGN_POWER
CE000533,13222909,RFID_CHECKPOINT,S30,U000181,CP_FINAL_RFID
CE000534,13257949,POWER_DRAW,S14,,CP_ALIGN_POWER
CE000535,13263016,RFID_CHECKPOINT,S13,U000208,CP_ALIGN_RFID
CE000536,13284561,RFID_CHECKPOINT,S30,U000182,CP_FINAL_RFID
CE000537,13320353,RFID_CHECKPOINT,S13,U000209,CP_ALIGN_RFID
CE000538,13324795,POWER_DRAW,S14,,CP_ALIGN_POWER
CE000539,13350349,RFID_CHECKPOINT,S30,U000183,CP_FINAL_RFID
CE000540,13370613,RFID_CHECKPOINT,S13,U000210,CP_ALIGN_RFID
CE000541,13375489,POWER_DRAW,S14,,CP_ALIGN_POWER
CE000542,13413988,RFID_CHECKPOINT,S30,U000184,CP_FINAL_RFID
CE000543,13418273,POWER_DRAW,S14,,CP_ALIGN_POWER
CE000544,13424997,RFID_CHECKPOINT,S13,U000211,CP_ALIGN_RFID
CE000545,13472751,RFID_CHECKPOINT,S30,U000185,CP_FINAL_RFID
CE000546,13484752,RFID_CHECKPOINT,S13,U000212,CP_ALIGN_RFID
CE000547,13486486,POWER_DRAW,S14,,CP_ALIGN_POWER
CE000548,13520644,RFID_CHECKPOINT,S30,U000186,CP_FINAL_RFID
CE000549,13534807,RFID_CHECKPOINT,S13,U000213,CP_ALIGN_RFID
CE000550,13579924,RFID_CHECKPOINT,S30,U000187,CP_FINAL_RFID
CE000551,13581396,RFID_CHECKPOINT,S13,U000214,CP_ALIGN_RFID
CE000552,13586025,POWER_DRAW,S14,,CP_ALIGN_POWER
CE000553,13633074,RFID_CHECKPOINT,S30,U000188,CP_FINAL_RFID
CE000554,13637052,RFID_CHECKPOINT,S13,U000215,CP_ALIGN_RFID
CE000555,13639694,POWER_DRAW,S14,,CP_ALIGN_POWER
CE000556,13693998,POWER_DRAW,S14,,CP_ALIGN_POWER
CE000557,13697277,RFID_CHECKPOINT,S13,U000216,CP_ALIGN_RFID
CE000558,13708711,RFID_CHECKPOINT,S30,U000189,CP_FINAL_RFID
CE000559,13758788,RFID_CHECKPOINT,S13,U000217,CP_ALIGN_RFID
CE000560,13759460,POWER_DRAW,S14,,CP_ALIGN_POWER
CE000561,13774602,RFID_CHECKPOINT,S30,U000190,CP_FINAL_RFID
CE000562,13816877,RFID_CHECKPOINT,S13,U000218,CP_ALIGN_RFID
CE000563,13817235,POWER_DRAW,S14,,CP_ALIGN_POWER
CE000564,13830619,RFID_CHECKPOINT,S30,U000191,CP_FINAL_RFID
CE000565,13868689,RFID_CHECKPOINT,S13,U000219,CP_ALIGN_RFID
CE000566,13874222,POWER_DRAW,S14,,CP_ALIGN_POWER
CE000567,13891032,RFID_CHECKPOINT,S30,U000192,CP_FINAL_RFID
CE000568,13925883,POWER_DRAW,S14,,CP_ALIGN_POWER
CE000569,13929743,RFID_CHECKPOINT,S13,U000220,CP_ALIGN_RFID
CE000570,13985881,RFID_CHECKPOINT,S30,U000193,CP_FINAL_RFID
CE000571,13999399,POWER_DRAW,S14,,CP_ALIGN_POWER
CE000572,14043866,RFID_CHECKPOINT,S30,U000194,CP_FINAL_RFID
CE000573,14062484,POWER_DRAW,S14,,CP_ALIGN_POWER
CE000574,14115834,RFID_CHECKPOINT,S13,U000223,CP_ALIGN_RFID
CE000575,14122516,POWER_DRAW,S14,,CP_ALIGN_POWER
CE000576,14166491,RFID_CHECKPOINT,S13,U000224,CP_ALIGN_RFID
CE000577,14170369,RFID_CHECKPOINT,S30,U000195,CP_FINAL_RFID
CE000578,14218715,RFID_CHECKPOINT,S30,U000196,CP_FINAL_RFID
CE000579,14219217,RFID_CHECKPOINT,S13,U000225,CP_ALIGN_RFID
CE000580,14227076,POWER_DRAW,S14,,CP_ALIGN_POWER
CE000581,14270729,RFID_CHECKPOINT,S13,U000226,CP_ALIGN_RFID
CE000582,14271450,POWER_DRAW,S14,,CP_ALIGN_POWER
CE000583,14308426,RFID_CHECKPOINT,S30,U000197,CP_FINAL_RFID
CE000584,14326226,RFID_CHECKPOINT,S13,U000227,CP_ALIGN_RFID
CE000585,14331746,POWER_DRAW,S14,,CP_ALIGN_POWER
CE000586,14379543,RFID_CHECKPOINT,S13,U000228,CP_ALIGN_RFID
CE000587,14380868,POWER_DRAW,S14,,CP_ALIGN_POWER
CE000588,14414407,RFID_CHECKPOINT,S30,U000199,CP_FINAL_RFID
CE000589,14433449,POWER_DRAW,S14,,CP_ALIGN_POWER
CE000590,14437082,RFID_CHECKPOINT,S13,U000229,CP_ALIGN_RFID
CE000591,14485511,RFID_CHECKPOINT,S30,U000200,CP_FINAL_RFID
CE000592,14488508,POWER_DRAW,S14,,CP_ALIGN_POWER
CE000593,14495409,RFID_CHECKPOINT,S13,U000230,CP_ALIGN_RFID
CE000594,14552842,RFID_CHECKPOINT,S30,U000201,CP_FINAL_RFID
CE000595,14555897,RFID_CHECKPOINT,S13,U000231,CP_ALIGN_RFID
CE000596,14562438,POWER_DRAW,S14,,CP_ALIGN_POWER
CE000597,14613321,RFID_CHECKPOINT,S13,U000232,CP_ALIGN_RFID
CE000598,14617084,POWER_DRAW,S14,,CP_ALIGN_POWER
CE000599,14647656,RFID_CHECKPOINT,S30,U000202,CP_FINAL_RFID
CE000600,14663885,POWER_DRAW,S14,,CP_ALIGN_POWER
CE000601,14676284,RFID_CHECKPOINT,S13,U000233,CP_ALIGN_RFID
CE000602,14722587,RFID_CHECKPOINT,S30,U000203,CP_FINAL_RFID
CE000603,14739044,RFID_CHECKPOINT,S13,U000234,CP_ALIGN_RFID
CE000604,14744899,POWER_DRAW,S14,,CP_ALIGN_POWER
CE000605,14790441,RFID_CHECKPOINT,S30,U000204,CP_FINAL_RFID
CE000606,14796137,RFID_CHECKPOINT,S13,U000235,CP_ALIGN_RFID
CE000607,14798975,POWER_DRAW,S14,,CP_ALIGN_POWER
CE000608,14849196,RFID_CHECKPOINT,S30,U000205,CP_FINAL_RFID
CE000609,14861767,POWER_DRAW,S14,,CP_ALIGN_POWER
CE000610,14907699,RFID_CHECKPOINT,S13,U000237,CP_ALIGN_RFID
CE000611,14914026,POWER_DRAW,S14,,CP_ALIGN_POWER
CE000612,14962228,RFID_CHECKPOINT,S30,U000207,CP_FINAL_RFID
CE000613,14967159,POWER_DRAW,S14,,CP_ALIGN_POWER
CE000614,14994328,RFID_CHECKPOINT,S13,U000238,CP_ALIGN_RFID
CE000615,15014950,RFID_CHECKPOINT,S30,U000208,CP_FINAL_RFID
CE000616,15083430,RFID_CHECKPOINT,S13,U000239,CP_ALIGN_RFID
CE000617,15085140,POWER_DRAW,S14,,CP_ALIGN_POWER
CE000618,15086236,RFID_CHECKPOINT,S30,U000209,CP_FINAL_RFID
CE000619,15131302,RFID_CHECKPOINT,S30,U000210,CP_FINAL_RFID
CE000620,15132620,RFID_CHECKPOINT,S13,U000240,CP_ALIGN_RFID
CE000621,15136539,POWER_DRAW,S14,,CP_ALIGN_POWER
CE000622,15179832,POWER_DRAW,S14,,CP_ALIGN_POWER
CE000623,15192426,RFID_CHECKPOINT,S13,U000241,CP_ALIGN_RFID
CE000624,15205253,RFID_CHECKPOINT,S30,U000211,CP_FINAL_RFID
CE000625,15262635,RFID_CHECKPOINT,S13,U000242,CP_ALIGN_RFID
CE000626,15262666,POWER_DRAW,S14,,CP_ALIGN_POWER
CE000627,15268388,RFID_CHECKPOINT,S30,U000212,CP_FINAL_RFID
CE000628,15321028,RFID_CHECKPOINT,S13,U000243,CP_ALIGN_RFID
CE000629,15327997,RFID_CHECKPOINT,S30,U000213,CP_FINAL_RFID
CE000630,15377666,POWER_DRAW,S14,,CP_ALIGN_POWER
CE000631,15385317,RFID_CHECKPOINT,S13,U000244,CP_ALIGN_RFID
CE000632,15443594,RFID_CHECKPOINT,S30,U000215,CP_FINAL_RFID
CE000633,15453469,POWER_DRAW,S14,,CP_ALIGN_POWER
CE000634,15458888,RFID_CHECKPOINT,S13,U000245,CP_ALIGN_RFID
CE000635,15495723,RFID_CHECKPOINT,S30,U000216,CP_FINAL_RFID
CE000636,15518198,RFID_CHECKPOINT,S13,U000246,CP_ALIGN_RFID
CE000637,15525986,POWER_DRAW,S14,,CP_ALIGN_POWER
CE000638,15547215,RFID_CHECKPOINT,S30,U000217,CP_FINAL_RFID
CE000639,15567532,RFID_CHECKPOINT,S13,U000247,CP_ALIGN_RFID
CE000640,15573269,POWER_DRAW,S14,,CP_ALIGN_POWER
CE000641,15622437,RFID_CHECKPOINT,S13,U000248,CP_ALIGN_RFID
CE000642,15623190,RFID_CHECKPOINT,S30,U000218,CP_FINAL_RFID
CE000643,15624177,POWER_DRAW,S14,,CP_ALIGN_POWER
CE000644,15673176,RFID_CHECKPOINT,S13,U000249,CP_ALIGN_RFID
CE000645,15684099,POWER_DRAW,S14,,CP_ALIGN_POWER
CE000646,15716299,RFID_CHECKPOINT,S13,U000250,CP_ALIGN_RFID
CE000647,15732206,RFID_CHECKPOINT,S30,U000219,CP_FINAL_RFID
CE000648,15736046,POWER_DRAW,S14,,CP_ALIGN_POWER
CE000649,15762928,RFID_CHECKPOINT,S13,U000251,CP_ALIGN_RFID
CE000650,15790982,POWER_DRAW,S14,,CP_ALIGN_POWER
CE000651,15809246,RFID_CHECKPOINT,S30,U000220,CP_FINAL_RFID
CE000652,15815992,RFID_CHECKPOINT,S13,U000252,CP_ALIGN_RFID
CE000653,15844251,POWER_DRAW,S14,,CP_ALIGN_POWER
CE000654,15868040,RFID_CHECKPOINT,S13,U000253,CP_ALIGN_RFID
CE000655,15890591,RFID_CHECKPOINT,S30,U000221,CP_FINAL_RFID
CE000656,15921870,RFID_CHECKPOINT,S13,U000254,CP_ALIGN_RFID
CE000657,15938142,POWER_DRAW,S14,,CP_ALIGN_POWER
CE000658,15944626,RFID_CHECKPOINT,S30,U000222,CP_FINAL_RFID
CE000659,15980707,POWER_DRAW,S14,,CP_ALIGN_POWER
CE000660,15981274,RFID_CHECKPOINT,S13,U000255,CP_ALIGN_RFID
CE000661,16034755,POWER_DRAW,S14,,CP_ALIGN_POWER
CE000662,16049074,RFID_CHECKPOINT,S13,U000256,CP_ALIGN_RFID
CE000663,16103255,RFID_CHECKPOINT,S30,U000224,CP_FINAL_RFID
CE000664,16120862,POWER_DRAW,S14,,CP_ALIGN_POWER
CE000665,16163383,RFID_CHECKPOINT,S13,U000258,CP_ALIGN_RFID
CE000666,16176104,POWER_DRAW,S14,,CP_ALIGN_POWER
CE000667,16180262,RFID_CHECKPOINT,S30,U000225,CP_FINAL_RFID
CE000668,16207808,RFID_CHECKPOINT,S13,U000259,CP_ALIGN_RFID
CE000669,16227651,POWER_DRAW,S14,,CP_ALIGN_POWER
CE000670,16243955,RFID_CHECKPOINT,S30,U000226,CP_FINAL_RFID
CE000671,16265230,RFID_CHECKPOINT,S13,U000260,CP_ALIGN_RFID
CE000672,16272404,POWER_DRAW,S14,,CP_ALIGN_POWER
CE000673,16325674,RFID_CHECKPOINT,S30,U000227,CP_FINAL_RFID
CE000674,16393258,RFID_CHECKPOINT,S30,U000228,CP_FINAL_RFID
CE000675,16395520,POWER_DRAW,S14,,CP_ALIGN_POWER
CE000676,16403602,RFID_CHECKPOINT,S13,U000262,CP_ALIGN_RFID
CE000677,16443819,RFID_CHECKPOINT,S30,U000229,CP_FINAL_RFID
CE000678,16467440,RFID_CHECKPOINT,S13,U000263,CP_ALIGN_RFID
CE000679,16502526,RFID_CHECKPOINT,S30,U000230,CP_FINAL_RFID
CE000680,16528084,RFID_CHECKPOINT,S13,U000264,CP_ALIGN_RFID
CE000681,16564983,RFID_CHECKPOINT,S30,U000231,CP_FINAL_RFID
CE000682,16593480,POWER_DRAW,S14,,CP_ALIGN_POWER
CE000683,16596875,RFID_CHECKPOINT,S13,U000265,CP_ALIGN_RFID
CE000684,16629904,RFID_CHECKPOINT,S30,U000232,CP_FINAL_RFID
CE000685,16666305,RFID_CHECKPOINT,S13,U000266,CP_ALIGN_RFID
CE000686,16699550,RFID_CHECKPOINT,S30,U000233,CP_FINAL_RFID
CE000687,16738856,RFID_CHECKPOINT,S13,U000267,CP_ALIGN_RFID
CE000688,16798087,POWER_DRAW,S14,,CP_ALIGN_POWER
CE000689,16806479,RFID_CHECKPOINT,S13,U000268,CP_ALIGN_RFID
CE000690,16808985,RFID_CHECKPOINT,S30,U000234,CP_FINAL_RFID
CE000691,16869522,POWER_DRAW,S14,,CP_ALIGN_POWER
CE000692,16873080,RFID_CHECKPOINT,S13,U000269,CP_ALIGN_RFID
CE000693,16896687,RFID_CHECKPOINT,S30,U000235,CP_FINAL_RFID
CE000694,16929574,POWER_DRAW,S14,,CP_ALIGN_POWER
CE000695,16931319,RFID_CHECKPOINT,S13,U000270,CP_ALIGN_RFID
CE000696,16950652,RFID_CHECKPOINT,S30,U000236,CP_FINAL_RFID
CE000697,16976315,RFID_CHECKPOINT,S13,U000271,CP_ALIGN_RFID
CE000698,16977511,POWER_DRAW,S14,,CP_ALIGN_POWER
CE000699,17015446,RFID_CHECKPOINT,S30,U000237,CP_FINAL_RFID
CE000700,17023705,POWER_DRAW,S14,,CP_ALIGN_POWER
CE000701,17065144,RFID_CHECKPOINT,S30,U000238,CP_FINAL_RFID
CE000702,17075956,RFID_CHECKPOINT,S13,U000273,CP_ALIGN_RFID
CE000703,17079114,POWER_DRAW,S14,,CP_ALIGN_POWER
CE000704,17123176,POWER_DRAW,S14,,CP_ALIGN_POWER
CE000705,17133489,RFID_CHECKPOINT,S13,U000274,CP_ALIGN_RFID
CE000706,17142743,RFID_CHECKPOINT,S30,U000239,CP_FINAL_RFID
CE000707,17196529,POWER_DRAW,S14,,CP_ALIGN_POWER
CE000708,17198508,RFID_CHECKPOINT,S13,U000275,CP_ALIGN_RFID
CE000709,17250510,POWER_DRAW,S14,,CP_ALIGN_POWER
CE000710,17257340,RFID_CHECKPOINT,S13,U000276,CP_ALIGN_RFID
CE000711,17318234,POWER_DRAW,S14,,CP_ALIGN_POWER
CE000712,17326629,RFID_CHECKPOINT,S30,U000241,CP_FINAL_RFID
CE000713,17330251,RFID_CHECKPOINT,S13,U000277,CP_ALIGN_RFID
CE000714,17394495,RFID_CHECKPOINT,S30,U000242,CP_FINAL_RFID
CE000715,17397121,RFID_CHECKPOINT,S13,U000278,CP_ALIGN_RFID
CE000716,17406517,POWER_DRAW,S14,,CP_ALIGN_POWER
CE000717,17452489,RFID_CHECKPOINT,S30,U000243,CP_FINAL_RFID
CE000718,17455850,RFID_CHECKPOINT,S13,U000279,CP_ALIGN_RFID
CE000719,17457371,POWER_DRAW,S14,,CP_ALIGN_POWER
CE000720,17511296,RFID_CHECKPOINT,S13,U000280,CP_ALIGN_RFID
CE000721,17520482,POWER_DRAW,S14,,CP_ALIGN_POWER
CE000722,17528432,RFID_CHECKPOINT,S30,U000244,CP_FINAL_RFID
CE000723,17564245,POWER_DRAW,S14,,CP_ALIGN_POWER
CE000724,17565191,RFID_CHECKPOINT,S13,U000281,CP_ALIGN_RFID
CE000725,17578593,RFID_CHECKPOINT,S30,U000245,CP_FINAL_RFID
CE000726,17626938,POWER_DRAW,S14,,CP_ALIGN_POWER
CE000727,17673194,POWER_DRAW,S14,,CP_ALIGN_POWER
CE000728,17675767,RFID_CHECKPOINT,S13,U000283,CP_ALIGN_RFID
CE000729,17684034,RFID_CHECKPOINT,S30,U000246,CP_FINAL_RFID
CE000730,17738421,RFID_CHECKPOINT,S13,U000284,CP_ALIGN_RFID
CE000731,17739178,RFID_CHECKPOINT,S30,U000247,CP_FINAL_RFID
CE000732,17745240,POWER_DRAW,S14,,CP_ALIGN_POWER
CE000733,17795352,POWER_DRAW,S14,,CP_ALIGN_POWER
CE000734,17795399,RFID_CHECKPOINT,S30,U000248,CP_FINAL_RFID
CE000735,17796438,RFID_CHECKPOINT,S13,U000285,CP_ALIGN_RFID
CE000736,17853852,POWER_DRAW,S14,,CP_ALIGN_POWER
CE000737,17858723,RFID_CHECKPOINT,S13,U000286,CP_ALIGN_RFID
CE000738,17921512,POWER_DRAW,S14,,CP_ALIGN_POWER
CE000739,17926633,RFID_CHECKPOINT,S30,U000249,CP_FINAL_RFID
CE000740,17929984,RFID_CHECKPOINT,S13,U000287,CP_ALIGN_RFID
CE000741,17983188,RFID_CHECKPOINT,S30,U000250,CP_FINAL_RFID
CE000742,17999425,RFID_CHECKPOINT,S13,U000288,CP_ALIGN_RFID
CE000743,18003182,POWER_DRAW,S14,,CP_ALIGN_POWER
CE000744,18055173,POWER_DRAW,S14,,CP_ALIGN_POWER
CE000745,18055761,RFID_CHECKPOINT,S13,U000289,CP_ALIGN_RFID
CE000746,18110379,POWER_DRAW,S14,,CP_ALIGN_POWER
CE000747,18111917,RFID_CHECKPOINT,S13,U000290,CP_ALIGN_RFID
CE000748,18137455,RFID_CHECKPOINT,S30,U000252,CP_FINAL_RFID
CE000749,18210260,RFID_CHECKPOINT,S30,U000253,CP_FINAL_RFID
CE000750,18210772,RFID_CHECKPOINT,S13,U000292,CP_ALIGN_RFID
CE000751,18267949,POWER_DRAW,S14,,CP_ALIGN_POWER
CE000752,18270020,RFID_CHECKPOINT,S13,U000293,CP_ALIGN_RFID
CE000753,18273041,RFID_CHECKPOINT,S30,U000254,CP_FINAL_RFID
CE000754,18328168,POWER_DRAW,S14,,CP_ALIGN_POWER
CE000755,18331532,RFID_CHECKPOINT,S13,U000294,CP_ALIGN_RFID
CE000756,18338958,RFID_CHECKPOINT,S30,U000255,CP_FINAL_RFID
CE000757,18392348,RFID_CHECKPOINT,S13,U000295,CP_ALIGN_RFID
CE000758,18396542,POWER_DRAW,S14,,CP_ALIGN_POWER
CE000759,18400842,RFID_CHECKPOINT,S30,U000256,CP_FINAL_RFID
CE000760,18449972,POWER_DRAW,S14,,CP_ALIGN_POWER
CE000761,18456264,RFID_CHECKPOINT,S30,U000257,CP_FINAL_RFID
CE000762,18511994,RFID_CHECKPOINT,S30,U000258,CP_FINAL_RFID
CE000763,18517864,POWER_DRAW,S14,,CP_ALIGN_POWER
CE000764,18572285,RFID_CHECKPOINT,S13,U000298,CP_ALIGN_RFID
CE000765,18576604,POWER_DRAW,S14,,CP_ALIGN_POWER
CE000766,18588636,RFID_CHECKPOINT,S30,U000259,CP_FINAL_RFID
CE000767,18626881,RFID_CHECKPOINT,S13,U000299,CP_ALIGN_RFID
CE000768,18677008,RFID_CHECKPOINT,S13,U000300,CP_ALIGN_RFID
CE000769,18712721,RFID_CHECKPOINT,S30,U000261,CP_FINAL_RFID
CE000770,18726644,POWER_DRAW,S14,,CP_ALIGN_POWER
CE000771,18729650,RFID_CHECKPOINT,S13,U000301,CP_ALIGN_RFID
CE000772,18769105,RFID_CHECKPOINT,S30,U000262,CP_FINAL_RFID
CE000773,18800293,RFID_CHECKPOINT,S13,U000302,CP_ALIGN_RFID
CE000774,18866506,RFID_CHECKPOINT,S13,U000303,CP_ALIGN_RFID
CE000775,18869883,POWER_DRAW,S14,,CP_ALIGN_POWER
CE000776,18923020,RFID_CHECKPOINT,S13,U000304,CP_ALIGN_RFID
CE000777,18938616,RFID_CHECKPOINT,S30,U000264,CP_FINAL_RFID
CE000778,18977705,RFID_CHECKPOINT,S13,U000305,CP_ALIGN_RFID
CE000779,18978523,POWER_DRAW,S14,,CP_ALIGN_POWER
CE000780,19004900,RFID_CHECKPOINT,S30,U000265,CP_FINAL_RFID
CE000781,19034713,RFID_CHECKPOINT,S13,U000306,CP_ALIGN_RFID
CE000782,19036883,POWER_DRAW,S14,,CP_ALIGN_POWER
CE000783,19079834,RFID_CHECKPOINT,S30,U000266,CP_FINAL_RFID
CE000784,19095225,POWER_DRAW,S14,,CP_ALIGN_POWER
CE000785,19099012,RFID_CHECKPOINT,S13,U000307,CP_ALIGN_RFID
CE000786,19148907,RFID_CHECKPOINT,S30,U000267,CP_FINAL_RFID
CE000787,19160924,POWER_DRAW,S14,,CP_ALIGN_POWER
CE000788,19168065,RFID_CHECKPOINT,S13,U000308,CP_ALIGN_RFID
CE000789,19238338,POWER_DRAW,S14,,CP_ALIGN_POWER
CE000790,19309028,RFID_CHECKPOINT,S13,U000310,CP_ALIGN_RFID
CE000791,19317988,POWER_DRAW,S14,,CP_ALIGN_POWER
CE000792,19322022,RFID_CHECKPOINT,S30,U000269,CP_FINAL_RFID
CE000793,19422194,RFID_CHECKPOINT,S13,U000312,CP_ALIGN_RFID
CE000794,19422985,POWER_DRAW,S14,,CP_ALIGN_POWER
CE000795,19465984,RFID_CHECKPOINT,S30,U000271,CP_FINAL_RFID
CE000796,19479938,POWER_DRAW,S14,,CP_ALIGN_POWER
CE000797,19513008,RFID_CHECKPOINT,S30,U000272,CP_FINAL_RFID
CE000798,19560085,RFID_CHECKPOINT,S13,U000314,CP_ALIGN_RFID
CE000799,19563966,RFID_CHECKPOINT,S30,U000273,CP_FINAL_RFID
CE000800,19623321,RFID_CHECKPOINT,S30,U000274,CP_FINAL_RFID
CE000801,19628908,POWER_DRAW,S14,,CP_ALIGN_POWER
CE000802,19632896,RFID_CHECKPOINT,S13,U000315,CP_ALIGN_RFID
CE000803,19689974,RFID_CHECKPOINT,S13,U000316,CP_ALIGN_RFID
CE000804,19690932,RFID_CHECKPOINT,S30,U000275,CP_FINAL_RFID
CE000805,19694346,POWER_DRAW,S14,,CP_ALIGN_POWER
CE000806,19741445,POWER_DRAW,S14,,CP_ALIGN_POWER
CE000807,19747195,RFID_CHECKPOINT,S13,U000317,CP_ALIGN_RFID
CE000808,19761499,RFID_CHECKPOINT,S30,U000276,CP_FINAL_RFID
CE000809,19797232,RFID_CHECKPOINT,S13,U000318,CP_ALIGN_RFID
CE000810,19811852,RFID_CHECKPOINT,S30,U000277,CP_FINAL_RFID
CE000811,19844288,POWER_DRAW,S14,,CP_ALIGN_POWER
CE000812,19899833,RFID_CHECKPOINT,S30,U000278,CP_FINAL_RFID
CE000813,19930597,RFID_CHECKPOINT,S13,U000320,CP_ALIGN_RFID
CE000814,19991543,RFID_CHECKPOINT,S30,U000279,CP_FINAL_RFID
CE000815,20000356,POWER_DRAW,S14,,CP_ALIGN_POWER
CE000816,20002706,RFID_CHECKPOINT,S13,U000321,CP_ALIGN_RFID
CE000817,20051730,RFID_CHECKPOINT,S30,U000280,CP_FINAL_RFID
CE000818,20057873,RFID_CHECKPOINT,S13,U000322,CP_ALIGN_RFID
CE000819,20064771,POWER_DRAW,S14,,CP_ALIGN_POWER
CE000820,20111858,POWER_DRAW,S14,,CP_ALIGN_POWER
CE000821,20116064,RFID_CHECKPOINT,S13,U000323,CP_ALIGN_RFID
CE000822,20136334,RFID_CHECKPOINT,S30,U000281,CP_FINAL_RFID
CE000823,20184444,POWER_DRAW,S14,,CP_ALIGN_POWER
CE000824,20219703,RFID_CHECKPOINT,S30,U000282,CP_FINAL_RFID
CE000825,20234771,POWER_DRAW,S14,,CP_ALIGN_POWER
CE000826,20290902,RFID_CHECKPOINT,S30,U000283,CP_FINAL_RFID
CE000827,20346223,RFID_CHECKPOINT,S13,U000327,CP_ALIGN_RFID
CE000828,20357538,POWER_DRAW,S14,,CP_ALIGN_POWER
CE000829,20367022,RFID_CHECKPOINT,S30,U000284,CP_FINAL_RFID
CE000830,20411425,POWER_DRAW,S14,,CP_ALIGN_POWER
CE000831,20463112,POWER_DRAW,S14,,CP_ALIGN_POWER
CE000832,20515161,RFID_CHECKPOINT,S13,U000330,CP_ALIGN_RFID
CE000833,20519358,POWER_DRAW,S14,,CP_ALIGN_POWER
CE000834,20521342,RFID_CHECKPOINT,S30,U000286,CP_FINAL_RFID
CE000835,20571925,RFID_CHECKPOINT,S13,U000331,CP_ALIGN_RFID
CE000836,20589235,RFID_CHECKPOINT,S30,U000287,CP_FINAL_RFID
CE000837,20633972,RFID_CHECKPOINT,S13,U000332,CP_ALIGN_RFID
CE000838,20644360,RFID_CHECKPOINT,S30,U000288,CP_FINAL_RFID
CE000839,20692015,POWER_DRAW,S14,,CP_ALIGN_POWER
CE000840,20701224,RFID_CHECKPOINT,S13,U000333,CP_ALIGN_RFID
CE000841,20702654,RFID_CHECKPOINT,S30,U000289,CP_FINAL_RFID
CE000842,20762771,RFID_CHECKPOINT,S13,U000334,CP_ALIGN_RFID
CE000843,20773439,RFID_CHECKPOINT,S30,U000290,CP_FINAL_RFID
CE000844,20776208,POWER_DRAW,S14,,CP_ALIGN_POWER
CE000845,20827135,POWER_DRAW,S14,,CP_ALIGN_POWER
CE000846,20851038,RFID_CHECKPOINT,S30,U000291,CP_FINAL_RFID
CE000847,20875769,RFID_CHECKPOINT,S13,U000336,CP_ALIGN_RFID
CE000848,20880421,POWER_DRAW,S14,,CP_ALIGN_POWER
CE000849,20915405,RFID_CHECKPOINT,S30,U000292,CP_FINAL_RFID
CE000850,20933415,POWER_DRAW,S14,,CP_ALIGN_POWER
CE000851,20935484,RFID_CHECKPOINT,S13,U000337,CP_ALIGN_RFID
CE000852,20976269,RFID_CHECKPOINT,S30,U000293,CP_FINAL_RFID
CE000853,21005460,RFID_CHECKPOINT,S13,U000338,CP_ALIGN_RFID
CE000854,21042259,RFID_CHECKPOINT,S30,U000294,CP_FINAL_RFID
CE000855,21078291,RFID_CHECKPOINT,S13,U000339,CP_ALIGN_RFID
CE000856,21078582,POWER_DRAW,S14,,CP_ALIGN_POWER
CE000857,21131610,RFID_CHECKPOINT,S30,U000295,CP_FINAL_RFID
CE000858,21134487,RFID_CHECKPOINT,S13,U000340,CP_ALIGN_RFID
CE000859,21137400,POWER_DRAW,S14,,CP_ALIGN_POWER
CE000860,21188563,POWER_DRAW,S14,,CP_ALIGN_POWER
CE000861,21189788,RFID_CHECKPOINT,S30,U000296,CP_FINAL_RFID
CE000862,21189970,RFID_CHECKPOINT,S13,U000341,CP_ALIGN_RFID
CE000863,21245847,RFID_CHECKPOINT,S13,U000342,CP_ALIGN_RFID
CE000864,21246607,POWER_DRAW,S14,,CP_ALIGN_POWER
CE000865,21303894,POWER_DRAW,S14,,CP_ALIGN_POWER
CE000866,21308663,RFID_CHECKPOINT,S13,U000343,CP_ALIGN_RFID
CE000867,21328499,RFID_CHECKPOINT,S30,U000298,CP_FINAL_RFID
CE000868,21372336,POWER_DRAW,S14,,CP_ALIGN_POWER
CE000869,21381276,RFID_CHECKPOINT,S13,U000344,CP_ALIGN_RFID
CE000870,21394037,RFID_CHECKPOINT,S30,U000299,CP_FINAL_RFID
CE000871,21446230,RFID_CHECKPOINT,S30,U000300,CP_FINAL_RFID
CE000872,21448759,POWER_DRAW,S14,,CP_ALIGN_POWER
CE000873,21450583,RFID_CHECKPOINT,S13,U000345,CP_ALIGN_RFID
CE000874,21512417,POWER_DRAW,S14,,CP_ALIGN_POWER
CE000875,21513049,RFID_CHECKPOINT,S13,U000346,CP_ALIGN_RFID
CE000876,21542471,RFID_CHECKPOINT,S30,U000302,CP_FINAL_RFID
CE000877,21573002,RFID_CHECKPOINT,S13,U000347,CP_ALIGN_RFID
CE000878,21575898,POWER_DRAW,S14,,CP_ALIGN_POWER
CE000879,21621514,RFID_CHECKPOINT,S30,U000303,CP_FINAL_RFID
CE000880,21633055,RFID_CHECKPOINT,S13,U000348,CP_ALIGN_RFID
CE000881,21679948,RFID_CHECKPOINT,S30,U000304,CP_FINAL_RFID
CE000882,21693283,RFID_CHECKPOINT,S13,U000349,CP_ALIGN_RFID
CE000883,21701479,POWER_DRAW,S14,,CP_ALIGN_POWER
CE000884,21755282,POWER_DRAW,S14,,CP_ALIGN_POWER
CE000885,21756793,RFID_CHECKPOINT,S30,U000305,CP_FINAL_RFID
CE000886,21800326,RFID_CHECKPOINT,S13,U000351,CP_ALIGN_RFID
CE000887,21812078,RFID_CHECKPOINT,S30,U000306,CP_FINAL_RFID
CE000888,21844879,RFID_CHECKPOINT,S13,U000352,CP_ALIGN_RFID
CE000889,21857099,POWER_DRAW,S14,,CP_ALIGN_POWER
CE000890,21880648,RFID_CHECKPOINT,S30,U000307,CP_FINAL_RFID
CE000891,21903508,POWER_DRAW,S14,,CP_ALIGN_POWER
CE000892,21943016,RFID_CHECKPOINT,S13,U000354,CP_ALIGN_RFID
CE000893,21945411,POWER_DRAW,S14,,CP_ALIGN_POWER
CE000894,21949207,RFID_CHECKPOINT,S30,U000308,CP_FINAL_RFID
CE000895,21993963,POWER_DRAW,S14,,CP_ALIGN_POWER
CE000896,22001056,RFID_CHECKPOINT,S13,U000355,CP_ALIGN_RFID
CE000897,22010055,RFID_CHECKPOINT,S30,U000309,CP_FINAL_RFID
CE000898,22060240,RFID_CHECKPOINT,S13,U000356,CP_ALIGN_RFID
CE000899,22061987,POWER_DRAW,S14,,CP_ALIGN_POWER
CE000900,22069269,RFID_CHECKPOINT,S30,U000310,CP_FINAL_RFID
CE000901,22111834,POWER_DRAW,S14,,CP_ALIGN_POWER
CE000902,22119699,RFID_CHECKPOINT,S13,U000357,CP_ALIGN_RFID
CE000903,22162358,RFID_CHECKPOINT,S30,U000311,CP_FINAL_RFID
CE000904,22189446,RFID_CHECKPOINT,S13,U000358,CP_ALIGN_RFID
CE000905,22219184,RFID_CHECKPOINT,S30,U000312,CP_FINAL_RFID
CE000906,22249108,RFID_CHECKPOINT,S13,U000359,CP_ALIGN_RFID
CE000907,22263206,POWER_DRAW,S14,,CP_ALIGN_POWER
CE000908,22278460,RFID_CHECKPOINT,S30,U000313,CP_FINAL_RFID
CE000909,22319626,POWER_DRAW,S14,,CP_ALIGN_POWER
CE000910,22359701,RFID_CHECKPOINT,S13,U000361,CP_ALIGN_RFID
CE000911,22394928,RFID_CHECKPOINT,S30,U000314,CP_FINAL_RFID
CE000912,22411821,RFID_CHECKPOINT,S13,U000362,CP_ALIGN_RFID
CE000913,22428993,POWER_DRAW,S14,,CP_ALIGN_POWER
CE000914,22465334,RFID_CHECKPOINT,S13,U000363,CP_ALIGN_RFID
CE000915,22485517,RFID_CHECKPOINT,S30,U000315,CP_FINAL_RFID
CE000916,22531432,RFID_CHECKPOINT,S13,U000364,CP_ALIGN_RFID
CE000917,22545558,POWER_DRAW,S14,,CP_ALIGN_POWER
CE000918,22567347,RFID_CHECKPOINT,S30,U000316,CP_FINAL_RFID
CE000919,22589421,RFID_CHECKPOINT,S13,U000365,CP_ALIGN_RFID
CE000920,22646268,RFID_CHECKPOINT,S13,U000366,CP_ALIGN_RFID
CE000921,22647016,POWER_DRAW,S14,,CP_ALIGN_POWER
CE000922,22649876,RFID_CHECKPOINT,S30,U000317,CP_FINAL_RFID
CE000923,22705491,RFID_CHECKPOINT,S13,U000367,CP_ALIGN_RFID
CE000924,22813338,RFID_CHECKPOINT,S30,U000319,CP_FINAL_RFID
CE000925,22842837,POWER_DRAW,S14,,CP_ALIGN_POWER
CE000926,22895356,RFID_CHECKPOINT,S13,U000370,CP_ALIGN_RFID
CE000927,22897075,POWER_DRAW,S14,,CP_ALIGN_POWER
CE000928,22925310,RFID_CHECKPOINT,S30,U000320,CP_FINAL_RFID
CE000929,22954369,POWER_DRAW,S14,,CP_ALIGN_POWER
CE000930,22954540,RFID_CHECKPOINT,S13,U000371,CP_ALIGN_RFID
CE000931,23012329,POWER_DRAW,S14,,CP_ALIGN_POWER
CE000932,23014214,RFID_CHECKPOINT,S13,U000372,CP_ALIGN_RFID
CE000933,23075795,POWER_DRAW,S14,,CP_ALIGN_POWER
CE000934,23082784,RFID_CHECKPOINT,S13,U000373,CP_ALIGN_RFID
CE000935,23148361,POWER_DRAW,S14,,CP_ALIGN_POWER
CE000936,23162830,RFID_CHECKPOINT,S13,U000374,CP_ALIGN_RFID
CE000937,23177619,RFID_CHECKPOINT,S30,U000323,CP_FINAL_RFID
CE000938,23236083,POWER_DRAW,S14,,CP_ALIGN_POWER
CE000939,23236831,RFID_CHECKPOINT,S13,U000375,CP_ALIGN_RFID
CE000940,23249957,RFID_CHECKPOINT,S30,U000324,CP_FINAL_RFID
CE000941,23291995,POWER_DRAW,S14,,CP_ALIGN_POWER
CE000942,23293856,RFID_CHECKPOINT,S13,U000376,CP_ALIGN_RFID
CE000943,23302728,RFID_CHECKPOINT,S30,U000325,CP_FINAL_RFID
CE000944,23348585,POWER_DRAW,S14,,CP_ALIGN_POWER
CE000945,23354853,RFID_CHECKPOINT,S13,U000377,CP_ALIGN_RFID
CE000946,23356032,RFID_CHECKPOINT,S30,U000326,CP_FINAL_RFID
CE000947,23408288,RFID_CHECKPOINT,S30,U000327,CP_FINAL_RFID
CE000948,23416225,POWER_DRAW,S14,,CP_ALIGN_POWER
CE000949,23417307,RFID_CHECKPOINT,S13,U000378,CP_ALIGN_RFID
CE000950,23470941,POWER_DRAW,S14,,CP_ALIGN_POWER
CE000951,23474680,RFID_CHECKPOINT,S13,U000379,CP_ALIGN_RFID
CE000952,23526982,RFID_CHECKPOINT,S13,U000380,CP_ALIGN_RFID
CE000953,23528490,POWER_DRAW,S14,,CP_ALIGN_POWER
CE000954,23571134,RFID_CHECKPOINT,S30,U000329,CP_FINAL_RFID
CE000955,23573068,POWER_DRAW,S14,,CP_ALIGN_POWER
CE000956,23578329,RFID_CHECKPOINT,S13,U000381,CP_ALIGN_RFID
CE000957,23653174,RFID_CHECKPOINT,S30,U000330,CP_FINAL_RFID
CE000958,23705684,RFID_CHECKPOINT,S13,U000383,CP_ALIGN_RFID
CE000959,23715981,RFID_CHECKPOINT,S30,U000331,CP_FINAL_RFID
CE000960,23761218,POWER_DRAW,S14,,CP_ALIGN_POWER
CE000961,23770383,RFID_CHECKPOINT,S30,U000332,CP_FINAL_RFID
CE000962,23774508,RFID_CHECKPOINT,S13,U000384,CP_ALIGN_RFID
CE000963,23849113,RFID_CHECKPOINT,S30,U000333,CP_FINAL_RFID
CE000964,23849901,POWER_DRAW,S14,,CP_ALIGN_POWER
CE000965,23853523,RFID_CHECKPOINT,S13,U000385,CP_ALIGN_RFID
CE000966,23909720,RFID_CHECKPOINT,S13,U000386,CP_ALIGN_RFID
CE000967,23910917,POWER_DRAW,S14,,CP_ALIGN_POWER
CE000968,23964825,RFID_CHECKPOINT,S13,U000387,CP_ALIGN_RFID
CE000969,23968128,POWER_DRAW,S14,,CP_ALIGN_POWER
CE000970,23980876,RFID_CHECKPOINT,S30,U000334,CP_FINAL_RFID
CE000971,24022188,RFID_CHECKPOINT,S13,U000388,CP_ALIGN_RFID
CE000972,24026153,POWER_DRAW,S14,,CP_ALIGN_POWER
CE000973,24046323,RFID_CHECKPOINT,S30,U000335,CP_FINAL_RFID
CE000974,24082634,RFID_CHECKPOINT,S13,U000389,CP_ALIGN_RFID
CE000975,24082916,POWER_DRAW,S14,,CP_ALIGN_POWER
CE000976,24111221,RFID_CHECKPOINT,S30,U000336,CP_FINAL_RFID
CE000977,24145846,RFID_CHECKPOINT,S13,U000390,CP_ALIGN_RFID
CE000978,24152941,POWER_DRAW,S14,,CP_ALIGN_POWER
CE000979,24176733,RFID_CHECKPOINT,S30,U000337,CP_FINAL_RFID
CE000980,24200753,RFID_CHECKPOINT,S13,U000391,CP_ALIGN_RFID
CE000981,24206379,POWER_DRAW,S14,,CP_ALIGN_POWER
CE000982,24249213,RFID_CHECKPOINT,S13,U000392,CP_ALIGN_RFID
CE000983,24254187,POWER_DRAW,S14,,CP_ALIGN_POWER
CE000984,24274048,RFID_CHECKPOINT,S30,U000339,CP_FINAL_RFID
CE000985,24301833,RFID_CHECKPOINT,S13,U000393,CP_ALIGN_RFID
CE000986,24303778,POWER_DRAW,S14,,CP_ALIGN_POWER
CE000987,24331645,RFID_CHECKPOINT,S30,U000340,CP_FINAL_RFID
CE000988,24359375,POWER_DRAW,S14,,CP_ALIGN_POWER
CE000989,24390502,RFID_CHECKPOINT,S30,U000341,CP_FINAL_RFID
CE000990,24426932,RFID_CHECKPOINT,S13,U000395,CP_ALIGN_RFID
CE000991,24458724,RFID_CHECKPOINT,S30,U000342,CP_FINAL_RFID
CE000992,24481902,RFID_CHECKPOINT,S13,U000396,CP_ALIGN_RFID
CE000993,24487477,POWER_DRAW,S14,,CP_ALIGN_POWER
CE000994,24536832,RFID_CHECKPOINT,S13,U000397,CP_ALIGN_RFID
CE000995,24539510,RFID_CHECKPOINT,S30,U000343,CP_FINAL_RFID
CE000996,24589362,POWER_DRAW,S14,,CP_ALIGN_POWER
CE000997,24631315,RFID_CHECKPOINT,S30,U000344,CP_FINAL_RFID
CE000998,24636957,POWER_DRAW,S14,,CP_ALIGN_POWER
CE000999,24641501,RFID_CHECKPOINT,S13,U000399,CP_ALIGN_RFID
CE001000,24692476,RFID_CHECKPOINT,S30,U000345,CP_FINAL_RFID
CE001001,24700862,POWER_DRAW,S14,,CP_ALIGN_POWER
CE001002,24706467,RFID_CHECKPOINT,S13,U000400,CP_ALIGN_RFID
CE001003,24756195,RFID_CHECKPOINT,S30,U000346,CP_FINAL_RFID
CE001004,24769734,RFID_CHECKPOINT,S13,U000401,CP_ALIGN_RFID
CE001005,24777882,POWER_DRAW,S14,,CP_ALIGN_POWER
CE001006,24809140,RFID_CHECKPOINT,S30,U000347,CP_FINAL_RFID
CE001007,24821647,RFID_CHECKPOINT,S13,U000402,CP_ALIGN_RFID
CE001008,24831055,POWER_DRAW,S14,,CP_ALIGN_POWER
CE001009,24871014,POWER_DRAW,S14,,CP_ALIGN_POWER
CE001010,24901750,RFID_CHECKPOINT,S30,U000348,CP_FINAL_RFID
CE001011,24952967,POWER_DRAW,S14,,CP_ALIGN_POWER
CE001012,24959008,RFID_CHECKPOINT,S13,U000404,CP_ALIGN_RFID
CE001013,24969676,RFID_CHECKPOINT,S30,U000349,CP_FINAL_RFID
CE001014,25026292,RFID_CHECKPOINT,S30,U000350,CP_FINAL_RFID
CE001015,25029129,RFID_CHECKPOINT,S13,U000405,CP_ALIGN_RFID
CE001016,25039705,POWER_DRAW,S14,,CP_ALIGN_POWER
CE001017,25075376,RFID_CHECKPOINT,S30,U000351,CP_FINAL_RFID
CE001018,25075430,RFID_CHECKPOINT,S13,U000406,CP_ALIGN_RFID
CE001019,25093471,POWER_DRAW,S14,,CP_ALIGN_POWER
CE001020,25123736,RFID_CHECKPOINT,S13,U000407,CP_ALIGN_RFID
CE001021,25140135,POWER_DRAW,S14,,CP_ALIGN_POWER
CE001022,25152906,RFID_CHECKPOINT,S30,U000352,CP_FINAL_RFID
CE001023,25185370,POWER_DRAW,S14,,CP_ALIGN_POWER
CE001024,25211303,RFID_CHECKPOINT,S30,U000353,CP_FINAL_RFID
CE001025,25245131,POWER_DRAW,S14,,CP_ALIGN_POWER
CE001026,25247347,RFID_CHECKPOINT,S13,U000409,CP_ALIGN_RFID
CE001027,25309757,POWER_DRAW,S14,,CP_ALIGN_POWER
CE001028,25316652,RFID_CHECKPOINT,S13,U000410,CP_ALIGN_RFID
CE001029,25331792,RFID_CHECKPOINT,S30,U000354,CP_FINAL_RFID
CE001030,25379384,POWER_DRAW,S14,,CP_ALIGN_POWER
CE001031,25379462,RFID_CHECKPOINT,S13,U000411,CP_ALIGN_RFID
CE001032,25389505,RFID_CHECKPOINT,S30,U000355,CP_FINAL_RFID
CE001033,25431043,POWER_DRAW,S14,,CP_ALIGN_POWER
CE001034,25437153,RFID_CHECKPOINT,S13,U000412,CP_ALIGN_RFID
CE001035,25459902,RFID_CHECKPOINT,S30,U000356,CP_FINAL_RFID
CE001036,25500958,POWER_DRAW,S14,,CP_ALIGN_POWER
CE001037,25551334,POWER_DRAW,S14,,CP_ALIGN_POWER
CE001038,25593721,RFID_CHECKPOINT,S13,U000414,CP_ALIGN_RFID
CE001039,25605423,RFID_CHECKPOINT,S30,U000358,CP_FINAL_RFID
CE001040,25665008,POWER_DRAW,S14,,CP_ALIGN_POWER
CE001041,25679441,RFID_CHECKPOINT,S30,U000359,CP_FINAL_RFID
CE001042,25708335,RFID_CHECKPOINT,S13,U000415,CP_ALIGN_RFID
CE001043,25772535,POWER_DRAW,S14,,CP_ALIGN_POWER
CE001044,25803521,RFID_CHECKPOINT,S13,U000416,CP_ALIGN_RFID
CE001045,25861123,POWER_DRAW,S14,,CP_ALIGN_POWER
CE001046,25866519,RFID_CHECKPOINT,S13,U000417,CP_ALIGN_RFID
CE001047,25904845,RFID_CHECKPOINT,S30,U000362,CP_FINAL_RFID
CE001048,25935838,POWER_DRAW,S14,,CP_ALIGN_POWER
CE001049,25938211,RFID_CHECKPOINT,S13,U000418,CP_ALIGN_RFID
CE001050,25962712,RFID_CHECKPOINT,S30,U000363,CP_FINAL_RFID
CE001051,26002764,POWER_DRAW,S14,,CP_ALIGN_POWER
CE001052,26019446,RFID_CHECKPOINT,S13,U000419,CP_ALIGN_RFID
CE001053,26023900,RFID_CHECKPOINT,S30,U000364,CP_FINAL_RFID
CE001054,26075319,RFID_CHECKPOINT,S30,U000365,CP_FINAL_RFID
CE001055,26098164,POWER_DRAW,S14,,CP_ALIGN_POWER
CE001056,26105780,RFID_CHECKPOINT,S13,U000420,CP_ALIGN_RFID
CE001057,26123270,RFID_CHECKPOINT,S30,U000366,CP_FINAL_RFID
CE001058,26169947,POWER_DRAW,S14,,CP_ALIGN_POWER
CE001059,26170461,RFID_CHECKPOINT,S13,U000421,CP_ALIGN_RFID
CE001060,26228728,POWER_DRAW,S14,,CP_ALIGN_POWER
CE001061,26228790,RFID_CHECKPOINT,S30,U000368,CP_FINAL_RFID
CE001062,26231600,RFID_CHECKPOINT,S13,U000422,CP_ALIGN_RFID
CE001063,26286441,RFID_CHECKPOINT,S30,U000369,CP_FINAL_RFID
CE001064,26292036,RFID_CHECKPOINT,S13,U000423,CP_ALIGN_RFID
CE001065,26295574,POWER_DRAW,S14,,CP_ALIGN_POWER
CE001066,26336940,RFID_CHECKPOINT,S30,U000370,CP_FINAL_RFID
CE001067,26342151,POWER_DRAW,S14,,CP_ALIGN_POWER
CE001068,26350518,RFID_CHECKPOINT,S13,U000424,CP_ALIGN_RFID
CE001069,26387880,RFID_CHECKPOINT,S30,U000371,CP_FINAL_RFID
CE001070,26407783,RFID_CHECKPOINT,S13,U000425,CP_ALIGN_RFID
CE001071,26445623,RFID_CHECKPOINT,S30,U000372,CP_FINAL_RFID
CE001072,26464936,RFID_CHECKPOINT,S13,U000426,CP_ALIGN_RFID
CE001073,26497302,RFID_CHECKPOINT,S30,U000373,CP_FINAL_RFID
CE001074,26529007,RFID_CHECKPOINT,S13,U000427,CP_ALIGN_RFID
CE001075,26531717,POWER_DRAW,S14,,CP_ALIGN_POWER
CE001076,26584815,POWER_DRAW,S14,,CP_ALIGN_POWER
CE001077,26603197,RFID_CHECKPOINT,S30,U000374,CP_FINAL_RFID
CE001078,26614775,RFID_CHECKPOINT,S13,U000428,CP_ALIGN_RFID
CE001079,26672817,RFID_CHECKPOINT,S13,U000429,CP_ALIGN_RFID
CE001080,26678561,RFID_CHECKPOINT,S30,U000375,CP_FINAL_RFID
CE001081,26722736,RFID_CHECKPOINT,S13,U000430,CP_ALIGN_RFID
CE001082,26734458,RFID_CHECKPOINT,S30,U000376,CP_FINAL_RFID
CE001083,26784388,RFID_CHECKPOINT,S13,U000431,CP_ALIGN_RFID
CE001084,26881555,RFID_CHECKPOINT,S13,U000432,CP_ALIGN_RFID
CE001085,26909183,RFID_CHECKPOINT,S30,U000379,CP_FINAL_RFID
CE001086,26934915,POWER_DRAW,S14,,CP_ALIGN_POWER
CE001087,26952547,RFID_CHECKPOINT,S13,U000433,CP_ALIGN_RFID
CE001088,26978287,RFID_CHECKPOINT,S30,U000380,CP_FINAL_RFID
CE001089,27013554,POWER_DRAW,S14,,CP_ALIGN_POWER
CE001090,27037538,RFID_CHECKPOINT,S13,U000434,CP_ALIGN_RFID
CE001091,27092907,POWER_DRAW,S14,,CP_ALIGN_POWER
CE001092,27155987,RFID_CHECKPOINT,S30,U000382,CP_FINAL_RFID
CE001093,27173710,POWER_DRAW,S14,,CP_ALIGN_POWER
CE001094,27194627,RFID_CHECKPOINT,S13,U000436,CP_ALIGN_RFID
CE001095,27228397,RFID_CHECKPOINT,S30,U000383,CP_FINAL_RFID
CE001096,27261903,POWER_DRAW,S14,,CP_ALIGN_POWER
CE001097,27265222,RFID_CHECKPOINT,S13,U000437,CP_ALIGN_RFID
CE001098,27297633,RFID_CHECKPOINT,S30,U000384,CP_FINAL_RFID
CE001099,27329015,POWER_DRAW,S14,,CP_ALIGN_POWER
CE001100,27332088,RFID_CHECKPOINT,S13,U000438,CP_ALIGN_RFID
CE001101,27355203,RFID_CHECKPOINT,S30,U000385,CP_FINAL_RFID
CE001102,27384390,RFID_CHECKPOINT,S13,U000439,CP_ALIGN_RFID
CE001103,27387341,POWER_DRAW,S14,,CP_ALIGN_POWER
CE001104,27411378,RFID_CHECKPOINT,S30,U000386,CP_FINAL_RFID
CE001105,27436397,POWER_DRAW,S14,,CP_ALIGN_POWER
CE001106,27436543,RFID_CHECKPOINT,S13,U000440,CP_ALIGN_RFID
CE001107,27468271,RFID_CHECKPOINT,S30,U000387,CP_FINAL_RFID
CE001108,27489650,POWER_DRAW,S14,,CP_ALIGN_POWER
CE001109,27494273,RFID_CHECKPOINT,S13,U000441,CP_ALIGN_RFID
CE001110,27552042,RFID_CHECKPOINT,S13,U000442,CP_ALIGN_RFID
CE001111,27577294,RFID_CHECKPOINT,S30,U000388,CP_FINAL_RFID
CE001112,27609090,RFID_CHECKPOINT,S13,U000443,CP_ALIGN_RFID
CE001113,27701464,RFID_CHECKPOINT,S30,U000389,CP_FINAL_RFID
CE001114,27701944,RFID_CHECKPOINT,S13,U000444,CP_ALIGN_RFID
CE001115,27761209,RFID_CHECKPOINT,S30,U000390,CP_FINAL_RFID
CE001116,27798063,RFID_CHECKPOINT,S13,U000445,CP_ALIGN_RFID
CE001117,27843971,RFID_CHECKPOINT,S30,U000391,CP_FINAL_RFID
CE001118,27860871,POWER_DRAW,S14,,CP_ALIGN_POWER
CE001119,27871515,RFID_CHECKPOINT,S13,U000446,CP_ALIGN_RFID
CE001120,27935282,RFID_CHECKPOINT,S30,U000392,CP_FINAL_RFID
CE001121,27949673,RFID_CHECKPOINT,S13,U000447,CP_ALIGN_RFID
CE001122,28002070,RFID_CHECKPOINT,S30,U000393,CP_FINAL_RFID
CE001123,28013337,RFID_CHECKPOINT,S13,U000448,CP_ALIGN_RFID
CE001124,28016719,POWER_DRAW,S14,,CP_ALIGN_POWER
CE001125,28070536,RFID_CHECKPOINT,S13,U000449,CP_ALIGN_RFID
CE001126,28074991,POWER_DRAW,S14,,CP_ALIGN_POWER
CE001127,28129453,POWER_DRAW,S14,,CP_ALIGN_POWER
CE001128,28141488,RFID_CHECKPOINT,S13,U000450,CP_ALIGN_RFID
CE001129,28157553,RFID_CHECKPOINT,S30,U000395,CP_FINAL_RFID
CE001130,28217699,POWER_DRAW,S14,,CP_ALIGN_POWER
CE001131,28218981,RFID_CHECKPOINT,S30,U000396,CP_FINAL_RFID
CE001132,28222245,RFID_CHECKPOINT,S13,U000451,CP_ALIGN_RFID
CE001133,28277499,RFID_CHECKPOINT,S30,U000397,CP_FINAL_RFID
CE001134,28291839,RFID_CHECKPOINT,S13,U000452,CP_ALIGN_RFID
CE001135,28295731,POWER_DRAW,S14,,CP_ALIGN_POWER
CE001136,28348433,RFID_CHECKPOINT,S13,U000453,CP_ALIGN_RFID
CE001137,28350981,POWER_DRAW,S14,,CP_ALIGN_POWER
CE001138,28403939,POWER_DRAW,S14,,CP_ALIGN_POWER
CE001139,28408383,RFID_CHECKPOINT,S13,U000454,CP_ALIGN_RFID
CE001140,28426087,RFID_CHECKPOINT,S30,U000398,CP_FINAL_RFID
CE001141,28462451,POWER_DRAW,S14,,CP_ALIGN_POWER
CE001142,28467922,RFID_CHECKPOINT,S13,U000455,CP_ALIGN_RFID
CE001143,28523205,RFID_CHECKPOINT,S13,U000456,CP_ALIGN_RFID
CE001144,28560829,RFID_CHECKPOINT,S30,U000400,CP_FINAL_RFID
CE001145,28579648,POWER_DRAW,S14,,CP_ALIGN_POWER
CE001146,28616890,RFID_CHECKPOINT,S30,U000401,CP_FINAL_RFID
CE001147,28626753,RFID_CHECKPOINT,S13,U000457,CP_ALIGN_RFID
CE001148,28671842,RFID_CHECKPOINT,S30,U000402,CP_FINAL_RFID
CE001149,28763424,RFID_CHECKPOINT,S13,U000458,CP_ALIGN_RFID
CE001150,28798195,RFID_CHECKPOINT,S30,U000404,CP_FINAL_RFID
