unit_id,created_at_ms,vehicle_model,supplier_batch
U000001,0,MODEL_A,BATCH_01
U000002,33824,MODEL_A,BATCH_01
U000003,70826,MODEL_A,BATCH_01
U000004,104739,MODEL_A,BATCH_01
U000005,137785,MODEL_B,BATCH_01
U000006,181330,MODEL_A,BATCH_01
U000007,215721,MODEL_A,BATCH_02
U000008,248601,MODEL_A,BATCH_01
U000009,280798,MODEL_A,BATCH_01
U000010,316349,MODEL_B,BATCH_01
U000011,359154,MODEL_A,BATCH_01
U000012,393310,MODEL_A,BATCH_01
U000013,426042,MODEL_A,BATCH_01
U000014,462141,MODEL_A,BATCH_02
U000015,504324,MODEL_B,BATCH_01
U000016,540576,MODEL_A,BATCH_01
U000017,576130,MODEL_A,BATCH_01
U000018,613463,MODEL_A,BATCH_01
U000019,641705,MODEL_A,BATCH_01
U000020,683351,MODEL_B,BATCH_01
U000021,729274,MODEL_A,BATCH_02
U000022,769729,MODEL_A,BATCH_01
U000023,803332,MODEL_A,BATCH_01
U000024,839173,MODEL_A,BATCH_01
U000025,876063,MODEL_B,BATCH_01
U000026,917433,MODEL_A,BATCH_01
U000027,950887,MODEL_A,BATCH_01
U000028,984124,MODEL_A,BATCH_02
U000029,1027643,MODEL_A,BATCH_01
U000030,1060249,MODEL_B,BATCH_01
U000031,1095568,MODEL_A,BATCH_01
U000032,1138256,MODEL_A,BATCH_01
U000033,1175042,MODEL_A,BATCH_01
U000034,1213944,MODEL_A,BATCH_01
U000035,1247400,MODEL_B,BATCH_02
U000036,1282185,MODEL_A,BATCH_01
U000037,1320281,MODEL_A,BATCH_01
U000038,1356479,MODEL_A,BATCH_01
U000039,1391574,MODEL_A,BATCH_01
U000040,1424305,MODEL_B,BATCH_01
U000041,1459107,MODEL_A,BATCH_01
U000042,1499521,MODEL_A,BATCH_02
U000043,1538558,MODEL_A,BATCH_01
U000044,1577746,MODEL_A,BATCH_01
U000045,1614517,MODEL_B,BATCH_01
U000046,1647918,MODEL_A,BATCH_01
U000047,1679600,MODEL_A,BATCH_01
U000048,1712476,MODEL_A,BATCH_01
U000049,1749073,MODEL_A,BATCH_02
U000050,1783169,MODEL_B,BATCH_01
U000051,1821287,MODEL_A,BATCH_01
U000052,1862613,MODEL_A,BATCH_01
U000053,1897159,MODEL_A,BATCH_01
U000054,1931710,MODEL_A,BATCH_01
U000055,1970370,MODEL_B,BATCH_01
U000056,2012411,MODEL_A,BATCH_02
U000057,2051631,MODEL_A,BATCH_01
U000058,2078745,MODEL_A,BATCH_01
U000059,2117831,MODEL_A,BATCH_01
U000060,2157322,MODEL_B,BATCH_01
U000061,2191363,MODEL_A,BATCH_01
U000062,2227780,MODEL_A,BATCH_01
U000063,2265576,MODEL_A,BATCH_02
U000064,2304056,MODEL_A,BATCH_01
U000065,2333986,MODEL_B,BATCH_01
U000066,2365950,MODEL_A,BATCH_01
U000067,2405043,MODEL_A,BATCH_01
U000068,2447087,MODEL_A,BATCH_01
U000069,2487417,MODEL_A,BATCH_01
U000070,2522859,MODEL_B,BATCH_02
U000071,2567402,MODEL_A,BATCH_01
U000072,2609446,MODEL_A,BATCH_01
U000073,2644414,MODEL_A,BATCH_01
U000074,2678022,MODEL_A,BATCH_01
U000075,2706049,MODEL_B,BATCH_01
U000076,2738684,MODEL_A,BATCH_01
U000077,2776373,MODEL_A,BATCH_02
U000078,2810444,MODEL_A,BATCH_01
U000079,2841322,MODEL_A,BATCH_01
U000080,2874928,MODEL_B,BATCH_01
U000081,2907208,MODEL_A,BATCH_01
U000082,2943311,MODEL_A,BATCH_01
U000083,2975512,MODEL_A,BATCH_01
U000084,3015690,MODEL_A,BATCH_02
U000085,3047631,MODEL_B,BATCH_01
U000086,3087473,MODEL_A,BATCH_01
U000087,3127270,MODEL_A,BATCH_01
U000088,3164606,MODEL_A,BATCH_01
U000089,3200992,MODEL_A,BATCH_01
U000090,3241804,MODEL_B,BATCH_01
U000091,3279932,MODEL_A,BATCH_02
U000092,3320032,MODEL_A,BATCH_01
U000093,3360247,MODEL_A,BATCH_01
U000094,3399732,MODEL_A,BATCH_01
U000095,3437101,MODEL_B,BATCH_01
U000096,3472380,MODEL_A,BATCH_01
U000097,3507578,MODEL_A,BATCH_01
U000098,3544316,MODEL_A,BATCH_02
U000099,3582577,MODEL_A,BATCH_01
U000100,3618912,MODEL_B,BATCH_01
U000101,3661983,MODEL_A,BATCH_01
U000102,3698635,MODEL_A,BATCH_01
U000103,3743747,MODEL_A,BATCH_01
U000104,3780199,MODEL_A,BATCH_01
U000105,3818517,MODEL_B,BATCH_02
U000106,3852846,MODEL_A,BATCH_01
U000107,3885677,MODEL_A,BATCH_01
U000108,3916130,MODEL_A,BATCH_01
U000109,3950758,MODEL_A,BATCH_01
U000110,3983801,MODEL_B,BATCH_01
U000111,4021418,MODEL_A,BATCH_01
U000112,4052055,MODEL_A,BATCH_02
U000113,4087748,MODEL_A,BATCH_01
U000114,4123075,MODEL_A,BATCH_01
U000115,4153387,MODEL_B,BATCH_01
U000116,4190464,MODEL_A,BATCH_01
U000117,4222161,MODEL_A,BATCH_01
U000118,4256919,MODEL_A,BATCH_01
U000119,4290623,MODEL_A,BATCH_02
U000120,4331723,MODEL_B,BATCH_01
U000121,4370322,MODEL_A,BATCH_01
U000122,4401491,MODEL_A,BATCH_01
U000123,4436318,MODEL_A,BATCH_01
U000124,4468027,MODEL_A,BATCH_01
U000125,4500399,MODEL_B,BATCH_01
U000126,4536320,MODEL_A,BATCH_02
U000127,4568668,MODEL_A,BATCH_01
U000128,4604280,MODEL_A,BATCH_01
U000129,4638118,MODEL_A,BATCH_01
U000130,4672495,MODEL_B,BATCH_01
U000131,4705827,MODEL_A,BATCH_01
U000132,4744459,MODEL_A,BATCH_01
U000133,4780821,MODEL_A,BATCH_02
U000134,4818166,MODEL_A,BATCH_01
U000135,4861252,MODEL_B,BATCH_01
U000136,4896543,MODEL_A,BATCH_01
U000137,4926799,MODEL_A,BATCH_01
U000138,4964013,MODEL_A,BATCH_01
U000139,4998375,MODEL_A,BATCH_01
U000140,5035953,MODEL_B,BATCH_02
U000141,5069590,MODEL_A,BATCH_01
U000142,5107804,MODEL_A,BATCH_01
U000143,5144194,MODEL_A,BATCH_01
U000144,5175489,MODEL_A,BATCH_01
U000145,5211663,MODEL_B,BATCH_01
U000146,5250256,MODEL_A,BATCH_01
U000147,5284728,MODEL_A,BATCH_02
U000148,5315847,MODEL_A,BATCH_01
U000149,5353948,MODEL_A,BATCH_01
U000150,5382400,MODEL_B,BATCH_01
U000151,5419550,MODEL_A,BATCH_01
U000152,5455437,MODEL_A,BATCH_01
U000153,5494340,MODEL_A,BATCH_01
U000154,5529574,MODEL_A,BATCH_02
U000155,5567270,MODEL_B,BATCH_01
U000156,5610121,MODEL_A,BATCH_01
U000157,5648694,MODEL_A,BATCH_01
U000158,5688584,MODEL_A,BATCH_01
U000159,5729117,MODEL_A,BATCH_01
U000160,5774287,MODEL_B,BATCH_01
U000161,5813458,MODEL_A,BATCH_02
U000162,5851056,MODEL_A,BATCH_01
U000163,5888089,MODEL_A,BATCH_01
U000164,5936596,MODEL_A,BATCH_01
U000165,5979893,MODEL_B,BATCH_01
U000166,6016656,MODEL_A,BATCH_01
U000167,6053355,MODEL_A,BATCH_01
U000168,6092714,MODEL_A,BATCH_02
U000169,6129486,MODEL_A,BATCH_01
U000170,6171413,MODEL_B,BATCH_01
U000171,6216809,MODEL_A,BATCH_01
U000172,6260283,MODEL_A,BATCH_01
U000173,6299583,MODEL_A,BATCH_01
U000174,6344137,MODEL_A,BATCH_01
U000175,6389299,MODEL_B,BATCH_02
U000176,6422011,MODEL_A,BATCH_01
U000177,6463136,MODEL_A,BATCH_01
U000178,6500030,MODEL_A,BATCH_01
U000179,6546600,MODEL_A,BATCH_01
U000180,6586016,MODEL_B,BATCH_01
U000181,6622819,MODEL_A,BATCH_01
U000182,6661673,MODEL_A,BATCH_02
U000183,6701665,MODEL_A,BATCH_01
U000184,6738351,MODEL_A,BATCH_01
U000185,6776062,MODEL_B,BATCH_01
U000186,6822992,MODEL_A,BATCH_01
U000187,6862256,MODEL_A,BATCH_01
U000188,6899542,MODEL_A,BATCH_01
U000189,6939352,MODEL_A,BATCH_02
U000190,6980418,MODEL_B,BATCH_01
U000191,7019886,MODEL_A,BATCH_01
U000192,7055633,MODEL_A,BATCH_01
U000193,7090261,MODEL_A,BATCH_01
U000194,7125473,MODEL_A,BATCH_01
U000195,7164142,MODEL_B,BATCH_01
U000196,7199229,MODEL_A,BATCH_02
U000197,7241362,MODEL_A,BATCH_01
U000198,7272004,MODEL_A,BATCH_01
U000199,7307791,MODEL_A,BATCH_01
U000200,7343698,MODEL_B,BATCH_01
U000201,7374805,MODEL_A,BATCH_01
U000202,7410852,MODEL_A,BATCH_01
U000203,7451943,MODEL_A,BATCH_02
U000204,7494838,MODEL_A,BATCH_01
U000205,7537380,MODEL_B,BATCH_01
U000206,7570537,MODEL_A,BATCH_01
U000207,7602287,MODEL_A,BATCH_01
U000208,7637059,MODEL_A,BATCH_01
U000209,7673452,MODEL_A,BATCH_01
U000210,7715380,MODEL_B,BATCH_02
U000211,7760375,MODEL_A,BATCH_01
U000212,7798430,MODEL_A,BATCH_01
U000213,7839517,MODEL_A,BATCH_01
U000214,7877430,MODEL_A,BATCH_01
U000215,7919763,MODEL_B,BATCH_01
U000216,7954604,MODEL_A,BATCH_01
U000217,7991726,MODEL_A,BATCH_02
U000218,8036178,MODEL_A,BATCH_01
U000219,8074020,MODEL_A,BATCH_01
U000220,8119038,MODEL_B,BATCH_01
U000221,8157441,MODEL_A,BATCH_01
U000222,8194702,MODEL_A,BATCH_01
U000223,8234809,MODEL_A,BATCH_01
U000224,8270165,MODEL_A,BATCH_02
U000225,8303095,MODEL_B,BATCH_01
U000226,8341437,MODEL_A,BATCH_01
U000227,8378545,MODEL_A,BATCH_01
U000228,8419927,MODEL_A,BATCH_01
U000229,8469661,MODEL_A,BATCH_01
U000230,8525171,MODEL_B,BATCH_01
U000231,8586164,MODEL_A,BATCH_02
U000232,8638181,MODEL_A,BATCH_01
U000233,8680922,MODEL_A,BATCH_01
U000234,8727471,MODEL_A,BATCH_01
U000235,8777320,MODEL_B,BATCH_01
U000236,8851102,MODEL_A,BATCH_01
U000237,8917063,MODEL_A,BATCH_01
U000238,8968773,MODEL_A,BATCH_02
U000239,9033413,MODEL_A,BATCH_01
U000240,9110148,MODEL_B,BATCH_01
U000241,9169300,MODEL_A,BATCH_01
U000242,9215909,MODEL_A,BATCH_01
U000243,9264619,MODEL_A,BATCH_01
U000244,9309993,MODEL_A,BATCH_01
U000245,9361153,MODEL_B,BATCH_02
U000246,9410123,MODEL_A,BATCH_01
U000247,9456538,MODEL_A,BATCH_01
U000248,9504575,MODEL_A,BATCH_01
U000249,9563079,MODEL_A,BATCH_01
U000250,9612597,MODEL_B,BATCH_01
U000251,9665755,MODEL_A,BATCH_01
U000252,9744508,MODEL_A,BATCH_02
U000253,9804620,MODEL_A,BATCH_01
U000254,9861675,MODEL_A,BATCH_01
U000255,9906126,MODEL_B,BATCH_01
U000256,9960212,MODEL_A,BATCH_01
U000257,10024046,MODEL_A,BATCH_01
U000258,10072760,MODEL_A,BATCH_01
U000259,10124564,MODEL_A,BATCH_02
U000260,10180436,MODEL_B,BATCH_01
U000261,10230070,MODEL_A,BATCH_01
U000262,10274933,MODEL_A,BATCH_01
U000263,10335903,MODEL_A,BATCH_01
U000264,10442812,MODEL_A,BATCH_01
U000265,10520992,MODEL_B,BATCH_01
U000266,10588447,MODEL_A,BATCH_02
U000267,10644750,MODEL_A,BATCH_01
U000268,10708331,MODEL_A,BATCH_01
U000269,10757112,MODEL_A,BATCH_01
U000270,10808321,MODEL_B,BATCH_01
U000271,10864151,MODEL_A,BATCH_01
U000272,10920163,MODEL_A,BATCH_01
U000273,10966166,MODEL_A,BATCH_02
U000274,11019907,MODEL_A,BATCH_01
U000275,11071918,MODEL_B,BATCH_01
U000276,11125774,MODEL_A,BATCH_01
U000277,11199250,MODEL_A,BATCH_01
U000278,11252043,MODEL_A,BATCH_01
U000279,11328102,MODEL_A,BATCH_01
U000280,11411044,MODEL_B,BATCH_02
U000281,11462558,MODEL_A,BATCH_01
U000282,11528219,MODEL_A,BATCH_01
U000283,11579443,MODEL_A,BATCH_01
U000284,11626965,MODEL_A,BATCH_01
U000285,11697885,MODEL_B,BATCH_01
U000286,11763292,MODEL_A,BATCH_01
U000287,11831178,MODEL_A,BATCH_02
U000288,11880450,MODEL_A,BATCH_01
U000289,11949657,MODEL_A,BATCH_01
U000290,12005340,MODEL_B,BATCH_01
U000291,12082662,MODEL_A,BATCH_01
U000292,12128877,MODEL_A,BATCH_01
U000293,12187455,MODEL_A,BATCH_01
U000294,12248121,MODEL_A,BATCH_02
U000295,12306294,MODEL_B,BATCH_01
U000296,12360189,MODEL_A,BATCH_01
U000297,12424795,MODEL_A,BATCH_01
U000298,12530388,MODEL_A,BATCH_01
U000299,12584604,MODEL_A,BATCH_01
U000300,12635633,MODEL_B,BATCH_01
U000301,12689423,MODEL_A,BATCH_02
U000302,12747036,MODEL_A,BATCH_01
U000303,12827280,MODEL_A,BATCH_01
U000304,12879226,MODEL_A,BATCH_01
U000305,12927351,MODEL_B,BATCH_01
U000306,12989479,MODEL_A,BATCH_01
U000307,13071537,MODEL_A,BATCH_01
U000308,13133172,MODEL_A,BATCH_02
U000309,13188962,MODEL_A,BATCH_01
U000310,13231547,MODEL_B,BATCH_01
U000311,13274243,MODEL_A,BATCH_01
U000312,13315966,MODEL_A,BATCH_01
U000313,13366087,MODEL_A,BATCH_01
U000314,13430337,MODEL_A,BATCH_01
U000315,13472857,MODEL_B,BATCH_02
U000316,13551055,MODEL_A,BATCH_01
U000317,13598477,MODEL_A,BATCH_01
U000318,13652764,MODEL_A,BATCH_01
U000319,13699381,MODEL_A,BATCH_01
U000320,13753373,MODEL_B,BATCH_01
U000321,13811861,MODEL_A,BATCH_01
U000322,13870158,MODEL_A,BATCH_02
U000323,13934673,MODEL_A,BATCH_01
U000324,13991213,MODEL_A,BATCH_01
U000325,14040264,MODEL_B,BATCH_01
U000326,14085495,MODEL_A,BATCH_01
U000327,14133729,MODEL_A,BATCH_01
U000328,14196003,MODEL_A,BATCH_01
U000329,14262061,MODEL_A,BATCH_02
U000330,14348969,MODEL_B,BATCH_01
U000331,14397207,MODEL_A,BATCH_01
U000332,14467359,MODEL_A,BATCH_01
U000333,14537219,MODEL_A,BATCH_01
U000334,14600157,MODEL_A,BATCH_01
U000335,14657703,MODEL_B,BATCH_01
U000336,14710355,MODEL_A,BATCH_02
U000337,14781699,MODEL_A,BATCH_01
U000338,14832530,MODEL_A,BATCH_01
U000339,14882410,MODEL_A,BATCH_01
U000340,14932307,MODEL_B,BATCH_01
U000341,15014966,MODEL_A,BATCH_01
U000342,15072058,MODEL_A,BATCH_01
U000343,15190812,MODEL_A,BATCH_02
U000344,15247571,MODEL_A,BATCH_01
U000345,15295379,MODEL_B,BATCH_01
U000346,15344803,MODEL_A,BATCH_01
U000347,15404016,MODEL_A,BATCH_01
U000348,15473031,MODEL_A,BATCH_01
U000349,15533129,MODEL_A,BATCH_01
U000350,15610892,MODEL_B,BATCH_02
U000351,15667353,MODEL_A,BATCH_01
U000352,15725308,MODEL_A,BATCH_01
U000353,15779938,MODEL_A,BATCH_01
U000354,15836824,MODEL_A,BATCH_01
U000355,15885405,MODEL_B,BATCH_01
U000356,15935960,MODEL_A,BATCH_01
U000357,16021425,MODEL_A,BATCH_02
U000358,16069291,MODEL_A,BATCH_01
U000359,16124191,MODEL_A,BATCH_01
U000360,16169194,MODEL_B,BATCH_01
U000361,16227118,MODEL_A,BATCH_01
U000362,16285644,MODEL_A,BATCH_01
U000363,16333631,MODEL_A,BATCH_01
U000364,16383574,MODEL_A,BATCH_02
U000365,16459674,MODEL_B,BATCH_01
U000366,16549082,MODEL_A,BATCH_01
U000367,16616738,MODEL_A,BATCH_01
U000368,16677992,MODEL_A,BATCH_01
U000369,16744072,MODEL_A,BATCH_01
U000370,16812141,MODEL_B,BATCH_01
U000371,16861565,MODEL_A,BATCH_02
U000372,16925115,MODEL_A,BATCH_01
U000373,16973220,MODEL_A,BATCH_01
U000374,17049649,MODEL_A,BATCH_01
U000375,17107853,MODEL_B,BATCH_01
U000376,17162000,MODEL_A,BATCH_01
U000377,17236984,MODEL_A,BATCH_01
U000378,17349410,MODEL_A,BATCH_02
U000379,17397165,MODEL_A,BATCH_01
U000380,17453456,MODEL_B,BATCH_01
U000381,17520511,MODEL_A,BATCH_01
U000382,17639115,MODEL_A,BATCH_01
U000383,17710575,MODEL_A,BATCH_01
U000384,17758227,MODEL_A,BATCH_01
U000385,17822576,MODEL_B,BATCH_02
U000386,17881480,MODEL_A,BATCH_01
U000387,17932881,MODEL_A,BATCH_01
U000388,17980713,MODEL_A,BATCH_01
U000389,18033180,MODEL_A,BATCH_01
U000390,18086937,MODEL_B,BATCH_01
U000391,18128591,MODEL_A,BATCH_01
U000392,18177488,MODEL_A,BATCH_02
U000393,18263637,MODEL_A,BATCH_01
U000394,18330715,MODEL_A,BATCH_01
U000395,18376864,MODEL_B,BATCH_01
U000396,18432688,MODEL_A,BATCH_01
U000397,18482505,MODEL_A,BATCH_01
U000398,18533117,MODEL_A,BATCH_01
U000399,18595850,MODEL_A,BATCH_02
U000400,18660459,MODEL_B,BATCH_01
U000401,18763881,MODEL_A,BATCH_01
U000402,18813821,MODEL_A,BATCH_01
U000403,18911734,MODEL_A,BATCH_01
U000404,18971960,MODEL_A,BATCH_01
U000405,19020435,MODEL_B,BATCH_01
U000406,19103379,MODEL_A,BATCH_02
U000407,19154156,MODEL_A,BATCH_01
U000408,19232390,MODEL_A,BATCH_01
U000409,19309137,MODEL_A,BATCH_01
U000410,19362155,MODEL_B,BATCH_01
U000411,19417651,MODEL_A,BATCH_01
U000412,19554756,MODEL_A,BATCH_01
U000413,19643675,MODEL_A,BATCH_02
U000414,19695201,MODEL_A,BATCH_01
U000415,19744034,MODEL_B,BATCH_01
U000416,19801455,MODEL_A,BATCH_01
U000417,19846585,MODEL_A,BATCH_01
U000418,19907153,MODEL_A,BATCH_01
U000419,19983073,MODEL_A,BATCH_01
U000420,20065344,MODEL_B,BATCH_02
U000421,20125359,MODEL_A,BATCH_01
U000422,20182087,MODEL_A,BATCH_01
U000423,20242159,MODEL_A,BATCH_01
U000424,20319762,MODEL_A,BATCH_01
U000425,20378237,MODEL_B,BATCH_01
U000426,20482507,MODEL_A,BATCH_01
U000427,20539012,MODEL_A,BATCH_02
U000428,20583809,MODEL_A,BATCH_01
U000429,20646256,MODEL_A,BATCH_01
U000430,20702471,MODEL_B,BATCH_01
U000431,20774427,MODEL_A,BATCH_01
U000432,20836925,MODEL_A,BATCH_01
U000433,20937547,MODEL_A,BATCH_01
U000434,21002219,MODEL_A,BATCH_02
U000435,21054130,MODEL_B,BATCH_01
U000436,21099538,MODEL_A,BATCH_01
U000437,21146592,MODEL_A,BATCH_01
U000438,21198491,MODEL_A,BATCH_01
U000439,21271123,MODEL_A,BATCH_01
U000440,21320117,MODEL_B,BATCH_01
U000441,21398758,MODEL_A,BATCH_02
U000442,21446971,MODEL_A,BATCH_01
U000443,21513003,MODEL_A,BATCH_01
U000444,21584738,MODEL_A,BATCH_01
U000445,21627683,MODEL_B,BATCH_01
U000446,21674284,MODEL_A,BATCH_01
U000447,21722231,MODEL_A,BATCH_01
U000448,21820336,MODEL_A,BATCH_02
U000449,21897630,MODEL_A,BATCH_01
U000450,21960366,MODEL_B,BATCH_01
U000451,22021677,MODEL_A,BATCH_01
U000452,22074462,MODEL_A,BATCH_01
U000453,22122972,MODEL_A,BATCH_01
U000454,22164424,MODEL_A,BATCH_01
U000455,22232320,MODEL_B,BATCH_02
U000456,22299113,MODEL_A,BATCH_01
U000457,22365011,MODEL_A,BATCH_01
U000458,22416286,MODEL_A,BATCH_01
U000459,22496880,MODEL_A,BATCH_01
U000460,22543696,MODEL_B,BATCH_01
U000461,22590806,MODEL_A,BATCH_01
U000462,22668958,MODEL_A,BATCH_02
U000463,22773245,MODEL_A,BATCH_01
U000464,22828482,MODEL_A,BATCH_01
U000465,22879239,MODEL_B,BATCH_01
U000466,22959353,MODEL_A,BATCH_01
U000467,23059187,MODEL_A,BATCH_01
U000468,23122443,MODEL_A,BATCH_01
U000469,23174825,MODEL_A,BATCH_02
U000470,23234956,MODEL_B,BATCH_01
U000471,23298623,MODEL_A,BATCH_01
U000472,23363231,MODEL_A,BATCH_01
U000473,23438259,MODEL_A,BATCH_01
U000474,23487466,MODEL_A,BATCH_01
U000475,23545047,MODEL_B,BATCH_01
U000476,23604862,MODEL_A,BATCH_02
U000477,23694183,MODEL_A,BATCH_01
U000478,23746227,MODEL_A,BATCH_01
U000479,23806145,MODEL_A,BATCH_01
U000480,23881522,MODEL_B,BATCH_01
U000481,23935024,MODEL_A,BATCH_01
U000482,23986070,MODEL_A,BATCH_01
U000483,24036315,MODEL_A,BATCH_02
U000484,24118910,MODEL_A,BATCH_01
U000485,24199863,MODEL_B,BATCH_01
U000486,24288294,MODEL_A,BATCH_01
U000487,24342605,MODEL_A,BATCH_01
U000488,24408530,MODEL_A,BATCH_01
U000489,24494390,MODEL_A,BATCH_01
U000490,24540844,MODEL_B,BATCH_02
U000491,24593378,MODEL_A,BATCH_01
U000492,24650120,MODEL_A,BATCH_01
U000493,24707803,MODEL_A,BATCH_01
U000494,24754999,MODEL_A,BATCH_01
U000495,24817486,MODEL_B,BATCH_01
U000496,24866861,MODEL_A,BATCH_01
U000497,24969950,MODEL_A,BATCH_02
U000498,25022550,MODEL_A,BATCH_01
U000499,25084157,MODEL_A,BATCH_01
U000500,25134401,MODEL_B,BATCH_01
U000501,25254045,MODEL_A,BATCH_01
U000502,25376831,MODEL_A,BATCH_01
U000503,25494393,MODEL_A,BATCH_01
U000504,25585603,MODEL_A,BATCH_02
U000505,25639317,MODEL_B,BATCH_01
U000506,25691478,MODEL_A,BATCH_01
U000507,25750935,MODEL_A,BATCH_01
U000508,25835802,MODEL_A,BATCH_01
U000509,25917365,MODEL_A,BATCH_01
U000510,25974068,MODEL_B,BATCH_01
U000511,26042271,MODEL_A,BATCH_02
U000512,26097524,MODEL_A,BATCH_01
U000513,26180754,MODEL_A,BATCH_01
U000514,26244755,MODEL_A,BATCH_01
U000515,26309177,MODEL_B,BATCH_01
U000516,26403957,MODEL_A,BATCH_01
U000517,26460537,MODEL_A,BATCH_01
U000518,26508290,MODEL_A,BATCH_02
U000519,26583632,MODEL_A,BATCH_01
U000520,26680057,MODEL_B,BATCH_01
U000521,26737926,MODEL_A,BATCH_01
U000522,26835196,MODEL_A,BATCH_01
U000523,26908067,MODEL_A,BATCH_01
U000524,26986524,MODEL_A,BATCH_01
U000525,27029878,MODEL_B,BATCH_02
U000526,27078670,MODEL_A,BATCH_01
U000527,27142798,MODEL_A,BATCH_01
U000528,27207850,MODEL_A,BATCH_01
U000529,27272415,MODEL_A,BATCH_01
U000530,27335074,MODEL_B,BATCH_01
U000531,27378599,MODEL_A,BATCH_01
U000532,27500675,MODEL_A,BATCH_02
U000533,27580701,MODEL_A,BATCH_01
U000534,27637471,MODEL_A,BATCH_01
U000535,27689484,MODEL_B,BATCH_01
U000536,27771228,MODEL_A,BATCH_01
U000537,27840904,MODEL_A,BATCH_01
U000538,27884090,MODEL_A,BATCH_01
U000539,27939403,MODEL_A,BATCH_02
U000540,28009634,MODEL_B,BATCH_01
U000541,28088605,MODEL_A,BATCH_01
U000542,28150819,MODEL_A,BATCH_01
U000543,28262510,MODEL_A,BATCH_01
U000544,28314934,MODEL_A,BATCH_01
U000545,28411089,MODEL_B,BATCH_01
U000546,28534096,MODEL_A,BATCH_02
U000547,28582044,MODEL_A,BATCH_01
U000548,28650025,MODEL_A,BATCH_01
U000549,28719405,MODEL_A,BATCH_01
