timestamp_ms,station_id,unit_id,defect_type,severity,result
443152,S10,U000001,,,PASS
492174,S10,U000002,,,PASS
571436,S10,U000003,,,PASS
647040,S10,U000004,,,PASS
725811,S10,U000005,,,PASS
778542,S10,U000006,,,PASS
829482,S10,U000007,,,PASS
899485,S10,U000008,,,PASS
968866,S10,U000009,,,PASS
975823,S21,U000001,,,PASS
1040024,S10,U000010,,,PASS
1040995,S21,U000002,,,PASS
1091538,S10,U000011,,,PASS
1125774,S21,U000003,,,PASS
1168194,S10,U000012,,,PASS
1215691,S21,U000004,,,PASS
1234487,S10,U000013,,,PASS
1296104,S21,U000005,,,PASS
1304700,S10,U000014,,,PASS
1356268,S10,U000015,,,PASS
1358460,S21,U000006,,,PASS
1428804,S10,U000016,,,PASS
1432848,S21,U000007,,,PASS
1475035,S10,U000017,,,PASS
1475750,S31,U000001,,,PASS
1517880,S21,U000008,,,PASS
1524924,S10,U000018,,,PASS
1527202,S31,U000002,,,PASS
1569193,S21,U000009,,,PASS
1577050,S10,U000019,,,PASS
1633207,S10,U000020,,,PASS
1657011,S21,U000010,,,PASS
1657969,S31,U000003,,,PASS
1687939,S10,U000021,,,PASS
1715395,S21,U000011,,,PASS
1732428,S31,U000004,,,PASS
1736900,S10,U000022,,,PASS
1784899,S10,U000023,,,PASS
1786413,S21,U000012,,,PASS
1791191,S31,U000005,,,PASS
1838430,S21,U000013,,,PASS
1855343,S10,U000024,,,PASS
1865218,S31,U000006,,,PASS
1899582,S21,U000014,,,PASS
1905705,S10,U000025,,,PASS
1939871,S31,U000007,,,PASS
1963677,S10,U000026,,,PASS
1979116,S21,U000015,,,PASS
2002920,S31,U000008,,,PASS
2023824,S10,U000027,,,PASS
2031149,S21,U000016,,,PASS
2071920,S31,U000009,,,PASS
2084266,S10,U000028,,,PASS
2086909,S21,U000017,,,PASS
2125916,S31,U000010,,,PASS
2133681,S10,U000029,,,PASS
2140244,S21,U000018,,,PASS
2186199,S31,U000011,,,PASS
2195761,S10,U000030,,,PASS
2195983,S21,U000019,,,PASS
2254672,S10,U000031,,,PASS
2260043,S21,U000020,,,PASS
2296569,S31,U000012,,,PASS
2304598,S21,U000021,,,PASS
2307790,S10,U000032,,,PASS
2362264,S10,U000033,,,PASS
2362891,S31,U000013,,,PASS
2368412,S21,U000022,,,PASS
2416396,S31,U000014,,,PASS
2436015,S21,U000023,,,PASS
2467886,S10,U000034,,,PASS
2476758,S31,U000015,,,PASS
2509947,S21,U000024,,,PASS
2521339,S10,U000035,,,PASS
2526623,S31,U000016,,,PASS
2579918,S21,U000025,,,PASS
2599446,S10,U000036,,,PASS
2601243,S31,U000017,,,PASS
2634898,S21,U000026,,,PASS
2656018,S31,U000018,,,PASS
2668464,S10,U000037,,,PASS
2690727,S21,U000027,,,PASS
2707749,S31,U000019,,,PASS
2723866,S10,U000038,,,PASS
2759216,S21,U000028,,,PASS
2762707,S31,U000020,,,PASS
2774657,S10,U000039,,,PASS
2812395,S31,U000021,,,PASS
2818737,S21,U000029,,,PASS
2870299,S31,U000022,,,PASS
2882970,S10,U000040,,,PASS
2887187,S21,U000030,,,PASS
2935563,S21,U000031,,,PASS
2937088,S31,U000023,,,PASS
2946017,S10,U000041,,,PASS
2989839,S31,U000024,,,PASS
3001564,S10,U000042,,,PASS
3018699,S21,U000032,,,PASS
3064439,S10,U000043,,,PASS
3085868,S21,U000033,,,PASS
3091932,S31,U000025,,,PASS
3114937,S10,U000044,,,PASS
3142526,S31,U000026,,,PASS
3162220,S10,U000045,,,PASS
3168625,S21,U000034,,,PASS
3208696,S31,U000027,,,PASS
3212176,S10,U000046,,,PASS
3231348,S21,U000035,,,PASS
3265059,S31,U000028,,,PASS
3275603,S10,U000047,,,PASS
3299956,S21,U000036,,,PASS
3336276,S31,U000029,,,PASS
3346414,S10,U000048,,,PASS
3365786,S21,U000037,,,PASS
3391686,S10,U000049,,,PASS
3400470,S31,U000030,,,PASS
3435288,S21,U000038,,,PASS
3462351,S10,U000050,,,PASS
3463933,S31,U000031,,,PASS
3489359,S21,U000039,,,PASS
3511828,S10,U000051,,,PASS
3517535,S31,U000032,,,PASS
3550442,S21,U000040,,,PASS
3569796,S10,U000052,,,PASS
3584103,S31,U000033,,,PASS
3607925,S21,U000041,,,PASS
3640099,S10,U000053,,,PASS
3650110,S31,U000034,,,PASS
3666608,S21,U000042,,,PASS
3710402,S10,U000054,,,PASS
3710709,S21,U000043,,,PASS
3744489,S31,U000035,,,PASS
3753407,S10,U000055,,,PASS
3794628,S21,U000044,,,PASS
3798275,S31,U000036,,,PASS
3839193,S10,U000056,,,PASS
3850017,S31,U000037,,,PASS
3870304,S21,U000045,,,PASS
3891786,S10,U000057,,,PASS
3921331,S21,U000046,,,PASS
3948879,S31,U000038,,,PASS
3958009,S10,U000058,,,PASS
3975073,S21,U000047,,,PASS
3998430,S10,U000059,,,PASS
4017871,S31,U000039,,,PASS
4027451,S21,U000048,,,PASS
4047045,S10,U000060,,,PASS
4066167,S31,U000040,,,PASS
4085301,S21,U000049,,,PASS
4106798,S10,U000061,,,PASS
4114733,S31,U000041,,,PASS
4124683,S21,U000050,,,PASS
4153965,S10,U000062,,,PASS
4206772,S10,U000063,,,PASS
4207896,S31,U000042,,,PASS
4219378,S21,U000051,,,PASS
4259883,S10,U000064,,,PASS
4262014,S31,U000043,,,PASS
4272928,S21,U000052,SEALER_VOID,2,FAIL
4313898,S31,U000044,,,PASS
4334607,S21,U000053,,,PASS
4340940,S10,U000065,,,PASS
4367165,S31,U000045,,,PASS
4385896,S10,U000066,,,PASS
4420240,S21,U000054,,,PASS
4443259,S31,U000046,,,PASS
4445617,S10,U000067,,,PASS
4476838,S21,U000055,,,PASS
4501158,S10,U000068,,,PASS
4503429,S31,U000047,,,PASS
4554634,S10,U000069,,,PASS
4562304,S31,U000048,,,PASS
4577287,S21,U000056,,,PASS
4605243,S31,U000049,,,PASS
4616953,S10,U000070,,,PASS
4637130,S21,U000057,,,PASS
4670110,S31,U000050,,,PASS
4675870,S10,U000071,,,PASS
4699270,S21,U000058,,,PASS
4729882,S10,U000072,,,PASS
4732006,S31,U000051,,,PASS
4765813,S21,U000059,,,PASS
4785234,S10,U000073,,,PASS
4808079,S31,U000052,SEALER_VOID,2,FAIL
4829346,S21,U000060,,,PASS
4840025,S10,U000074,,,PASS
4871072,S31,U000053,,,PASS
4877196,S21,U000061,,,PASS
4884996,S10,U000075,,,PASS
4919328,S21,U000062,,,PASS
4920739,S31,U000054,,,PASS
4943528,S10,U000076,,,PASS
4979445,S21,U000063,,,PASS
4991268,S31,U000055,,,PASS
5011236,S10,U000077,,,PASS
5045558,S21,U000064,,,PASS
5069083,S10,U000078,,,PASS
5081972,S31,U000056,,,PASS
5098623,S21,U000065,,,PASS
5152689,S10,U000079,,,PASS
5152977,S31,U000057,,,PASS
5165094,S21,U000066,,,PASS
5225822,S21,U000067,,,PASS
5228418,S10,U000080,,,PASS
5229145,S31,U000058,,,PASS
5284513,S10,U000081,,,PASS
5288250,S21,U000068,,,PASS
5293096,S31,U000059,,,PASS
5333165,S10,U000082,,,PASS
5336084,S21,U000069,,,PASS
5344458,S31,U000060,,,PASS
5394960,S10,U000083,,,PASS
5401199,S21,U000070,,,PASS
5411129,S31,U000061,,,PASS
5447291,S10,U000084,,,PASS
5452687,S21,U000071,WELD_MISALIGNMENT,4,FAIL
5468880,S31,U000062,,,PASS
5501412,S21,U000072,,,PASS
5513453,S10,U000085,,,PASS
5529817,S31,U000063,,,PASS
5543513,S21,U000073,,,PASS
5567335,S10,U000086,,,PASS
5592552,S31,U000064,,,PASS
5608447,S21,U000074,,,PASS
5622069,S10,U000087,,,PASS
5644780,S31,U000065,,,PASS
5664597,S10,U000088,,,PASS
5678183,S21,U000075,,,PASS
5697429,S31,U000066,,,PASS
5715578,S10,U000089,,,PASS
5738268,S21,U000076,,,PASS
5745559,S31,U000067,,,PASS
5764971,S10,U000090,,,PASS
5787506,S21,U000077,,,PASS
5823430,S10,U000091,,,PASS
5836240,S31,U000068,,,PASS
5859914,S21,U000078,,,PASS
5900869,S31,U000069,,,PASS
5904484,S10,U000092,,,PASS
5915150,S21,U000079,,,PASS
5972545,S21,U000080,,,PASS
5976540,S10,U000093,,,PASS
6016959,S31,U000070,,,PASS
6031599,S10,U000094,,,PASS
6071431,S31,U000071,WELD_MISALIGNMENT,4,FAIL
6075986,S21,U000081,,,PASS
6084783,S10,U000095,,,PASS
6116438,S31,U000072,,,PASS
6129320,S21,U000082,,,PASS
6142996,S10,U000096,,,PASS
6186727,S21,U000083,,,PASS
6192596,S10,U000097,,,PASS
6215030,S31,U000073,,,PASS
6236044,S21,U000084,,,PASS
6245295,S10,U000098,,,PASS
6293713,S31,U000074,,,PASS
6296370,S10,U000099,,,PASS
6301924,S21,U000085,,,PASS
6357948,S31,U000075,,,PASS
6358642,S10,U000100,,,PASS
6359627,S21,U000086,,,PASS
6401954,S21,U000087,,,PASS
6414090,S10,U000101,,,PASS
6417600,S31,U000076,,,PASS
6461279,S31,U000077,,,PASS
6469378,S10,U000102,,,PASS
6487406,S21,U000088,SEALER_VOID,2,FAIL
6521393,S10,U000103,,,PASS
6540086,S21,U000089,,,PASS
6540473,S31,U000078,,,PASS
6564900,S10,U000104,,,PASS
6622744,S10,U000105,,,PASS
6623137,S31,U000079,,,PASS
6623138,S21,U000090,,,PASS
6669613,S21,U000091,,,PASS
6677808,S31,U000080,,,PASS
6686802,S10,U000106,,,PASS
6719481,S21,U000092,,,PASS
6720839,S31,U000081,,,PASS
6750831,S10,U000107,,,PASS
6784611,S31,U000082,,,PASS
6798028,S10,U000108,,,PASS
6798305,S21,U000093,,,PASS
6844955,S31,U000083,,,PASS
6861458,S10,U000109,,,PASS
6891624,S21,U000094,,,PASS
6907505,S31,U000084,,,PASS
6909681,S10,U000110,,,PASS
6940302,S21,U000095,,,PASS
6960466,S31,U000085,,,PASS
6969647,S10,U000111,,,PASS
6998504,S21,U000096,,,PASS
7021385,S10,U000112,,,PASS
7048292,S31,U000086,,,PASS
7050941,S21,U000097,WELD_MISALIGNMENT,4,FAIL
7071592,S10,U000113,,,PASS
7105152,S31,U000087,,,PASS
7115472,S10,U000114,,,PASS
7132647,S21,U000098,,,PASS
7163901,S31,U000088,SEALER_VOID,2,FAIL
7189235,S10,U000115,,,PASS
7191875,S21,U000099,,,PASS
7213245,S31,U000089,,,PASS
7241703,S10,U000116,,,PASS
7264658,S31,U000090,,,PASS
7281514,S21,U000100,,,PASS
7283010,S10,U000117,,,PASS
7312209,S31,U000091,,,PASS
7342607,S21,U000101,,,PASS
7346929,S10,U000118,,,PASS
7381855,S31,U000092,,,PASS
7388628,S10,U000119,,,PASS
7430248,S21,U000102,,,PASS
7435332,S31,U000093,,,PASS
7476294,S10,U000120,,,PASS
7479068,S21,U000103,,,PASS
7491280,S31,U000094,,,PASS
7548348,S31,U000095,,,PASS
7555438,S10,U000121,,,PASS
7566886,S21,U000104,,,PASS
7595327,S31,U000096,,,PASS
7611964,S10,U000122,,,PASS
7618257,S21,U000105,,,PASS
7655005,S10,U000123,,,PASS
7662007,S31,U000097,WELD_MISALIGNMENT,4,FAIL
7664496,S21,U000106,,,PASS
7703195,S10,U000124,,,PASS
7713813,S31,U000098,,,PASS
7730912,S21,U000107,,,PASS
7777346,S10,U000125,,,PASS
7784377,S31,U000099,,,PASS
7794493,S21,U000108,,,PASS
7825859,S10,U000126,,,PASS
7853747,S21,U000109,,,PASS
7860884,S31,U000100,,,PASS
7890104,S10,U000127,,,PASS
7922977,S21,U000110,,,PASS
7925761,S31,U000101,,,PASS
7945908,S10,U000128,,,PASS
7964465,S31,U000102,,,PASS
7981202,S21,U000111,,,PASS
8026863,S31,U000103,,,PASS
8032175,S10,U000129,,,PASS
8053326,S21,U000112,,,PASS
8121343,S10,U000130,,,PASS
8135527,S21,U000113,,,PASS
8140367,S31,U000104,,,PASS
8166377,S10,U000131,,,PASS
8197550,S21,U000114,,,PASS
8197907,S31,U000105,,,PASS
8209606,S10,U000132,,,PASS
8252577,S21,U000115,,,PASS
8262821,S31,U000106,,,PASS
8282315,S10,U000133,,,PASS
8307861,S21,U000116,,,PASS
8338333,S10,U000134,,,PASS
8360556,S31,U000107,,,PASS
8361950,S21,U000117,,,PASS
8395683,S10,U000135,,,PASS
8423689,S31,U000108,,,PASS
8437219,S21,U000118,,,PASS
8439129,S10,U000136,,,PASS
8486606,S10,U000137,,,PASS
8486902,S21,U000119,,,PASS
8493744,S31,U000109,,,PASS
8534038,S21,U000120,,,PASS
8552000,S31,U000110,,,PASS
8570861,S10,U000138,,,PASS
8583448,S21,U000121,,,PASS
8605055,S31,U000111,,,PASS
8648807,S21,U000122,,,PASS
8658893,S10,U000139,,,PASS
8661302,S31,U000112,,,PASS
8711885,S10,U000140,,,PASS
8717605,S31,U000113,,,PASS
8745652,S21,U000123,,,PASS
8764307,S10,U000141,,,PASS
8766741,S31,U000114,,,PASS
8796850,S21,U000124,WELD_MISALIGNMENT,4,FAIL
8821357,S31,U000115,,,PASS
8846660,S21,U000125,,,PASS
8849431,S10,U000142,,,PASS
8880343,S31,U000116,,,PASS
8904005,S21,U000126,,,PASS
8906877,S10,U000143,,,PASS
8941106,S31,U000117,,,PASS
8958287,S21,U000127,,,PASS
8961943,S10,U000144,,,PASS
9009654,S10,U000145,,,PASS
9025615,S21,U000128,,,PASS
9028626,S31,U000118,,,PASS
9075738,S10,U000146,,,PASS
9084806,S21,U000129,,,PASS
9118656,S10,U000147,,,PASS
9125059,S31,U000119,,,PASS
9137593,S21,U000130,WELD_MISALIGNMENT,4,FAIL
9187483,S31,U000120,,,PASS
9193373,S10,U000148,,,PASS
9194647,S21,U000131,,,PASS
9239458,S10,U000149,,,PASS
9262899,S31,U000121,,,PASS
9263246,S21,U000132,,,PASS
9288060,S10,U000150,,,PASS
9318705,S31,U000122,,,PASS
9330863,S21,U000133,,,PASS
9350989,S10,U000151,,,PASS
9395211,S31,U000123,,,PASS
9401091,S10,U000152,,,PASS
9403664,S21,U000134,,,PASS
9455105,S31,U000124,WELD_MISALIGNMENT,4,FAIL
9457427,S10,U000153,,,PASS
9463958,S21,U000135,,,PASS
9497248,S31,U000125,,,PASS
9509426,S10,U000154,,,PASS
9515343,S21,U000136,,,PASS
9553861,S31,U000126,,,PASS
9563517,S10,U000155,,,PASS
9615744,S21,U000137,,,PASS
9626362,S31,U000127,,,PASS
9647755,S10,U000156,,,PASS
9672972,S21,U000138,,,PASS
9682189,S31,U000128,,,PASS
9691706,S10,U000157,,,PASS
9733964,S21,U000139,,,PASS
9736736,S31,U000129,,,PASS
9756301,S10,U000158,,,PASS
9789961,S21,U000140,SEALER_VOID,2,FAIL
9795924,S31,U000130,WELD_MISALIGNMENT,4,FAIL
9801320,S10,U000159,,,PASS
9845286,S21,U000141,,,PASS
9852203,S31,U000131,,,PASS
9866397,S10,U000160,,,PASS
9900657,S21,U000142,WELD_MISALIGNMENT,4,FAIL
9915406,S31,U000132,,,PASS
9932014,S10,U000161,,,PASS
9946416,S21,U000143,,,PASS
9979505,S31,U000133,,,PASS
9989118,S10,U000162,,,PASS
9995437,S21,U000144,,,PASS
10035204,S31,U000134,,,PASS
10043439,S10,U000163,,,PASS
10062720,S21,U000145,,,PASS
10086723,S10,U000164,,,PASS
10087931,S31,U000135,,,PASS
10110345,S21,U000146,,,PASS
10160444,S10,U000165,,,PASS
10169900,S21,U000147,,,PASS
10188261,S31,U000136,,,PASS
10211339,S10,U000166,,,PASS
10256216,S21,U000148,,,PASS
10271870,S10,U000167,,,PASS
10279247,S31,U000137,,,PASS
10309429,S21,U000149,,,PASS
10336142,S10,U000168,,,PASS
10340481,S31,U000138,,,PASS
10389361,S31,U000139,,,PASS
10389892,S10,U000169,,,PASS
10393009,S21,U000150,,,PASS
10440487,S31,U000140,SEALER_VOID,2,FAIL
10445909,S10,U000170,,,PASS
10471094,S21,U000151,,,PASS
10500687,S31,U000141,,,PASS
10506468,S10,U000171,,,PASS
10531981,S21,U000152,,,PASS
10553820,S31,U000142,WELD_MISALIGNMENT,4,FAIL
10566771,S10,U000172,,,PASS
10587948,S21,U000153,,,PASS
10622391,S10,U000173,,,PASS
10639736,S31,U000143,,,PASS
10647407,S21,U000154,,,PASS
10680941,S10,U000174,,,PASS
10691674,S31,U000144,,,PASS
10700618,S21,U000155,,,PASS
10734794,S10,U000175,,,PASS
10746480,S31,U000145,,,PASS
10765058,S21,U000156,WELD_MISALIGNMENT,4,FAIL
10817727,S10,U000176,,,PASS
10838351,S21,U000157,,,PASS
10839725,S31,U000146,,,PASS
10867226,S10,U000177,,,PASS
10884798,S31,U000147,,,PASS
10894995,S21,U000158,,,PASS
10929079,S10,U000178,,,PASS
10941632,S21,U000159,,,PASS
10964170,S31,U000148,,,PASS
10985591,S10,U000179,,,PASS
11013949,S31,U000149,,,PASS
11023355,S21,U000160,,,PASS
11032578,S10,U000180,,,PASS
11078061,S31,U000150,,,PASS
11089156,S21,U000161,,,PASS
11089506,S10,U000181,,,PASS
11135411,S31,U000151,,,PASS
11140611,S10,U000182,,,PASS
11177531,S21,U000162,,,PASS
11190470,S10,U000183,,,PASS
11205357,S31,U000152,,,PASS
11227156,S21,U000163,,,PASS
11245703,S10,U000184,,,PASS
11283186,S21,U000164,,,PASS
11288537,S31,U000153,,,PASS
11301401,S10,U000185,,,PASS
11339096,S21,U000165,,,PASS
11364418,S10,U000186,,,PASS
11372952,S31,U000154,,,PASS
11398351,S21,U000166,,,PASS
11408911,S10,U000187,,,PASS
11432596,S31,U000155,,,PASS
11441243,S21,U000167,,,PASS
11458416,S10,U000188,,,PASS
11489856,S31,U000156,WELD_MISALIGNMENT,4,FAIL
11490334,S21,U000168,,,PASS
11511127,S10,U000189,,,PASS
11540982,S21,U000169,,,PASS
11546239,S31,U000157,,,PASS
11568981,S10,U000190,,,PASS
11591530,S21,U000170,,,PASS
11624928,S10,U000191,,,PASS
11641685,S31,U000158,,,PASS
11646826,S21,U000171,,,PASS
11693451,S31,U000159,,,PASS
11694966,S21,U000172,WELD_MISALIGNMENT,4,FAIL
11710731,S10,U000192,,,PASS
11732420,S21,U000173,,,PASS
11747289,S10,U000193,,,PASS
11748515,S31,U000160,,,PASS
11795176,S10,U000194,,,PASS
11795782,S21,U000174,,,PASS
11800345,S31,U000161,,,PASS
11841949,S10,U000195,,,PASS
11850744,S21,U000175,,,PASS
11852773,S31,U000162,,,PASS
11908260,S21,U000176,,,PASS
11908364,S31,U000163,,,PASS
11913860,S10,U000196,,,PASS
11968896,S10,U000197,,,PASS
11972477,S21,U000177,,,PASS
11973795,S31,U000164,,,PASS
12021683,S10,U000198,,,PASS
12036485,S31,U000165,,,PASS
12037476,S21,U000178,,,PASS
12088478,S21,U000179,,,PASS
12104303,S10,U000199,,,PASS
12108161,S31,U000166,,,PASS
12145528,S10,U000200,,,PASS
12151703,S21,U000180,,,PASS
12166052,S31,U000167,,,PASS
12204574,S10,U000201,,,PASS
12211889,S31,U000168,,,PASS
12216721,S21,U000181,,,PASS
12259600,S10,U000202,,,PASS
12267635,S31,U000169,,,PASS
12272256,S21,U000182,,,PASS
12333634,S10,U000203,,,PASS
12342207,S31,U000170,,,PASS
12342269,S21,U000183,,,PASS
12389558,S21,U000184,,,PASS
12392396,S10,U000204,,,PASS
12402278,S31,U000171,,,PASS
12458659,S31,U000172,WELD_MISALIGNMENT,4,FAIL
12473224,S21,U000185,,,PASS
12473861,S10,U000205,,,PASS
12512318,S31,U000173,,,PASS
12524395,S10,U000206,,,PASS
12526508,S21,U000186,,,PASS
12569552,S31,U000174,,,PASS
12572769,S10,U000207,,,PASS
12620421,S21,U000187,,,PASS
12629269,S31,U000175,,,PASS
12636765,S10,U000208,,,PASS
12671149,S21,U000188,,,PASS
12683076,S31,U000176,,,PASS
12688792,S10,U000209,,,PASS
12733023,S10,U000210,,,PASS
12737563,S31,U000177,,,PASS
12752704,S21,U000189,,,PASS
12789317,S10,U000211,,,PASS
12801852,S31,U000178,,,PASS
12843464,S10,U000212,,,PASS
12844902,S21,U000190,,,PASS
12846174,S31,U000179,,,PASS
12891869,S21,U000191,,,PASS
12907942,S10,U000213,,,PASS
12919171,S31,U000180,,,PASS
12948658,S21,U000192,,,PASS
12972888,S10,U000214,,,PASS
12990791,S31,U000181,,,PASS
13001002,S21,U000193,,,PASS
13035651,S10,U000215,,,PASS
13047591,S31,U000182,,,PASS
13054680,S21,U000194,,,PASS
13101108,S10,U000216,,,PASS
13110417,S21,U000195,,,PASS
13128419,S31,U000183,,,PASS
13167225,S21,U000196,,,PASS
13167520,S10,U000217,,,PASS
13195568,S31,U000184,,,PASS
13210522,S21,U000197,,,PASS
13230008,S10,U000218,,,PASS
13240399,S31,U000185,,,PASS
13278435,S10,U000219,,,PASS
13283896,S31,U000186,,,PASS
13286673,S21,U000198,,,PASS
13336327,S31,U000187,,,PASS
13336585,S21,U000199,,,PASS
13341057,S10,U000220,,,PASS
13383985,S31,U000188,,,PASS
13394279,S10,U000221,,,PASS
13395995,S21,U000200,,,PASS
13439587,S31,U000189,,,PASS
13449073,S21,U000201,,,PASS
13450174,S10,U000222,,,PASS
13491228,S31,U000190,,,PASS
13503427,S10,U000223,,,PASS
13530288,S21,U000202,,,PASS
13549333,S31,U000191,,,PASS
13556477,S10,U000224,,,PASS
13578119,S21,U000203,,,PASS
13610213,S10,U000225,,,PASS
13614555,S31,U000192,,,PASS
13663226,S31,U000193,,,PASS
13664726,S10,U000226,,,PASS
13670347,S21,U000204,,,PASS
13715205,S10,U000227,,,PASS
13732143,S31,U000194,,,PASS
13735216,S21,U000205,,,PASS
13780137,S31,U000195,,,PASS
13788653,S10,U000228,,,PASS
13795816,S21,U000206,,,PASS
13839553,S21,U000207,,,PASS
13841027,S10,U000229,,,PASS
13858135,S31,U000196,,,PASS
13906087,S10,U000230,,,PASS
13906331,S21,U000208,,,PASS
13915251,S31,U000197,,,PASS
13962063,S21,U000209,,,PASS
13967869,S10,U000231,,,PASS
13972702,S31,U000198,,,PASS
14015360,S21,U000210,,,PASS
14015436,S10,U000232,,,PASS
14047913,S31,U000199,,,PASS
14090694,S10,U000233,,,PASS
14118323,S21,U000211,,,PASS
14138432,S10,U000234,,,PASS
14140191,S31,U000200,,,PASS
14198014,S21,U000212,,,PASS
14199024,S10,U000235,,,PASS
14201781,S31,U000201,,,PASS
14259698,S10,U000236,,,PASS
14272400,S31,U000202,,,PASS
14280003,S21,U000213,,,PASS
14304564,S10,U000237,,,PASS
14334955,S31,U000203,,,PASS
14347854,S10,U000238,,,PASS
14366282,S21,U000214,,,PASS
14392681,S10,U000239,,,PASS
14393160,S31,U000204,,,PASS
14445648,S31,U000205,,,PASS
14451801,S10,U000240,,,PASS
14476952,S21,U000215,,,PASS
14491020,S31,U000206,,,PASS
14506948,S10,U000241,,,PASS
14524844,S21,U000216,,,PASS
14546186,S10,U000242,,,PASS
14547583,S31,U000207,,,PASS
14588478,S21,U000217,,,PASS
14594012,S10,U000243,,,PASS
14618664,S31,U000208,,,PASS
14655079,S21,U000218,,,PASS
14658853,S10,U000244,,,PASS
14675540,S31,U000209,,,PASS
14708726,S21,U000219,,,PASS
14722919,S10,U000245,,,PASS
14750098,S31,U000210,,,PASS
14765144,S21,U000220,,,PASS
14797928,S10,U000246,,,PASS
14827244,S31,U000211,,,PASS
14846270,S10,U000247,,,PASS
14853595,S21,U000221,,,PASS
14897807,S31,U000212,,,PASS
14914296,S21,U000222,,,PASS
14914714,S10,U000248,,,PASS
14956814,S21,U000223,,,PASS
14965587,S31,U000213,,,PASS
14969003,S10,U000249,,,PASS
15012548,S21,U000224,,,PASS
15016900,S10,U000250,,,PASS
15019145,S31,U000214,,,PASS
15064029,S21,U000225,,,PASS
15066871,S10,U000251,,,PASS
15076756,S31,U000215,,,PASS
15127084,S21,U000226,WELD_MISALIGNMENT,4,FAIL
15131381,S31,U000216,,,PASS
15157148,S10,U000252,,,PASS
15190748,S21,U000227,,,PASS
15201221,S31,U000217,,,PASS
15203617,S10,U000253,,,PASS
15233727,S21,U000228,,,PASS
15256268,S31,U000218,,,PASS
15265678,S10,U000254,,,PASS
15291762,S21,U000229,,,PASS
15330820,S31,U000219,,,PASS
15341784,S21,U000230,,,PASS
15384474,S10,U000255,,,PASS
15390674,S31,U000220,,,PASS
15396719,S21,U000231,,,PASS
15446906,S10,U000256,,,PASS
15449791,S21,U000232,,,PASS
15454673,S31,U000221,,,PASS
15513529,S31,U000222,,,PASS
15520948,S10,U000257,,,PASS
15564420,S10,U000258,,,PASS
15571503,S31,U000223,,,PASS
15581320,S21,U000233,,,PASS
15629511,S31,U000224,,,PASS
15653988,S21,U000234,,,PASS
15656005,S10,U000259,,,PASS
15690842,S31,U000225,,,PASS
15710538,S10,U000260,,,PASS
15711382,S21,U000235,WELD_MISALIGNMENT,4,FAIL
15758404,S10,U000261,,,PASS
15768600,S21,U000236,,,PASS
15772509,S31,U000226,WELD_MISALIGNMENT,4,FAIL
15800284,S10,U000262,,,PASS
15809928,S21,U000237,,,PASS
15821167,S31,U000227,,,PASS
15860634,S21,U000238,,,PASS
15868389,S10,U000263,,,PASS
15922230,S10,U000264,,,PASS
15929522,S31,U000228,,,PASS
15948103,S21,U000239,,,PASS
15971560,S10,U000265,,,PASS
15981667,S31,U000229,,,PASS
16014495,S21,U000240,,,PASS
16023442,S10,U000266,,,PASS
16064811,S31,U000230,,,PASS
16070856,S10,U000267,,,PASS
16086309,S21,U000241,,,PASS
16121179,S31,U000231,,,PASS
16142048,S10,U000268,,,PASS
16172325,S21,U000242,,,PASS
16178715,S31,U000232,,,PASS
16203588,S10,U000269,,,PASS
16220043,S21,U000243,,,PASS
16245195,S31,U000233,,,PASS
16274513,S10,U000270,,,PASS
16298849,S21,U000244,,,PASS
16300903,S31,U000234,,,PASS
16336462,S10,U000271,,,PASS
16347255,S21,U000245,,,PASS
16386912,S31,U000235,WELD_MISALIGNMENT,4,FAIL
16393871,S10,U000272,,,PASS
16410032,S21,U000246,,,PASS
16443291,S10,U000273,,,PASS
16471327,S21,U000247,,,PASS
16472082,S31,U000236,,,PASS
16519622,S31,U000237,,,PASS
16532002,S10,U000274,,,PASS
16534914,S21,U000248,,,PASS
16579326,S10,U000275,,,PASS
16580128,S31,U000238,,,PASS
16597038,S21,U000249,,,PASS
16634226,S10,U000276,,,PASS
16667695,S21,U000250,,,PASS
16673951,S31,U000239,,,PASS
16681736,S10,U000277,,,PASS
16739834,S21,U000251,,,PASS
16755142,S31,U000240,,,PASS
16755626,S10,U000278,,,PASS
16793144,S21,U000252,,,PASS
16805578,S10,U000279,,,PASS
16810305,S31,U000241,,,PASS
16842556,S21,U000253,WELD_MISALIGNMENT,4,FAIL
16859248,S10,U000280,,,PASS
16873415,S31,U000242,,,PASS
16913231,S21,U000254,,,PASS
16917100,S10,U000281,,,PASS
16918381,S31,U000243,,,PASS
16969882,S31,U000244,,,PASS
16980847,S21,U000255,,,PASS
17011392,S10,U000282,,,PASS
17038116,S21,U000256,,,PASS
17042214,S31,U000245,,,PASS
17063010,S10,U000283,,,PASS
17105519,S21,U000257,,,PASS
17121388,S31,U000246,,,PASS
17127363,S10,U000284,,,PASS
17156297,S21,U000258,,,PASS
17189035,S31,U000247,,,PASS
17191748,S10,U000285,,,PASS
17214924,S21,U000259,,,PASS
17248382,S31,U000248,,,PASS
17249354,S10,U000286,,,PASS
17279556,S21,U000260,,,PASS
17286584,S10,U000287,,,PASS
17302944,S31,U000249,,,PASS
17331508,S10,U000288,,,PASS
17336134,S21,U000261,,,PASS
17355481,S31,U000250,,,PASS
17393916,S21,U000262,,,PASS
17400834,S10,U000289,,,PASS
17401867,S31,U000251,,,PASS
17446228,S21,U000263,WELD_MISALIGNMENT,4,FAIL
17454373,S31,U000252,,,PASS
17455109,S10,U000290,,,PASS
17495099,S21,U000264,WELD_MISALIGNMENT,4,FAIL
17508745,S10,U000291,,,PASS
17533191,S31,U000253,WELD_MISALIGNMENT,4,FAIL
17549815,S21,U000265,,,PASS
17559463,S10,U000292,,,PASS
17594258,S31,U000254,,,PASS
17612018,S10,U000293,,,PASS
17627434,S21,U000266,,,PASS
17655416,S10,U000294,,,PASS
17667192,S31,U000255,,,PASS
17687127,S21,U000267,,,PASS
17710182,S10,U000295,,,PASS
17732359,S31,U000256,,,PASS
17761624,S21,U000268,,,PASS
17769749,S10,U000296,,,PASS
17791295,S31,U000257,,,PASS
17815036,S21,U000269,,,PASS
17829656,S10,U000297,,,PASS
17859292,S21,U000270,,,PASS
17863659,S31,U000258,,,PASS
17911213,S10,U000298,,,PASS
17912387,S31,U000259,,,PASS
17927979,S21,U000271,,,PASS
17958329,S31,U000260,,,PASS
17963562,S21,U000272,,,PASS
17981344,S10,U000299,,,PASS
18012302,S31,U000261,,,PASS
18044062,S10,U000300,,,PASS
18057095,S21,U000273,,,PASS
18085253,S31,U000262,,,PASS
18095748,S10,U000301,,,PASS
18120459,S21,U000274,,,PASS
18123944,S31,U000263,WELD_MISALIGNMENT,4,FAIL
18138570,S10,U000302,,,PASS
18180557,S31,U000264,WELD_MISALIGNMENT,4,FAIL
18188276,S21,U000275,WELD_MISALIGNMENT,4,FAIL
18213131,S10,U000303,,,PASS
18233743,S21,U000276,,,PASS
18234376,S31,U000265,,,PASS
18273342,S10,U000304,,,PASS
18292707,S31,U000266,,,PASS
18293583,S21,U000277,,,PASS
18339628,S10,U000305,,,PASS
18341600,S31,U000267,,,PASS
18359936,S21,U000278,,,PASS
18389764,S10,U000306,,,PASS
18400958,S31,U000268,,,PASS
18431963,S21,U000279,,,PASS
18439438,S10,U000307,,,PASS
18462244,S31,U000269,,,PASS
18482943,S21,U000280,,,PASS
18509645,S10,U000308,,,PASS
18516359,S31,U000270,,,PASS
18554533,S10,U000309,,,PASS
18558672,S21,U000281,,,PASS
18566804,S31,U000271,,,PASS
18625490,S21,U000282,,,PASS
18629556,S31,U000272,,,PASS
18631179,S10,U000310,,,PASS
18673365,S31,U000273,,,PASS
18697629,S10,U000311,,,PASS
18700355,S21,U000283,,,PASS
18729340,S31,U000274,,,PASS
18755543,S21,U000284,,,PASS
18756090,S10,U000312,,,PASS
18801092,S21,U000285,,,PASS
18806956,S31,U000275,WELD_MISALIGNMENT,4,FAIL
18828874,S10,U000313,,,PASS
18860350,S31,U000276,,,PASS
18873857,S10,U000314,,,PASS
18926984,S31,U000277,,,PASS
18927076,S21,U000286,,,PASS
18943456,S10,U000315,,,PASS
18978599,S31,U000278,,,PASS
18981567,S21,U000287,,,PASS
19017448,S10,U000316,,,PASS
19042654,S21,U000288,,,PASS
19053507,S31,U000279,,,PASS
19058741,S10,U000317,,,PASS
19101380,S21,U000289,,,PASS
19118184,S10,U000318,,,PASS
19125497,S31,U000280,,,PASS
19152317,S21,U000290,,,PASS
19176081,S10,U000319,,,PASS
19187775,S31,U000281,,,PASS
19205470,S21,U000291,,,PASS
19223112,S10,U000320,,,PASS
19251912,S31,U000282,,,PASS
19264451,S21,U000292,,,PASS
19275199,S10,U000321,,,PASS
19324609,S10,U000322,,,PASS
19324786,S31,U000283,,,PASS
19329710,S21,U000293,,,PASS
19374347,S10,U000323,,,PASS
19377679,S31,U000284,,,PASS
19386452,S21,U000294,,,PASS
19420099,S10,U000324,,,PASS
19426303,S31,U000285,,,PASS
19440712,S21,U000295,,,PASS
19476303,S10,U000325,,,PASS
19495290,S21,U000296,,,PASS
19498475,S31,U000286,,,PASS
19534760,S10,U000326,,,PASS
19545802,S31,U000287,,,PASS
19580411,S21,U000297,,,PASS
19584128,S10,U000327,,,PASS
19597657,S31,U000288,,,PASS
19640234,S10,U000328,,,PASS
19649150,S21,U000298,,,PASS
19659186,S31,U000289,,,PASS
19688812,S10,U000329,,,PASS
19706290,S31,U000290,,,PASS
19732373,S21,U000299,,,PASS
19745551,S10,U000330,,,PASS
19795471,S10,U000331,,,PASS
19796260,S31,U000291,,,PASS
19809767,S21,U000300,,,PASS
19848634,S10,U000332,,,PASS
19850367,S31,U000292,,,PASS
19866504,S21,U000301,,,PASS
19908248,S10,U000333,,,PASS
19911139,S31,U000293,,,PASS
19913984,S21,U000302,,,PASS
19953355,S10,U000334,,,PASS
19963771,S21,U000303,,,PASS
19983573,S31,U000294,,,PASS
20007568,S21,U000304,,,PASS
20017742,S10,U000335,,,PASS
20055509,S31,U000295,,,PASS
20070677,S10,U000336,,,PASS
20080730,S21,U000305,,,PASS
20112706,S10,U000337,,,PASS
20112809,S31,U000296,,,PASS
20135028,S21,U000306,,,PASS
20155316,S31,U000297,,,PASS
20172583,S10,U000338,,,PASS
20204126,S31,U000298,,,PASS
20224254,S21,U000307,,,PASS
20265105,S10,U000339,,,PASS
20281741,S31,U000299,,,PASS
20282011,S21,U000308,,,PASS
20311117,S10,U000340,,,PASS
20339238,S21,U000309,,,PASS
20343422,S31,U000300,,,PASS
20362926,S10,U000341,,,PASS
20396956,S31,U000301,,,PASS
20398589,S21,U000310,,,PASS
20416545,S10,U000342,,,PASS
20439733,S21,U000311,,,PASS
20447003,S31,U000302,,,PASS
20474644,S10,U000343,,,PASS
20513998,S21,U000312,,,PASS
20515141,S10,U000344,,,PASS
20543629,S31,U000303,,,PASS
20576551,S21,U000313,WELD_MISALIGNMENT,4,FAIL
20585257,S10,U000345,,,PASS
20602088,S31,U000304,,,PASS
20650335,S10,U000346,,,PASS
20658349,S21,U000314,,,PASS
20659458,S31,U000305,,,PASS
20703717,S31,U000306,,,PASS
20720649,S21,U000315,,,PASS
20732028,S10,U000347,,,PASS
20753773,S31,U000307,,,PASS
20784040,S21,U000316,,,PASS
20794699,S10,U000348,,,PASS
20828747,S31,U000308,,,PASS
20830976,S21,U000317,,,PASS
20872111,S10,U000349,,,PASS
20886556,S21,U000318,,,PASS
20902831,S31,U000309,,,PASS
20915469,S10,U000350,,,PASS
20935329,S21,U000319,,,PASS
20954047,S31,U000310,,,PASS
20968093,S10,U000351,,,PASS
20994799,S21,U000320,,,PASS
21000950,S31,U000311,,,PASS
21042136,S31,U000312,,,PASS
21045328,S10,U000352,,,PASS
21059881,S21,U000321,,,PASS
21102313,S31,U000313,WELD_MISALIGNMENT,4,FAIL
21132176,S10,U000353,,,PASS
21133511,S21,U000322,,,PASS
21178085,S31,U000314,,,PASS
21188195,S10,U000354,,,PASS
21216021,S21,U000323,,,PASS
21233812,S10,U000355,,,PASS
21263898,S31,U000315,,,PASS
21308570,S31,U000316,,,PASS
21311224,S21,U000324,,,PASS
21330304,S10,U000356,,,PASS
21367088,S31,U000317,,,PASS
21369255,S21,U000325,,,PASS
21407994,S10,U000357,,,PASS
21418770,S21,U000326,,,PASS
21429336,S31,U000318,,,PASS
21461382,S10,U000358,,,PASS
21469215,S21,U000327,,,PASS
21515642,S10,U000359,,,PASS
21527441,S31,U000319,,,PASS
21535532,S21,U000328,,,PASS
21588298,S31,U000320,,,PASS
21595942,S10,U000360,,,PASS
21625753,S21,U000329,,,PASS
21649803,S31,U000321,,,PASS
21658109,S10,U000361,,,PASS
21686105,S21,U000330,,,PASS
21704505,S10,U000362,,,PASS
21704933,S31,U000322,,,PASS
21743660,S10,U000363,,,PASS
21754911,S21,U000331,,,PASS
21764192,S31,U000323,,,PASS
21821714,S10,U000364,,,PASS
21838428,S21,U000332,,,PASS
21861425,S31,U000324,,,PASS
21878889,S10,U000365,,,PASS
21915366,S31,U000325,,,PASS
21926871,S21,U000333,,,PASS
21939025,S10,U000366,,,PASS
21961781,S31,U000326,,,PASS
21984019,S21,U000334,,,PASS
21986379,S10,U000367,,,PASS
22036852,S31,U000327,,,PASS
22040245,S21,U000335,,,PASS
22042481,S10,U000368,,,PASS
22092902,S10,U000369,,,PASS
22098144,S31,U000328,,,PASS
22120390,S21,U000336,,,PASS
22155163,S10,U000370,,,PASS
22164579,S31,U000329,,,PASS
22186834,S21,U000337,,,PASS
22215794,S10,U000371,,,PASS
22237745,S31,U000330,,,PASS
22247642,S21,U000338,,,PASS
22290402,S10,U000372,,,PASS
22293273,S21,U000339,,,PASS
22307914,S31,U000331,,,PASS
22338878,S21,U000340,,,PASS
22358353,S10,U000373,,,PASS
22371688,S31,U000332,,,PASS
22418624,S31,U000333,,,PASS
22422989,S10,U000374,,,PASS
22442035,S21,U000341,,,PASS
22472928,S10,U000375,,,PASS
22490273,S21,U000342,,,PASS
22519971,S31,U000334,,,PASS
22567960,S21,U000343,,,PASS
22573744,S10,U000376,,,PASS
22574389,S31,U000335,,,PASS
22626925,S10,U000377,,,PASS
22630501,S31,U000336,,,PASS
22633782,S21,U000344,,,PASS
22678687,S10,U000378,,,PASS
22687911,S21,U000345,,,PASS
22693847,S31,U000337,,,PASS
22729247,S10,U000379,,,PASS
22737365,S31,U000338,,,PASS
22749814,S21,U000346,,,PASS
22794840,S31,U000339,,,PASS
22819812,S21,U000347,,,PASS
22823875,S10,U000380,,,PASS
22851439,S31,U000340,,,PASS
22879509,S10,U000381,,,PASS
22895017,S21,U000348,,,PASS
22938131,S31,U000341,,,PASS
22956959,S10,U000382,,,PASS
22964192,S21,U000349,WELD_MISALIGNMENT,4,FAIL
23004744,S31,U000342,,,PASS
23022580,S10,U000383,,,PASS
23053941,S21,U000350,,,PASS
23070035,S10,U000384,,,PASS
23078356,S31,U000343,,,PASS
23113916,S21,U000351,,,PASS
23143487,S31,U000344,,,PASS
23145293,S10,U000385,,,PASS
23170443,S21,U000352,,,PASS
23202841,S31,U000345,,,PASS
23203980,S10,U000386,,,PASS
23224375,S21,U000353,,,PASS
23262177,S21,U000354,,,PASS
23264035,S10,U000387,,,PASS
23275181,S31,U000346,,,PASS
23322175,S10,U000388,,,PASS
23361943,S31,U000347,,,PASS
23372584,S10,U000389,,,PASS
23376621,S21,U000355,,,PASS
23415952,S31,U000348,,,PASS
23425142,S10,U000390,,,PASS
23428902,S21,U000356,,,PASS
23487398,S31,U000349,WELD_MISALIGNMENT,4,FAIL
23494274,S10,U000391,,,PASS
23506513,S21,U000357,,,PASS
23544728,S31,U000350,,,PASS
23559793,S21,U000358,,,PASS
23563952,S10,U000392,,,PASS
23616718,S31,U000351,,,PASS
23620186,S10,U000393,,,PASS
23650518,S21,U000359,,,PASS
23681043,S31,U000352,,,PASS
23687091,S10,U000394,,,PASS
23703948,S21,U000360,,,PASS
23727335,S10,U000395,,,PASS
23733554,S31,U000353,,,PASS
23756574,S21,U000361,,,PASS
23777458,S10,U000396,,,PASS
23816482,S10,U000397,,,PASS
23821859,S31,U000354,,,PASS
23823640,S21,U000362,,,PASS
23867364,S21,U000363,,,PASS
23894193,S10,U000398,,,PASS
23902577,S31,U000355,,,PASS
23949310,S21,U000364,,,PASS
23954533,S31,U000356,,,PASS
23957240,S10,U000399,,,PASS
23995871,S21,U000365,,,PASS
24003112,S31,U000357,,,PASS
24005049,S10,U000400,,,PASS
24057506,S21,U000366,,,PASS
24057656,S10,U000401,,,PASS
24082961,S31,U000358,,,PASS
24110435,S10,U000402,,,PASS
24112551,S21,U000367,,,PASS
24157974,S31,U000359,,,PASS
24165865,S10,U000403,,,PASS
24193411,S21,U000368,,,PASS
24224134,S31,U000360,,,PASS
24225274,S10,U000404,,,PASS
24240588,S21,U000369,,,PASS
24284929,S31,U000361,,,PASS
24296463,S10,U000405,,,PASS
24300458,S21,U000370,,,PASS
24331331,S31,U000362,,,PASS
24344449,S10,U000406,,,PASS
24360308,S21,U000371,,,PASS
24395456,S10,U000407,,,PASS
24412285,S21,U000372,,,PASS
24425551,S31,U000363,,,PASS
24461439,S10,U000408,,,PASS
24479220,S31,U000364,,,PASS
24490454,S21,U000373,,,PASS
24519358,S10,U000409,,,PASS
24547876,S21,U000374,,,PASS
24563562,S31,U000365,,,PASS
24594376,S10,U000410,,,PASS
24613737,S21,U000375,,,PASS
24636892,S31,U000366,,,PASS
24642028,S10,U000411,,,PASS
24684932,S31,U000367,,,PASS
24686815,S21,U000376,,,PASS
24711312,S10,U000412,,,PASS
24751750,S31,U000368,,,PASS
24760052,S10,U000413,,,PASS
24785168,S21,U000377,,,PASS
24816898,S31,U000369,,,PASS
24829544,S10,U000414,,,PASS
24836334,S21,U000378,,,PASS
24881001,S31,U000370,,,PASS
24881123,S10,U000415,,,PASS
24897357,S21,U000379,,,PASS
24940268,S10,U000416,,,PASS
24946501,S21,U000380,,,PASS
24955540,S31,U000371,,,PASS
25011736,S21,U000381,,,PASS
25024158,S10,U000417,,,PASS
25033786,S31,U000372,,,PASS
25060174,S21,U000382,,,PASS
25071004,S10,U000418,,,PASS
25101716,S31,U000373,,,PASS
25113834,S21,U000383,SEALER_VOID,2,FAIL
25128232,S10,U000419,,,PASS
25165776,S31,U000374,,,PASS
25177467,S21,U000384,,,PASS
25177646,S10,U000420,,,PASS
25221219,S31,U000375,,,PASS
25228669,S10,U000421,,,PASS
25232012,S21,U000385,,,PASS
25270788,S31,U000376,,,PASS
25276346,S21,U000386,,,PASS
25290040,S10,U000422,,,PASS
25330837,S31,U000377,,,PASS
25334523,S21,U000387,,,PASS
25355339,S10,U000423,,,PASS
25388695,S31,U000378,,,PASS
25395480,S21,U000388,,,PASS
25411204,S10,U000424,,,PASS
25437747,S31,U000379,,,PASS
25443588,S21,U000389,,,PASS
25453295,S10,U000425,,,PASS
25489845,S31,U000380,,,PASS
25493982,S21,U000390,,,PASS
25505609,S10,U000426,,,PASS
25553902,S21,U000391,SEALER_VOID,2,FAIL
25559702,S31,U000381,,,PASS
25560637,S10,U000427,,,PASS
25605787,S21,U000392,,,PASS
25606171,S10,U000428,,,PASS
25647133,S31,U000382,,,PASS
25655169,S21,U000393,,,PASS
25659433,S10,U000429,,,PASS
25721654,S10,U000430,,,PASS
25721854,S21,U000394,,,PASS
25723607,S31,U000383,SEALER_VOID,2,FAIL
25771955,S21,U000395,,,PASS
25787693,S31,U000384,,,PASS
25795999,S10,U000431,,,PASS
25838363,S21,U000396,,,PASS
25852406,S31,U000385,,,PASS
25854851,S10,U000432,,,PASS
25900164,S10,U000433,,,PASS
25900873,S21,U000397,,,PASS
25923274,S31,U000386,,,PASS
25952120,S21,U000398,,,PASS
25954779,S10,U000434,,,PASS
25986113,S31,U000387,,,PASS
26009065,S21,U000399,,,PASS
26017228,S10,U000435,,,PASS
26050456,S31,U000388,,,PASS
26084842,S21,U000400,,,PASS
26096949,S31,U000389,,,PASS
26130498,S10,U000436,,,PASS
26142389,S21,U000401,,,PASS
26143413,S31,U000390,,,PASS
26191991,S10,U000437,,,PASS
26194150,S21,U000402,,,PASS
26212024,S31,U000391,SEALER_VOID,2,FAIL
26260474,S31,U000392,,,PASS
26262089,S10,U000438,,,PASS
26262127,S21,U000403,,,PASS
26310573,S21,U000404,,,PASS
26311888,S31,U000393,,,PASS
26318891,S10,U000439,,,PASS
26365613,S21,U000405,,,PASS
26372792,S31,U000394,,,PASS
26385080,S10,U000440,,,PASS
26420267,S21,U000406,,,PASS
26436626,S31,U000395,,,PASS
26438196,S10,U000441,,,PASS
26482157,S31,U000396,,,PASS
26482270,S21,U000407,,,PASS
26484148,S10,U000442,,,PASS
26530516,S10,U000443,,,PASS
26532119,S31,U000397,,,PASS
26540571,S21,U000408,,,PASS
26578402,S10,U000444,,,PASS
26587798,S21,U000409,,,PASS
26591594,S31,U000398,,,PASS
26630171,S10,U000445,,,PASS
26642220,S21,U000410,,,PASS
26668914,S31,U000399,,,PASS
26703012,S21,U000411,,,PASS
26705457,S10,U000446,,,PASS
26742194,S31,U000400,,,PASS
26755161,S10,U000447,,,PASS
26758945,S21,U000412,,,PASS
26801978,S31,U000401,,,PASS
26805811,S21,U000413,,,PASS
26817556,S10,U000448,,,PASS
26859351,S31,U000402,,,PASS
26865674,S21,U000414,WELD_MISALIGNMENT,4,FAIL
26871326,S10,U000449,,,PASS
26912410,S31,U000403,,,PASS
26933520,S10,U000450,,,PASS
26955412,S21,U000415,,,PASS
26977016,S31,U000404,,,PASS
26981238,S10,U000451,,,PASS
27012420,S21,U000416,,,PASS
27022481,S10,U000452,,,PASS
27037042,S31,U000405,,,PASS
27077295,S21,U000417,,,PASS
27083412,S10,U000453,,,PASS
27095608,S31,U000406,,,PASS
27132012,S10,U000454,,,PASS
27140138,S21,U000418,SEALER_VOID,2,FAIL
27162422,S31,U000407,,,PASS
27182114,S10,U000455,,,PASS
27182185,S21,U000419,,,PASS
27235737,S31,U000408,,,PASS
27239282,S10,U000456,,,PASS
27242594,S21,U000420,WELD_MISALIGNMENT,4,FAIL
27285192,S10,U000457,,,PASS
27302310,S21,U000421,,,PASS
27311734,S31,U000409,,,PASS
27348677,S10,U000458,,,PASS
27361642,S21,U000422,,,PASS
27378113,S31,U000410,,,PASS
27397228,S10,U000459,,,PASS
27425762,S31,U000411,,,PASS
27429981,S21,U000423,,,PASS
27469593,S10,U000460,,,PASS
27494081,S31,U000412,,,PASS
27495369,S21,U000424,SEALER_VOID,2,FAIL
27531021,S10,U000461,,,PASS
27548408,S31,U000413,,,PASS
27550812,S21,U000425,,,PASS
27581559,S10,U000462,,,PASS
27631079,S31,U000414,WELD_MISALIGNMENT,4,FAIL
27637597,S21,U000426,,,PASS
27654714,S10,U000463,,,PASS
27696500,S31,U000415,,,PASS
27710379,S21,U000427,,,PASS
27731511,S10,U000464,,,PASS
27753552,S31,U000416,,,PASS
27782793,S10,U000465,,,PASS
27786057,S21,U000428,,,PASS
27800492,S31,U000417,,,PASS
27837731,S10,U000466,,,PASS
27854626,S21,U000429,,,PASS
27878665,S31,U000418,SEALER_VOID,2,FAIL
27896399,S10,U000467,,,PASS
27914002,S21,U000430,,,PASS
27928209,S31,U000419,,,PASS
27945274,S10,U000468,,,PASS
27968931,S21,U000431,,,PASS
27994986,S31,U000420,WELD_MISALIGNMENT,4,FAIL
27995000,S10,U000469,,,PASS
28037985,S21,U000432,,,PASS
28040362,S10,U000470,,,PASS
28057104,S31,U000421,,,PASS
28090021,S21,U000433,,,PASS
28104932,S10,U000471,,,PASS
28117964,S31,U000422,,,PASS
28140614,S21,U000434,,,PASS
28148801,S10,U000472,,,PASS
28179758,S31,U000423,,,PASS
28192146,S21,U000435,,,PASS
28198143,S10,U000473,,,PASS
28255298,S10,U000474,,,PASS
28265243,S21,U000436,,,PASS
28307785,S31,U000424,SEALER_VOID,2,FAIL
28308578,S10,U000475,,,PASS
28329253,S21,U000437,,,PASS
28360126,S10,U000476,,,PASS
28372604,S31,U000425,,,PASS
28405884,S10,U000477,,,PASS
28426879,S31,U000426,,,PASS
28430747,S21,U000438,,,PASS
28463074,S10,U000478,,,PASS
28481479,S21,U000439,,,PASS
28491185,S31,U000427,,,PASS
28513013,S10,U000479,,,PASS
28534386,S31,U000428,,,PASS
28538648,S21,U000440,,,PASS
28583279,S10,U000480,,,PASS
28586935,S21,U000441,,,PASS
28592199,S31,U000429,,,PASS
28639324,S10,U000481,,,PASS
28645655,S21,U000442,,,PASS
28688751,S10,U000482,,,PASS
28698762,S21,U000443,,,PASS
28736163,S10,U000483,,,PASS
28743645,S31,U000430,,,PASS
28770605,S21,U000444,,,PASS
28782699,S10,U000484,,,PASS
28796126,S31,U000431,,,PASS
