timestamp_ms,station_id,unit_id,check_type,result
358806,S08,U000001,VISUAL_ALIGNMENT,PASS
408094,S08,U000002,VISUAL_ALIGNMENT,PASS
479884,S08,U000003,VISUAL_ALIGNMENT,PASS
550810,S08,U000004,VISUAL_ALIGNMENT,PASS
589390,S13,U000001,VISUAL_ALIGNMENT,PASS
629198,S08,U000005,VISUAL_ALIGNMENT,PASS
656594,S13,U000002,VISUAL_ALIGNMENT,PASS
675473,S08,U000006,VISUAL_ALIGNMENT,PASS
725081,S08,U000007,VISUAL_ALIGNMENT,PASS
728628,S13,U000003,VISUAL_ALIGNMENT,PASS
788020,S13,U000004,VISUAL_ALIGNMENT,PASS
810904,S08,U000008,VISUAL_ALIGNMENT,PASS
840507,S18,U000001,VISUAL_ALIGNMENT,PASS
880635,S08,U000009,VISUAL_ALIGNMENT,PASS
892233,S13,U000005,VISUAL_ALIGNMENT,PASS
894652,S18,U000002,VISUAL_ALIGNMENT,PASS
954122,S08,U000010,VISUAL_ALIGNMENT,PASS
958502,S13,U000006,VISUAL_ALIGNMENT,PASS
980384,S18,U000003,VISUAL_ALIGNMENT,PASS
1003323,S08,U000011,VISUAL_ALIGNMENT,PASS
1039350,S13,U000007,VISUAL_ALIGNMENT,PASS
1066016,S08,U000012,VISUAL_ALIGNMENT,PASS
1070616,S18,U000004,VISUAL_ALIGNMENT,PASS
1087395,S13,U000008,VISUAL_ALIGNMENT,PASS
1114275,S24,U000001,VISUAL_ALIGNMENT,PASS
1137549,S08,U000013,VISUAL_ALIGNMENT,PASS
1152915,S18,U000005,VISUAL_ALIGNMENT,PASS
1168757,S13,U000009,VISUAL_ALIGNMENT,PASS
1192694,S24,U000002,VISUAL_ALIGNMENT,PASS
1205468,S08,U000014,VISUAL_ALIGNMENT,PASS
1224934,S18,U000006,VISUAL_ALIGNMENT,PASS
1239145,S13,U000010,VISUAL_ALIGNMENT,PASS
1258660,S08,U000015,VISUAL_ALIGNMENT,PASS
1284466,S18,U000007,VISUAL_ALIGNMENT,PASS
1302610,S13,U000011,VISUAL_ALIGNMENT,PASS
1309942,S24,U000003,VISUAL_ALIGNMENT,PASS
1327470,S08,U000016,VISUAL_ALIGNMENT,PASS
1364285,S18,U000008,VISUAL_ALIGNMENT,PASS
1369136,S13,U000012,VISUAL_ALIGNMENT,PASS
1381668,S08,U000017,VISUAL_ALIGNMENT,PASS
1387777,S24,U000004,VISUAL_ALIGNMENT,PASS
1409417,S18,U000009,VISUAL_ALIGNMENT,PASS
1413603,S13,U000013,VISUAL_ALIGNMENT,PASS
1420839,S30,U000001,VISUAL_ALIGNMENT,PASS
1428853,S08,U000018,VISUAL_ALIGNMENT,PASS
1439922,S24,U000005,VISUAL_ALIGNMENT,PASS
1469019,S13,U000014,VISUAL_ALIGNMENT,PASS
1475574,S30,U000002,VISUAL_ALIGNMENT,PASS
1484502,S08,U000019,VISUAL_ALIGNMENT,PASS
1491764,S24,U000006,VISUAL_ALIGNMENT,PASS
1521449,S18,U000010,VISUAL_ALIGNMENT,PASS
1533122,S08,U000020,VISUAL_ALIGNMENT,PASS
1540770,S13,U000015,VISUAL_ALIGNMENT,PASS
1571512,S18,U000011,VISUAL_ALIGNMENT,PASS
1586060,S13,U000016,VISUAL_ALIGNMENT,PASS
1589490,S24,U000007,VISUAL_ALIGNMENT,PASS
1593901,S08,U000021,VISUAL_ALIGNMENT,PASS
1608992,S30,U000003,VISUAL_ALIGNMENT,PASS
1636165,S13,U000017,VISUAL_ALIGNMENT,PASS
1639471,S08,U000022,VISUAL_ALIGNMENT,PASS
1641849,S18,U000012,VISUAL_ALIGNMENT,PASS
1674107,S24,U000008,VISUAL_ALIGNMENT,PASS
1678005,S30,U000004,VISUAL_ALIGNMENT,PASS
1680800,S13,U000018,VISUAL_ALIGNMENT,PASS
1689335,S08,U000023,VISUAL_ALIGNMENT,PASS
1691380,S18,U000013,VISUAL_ALIGNMENT,PASS
1734191,S24,U000009,VISUAL_ALIGNMENT,PASS
1746003,S30,U000005,VISUAL_ALIGNMENT,PASS
1748195,S13,U000019,VISUAL_ALIGNMENT,PASS
1748302,S08,U000024,VISUAL_ALIGNMENT,PASS
1756016,S18,U000014,VISUAL_ALIGNMENT,PASS
1796741,S24,U000010,VISUAL_ALIGNMENT,PASS
1804153,S30,U000006,VISUAL_ALIGNMENT,PASS
1811120,S13,U000020,VISUAL_ALIGNMENT,PASS
1811313,S18,U000015,VISUAL_ALIGNMENT,PASS
1813878,S08,U000025,VISUAL_ALIGNMENT,PASS
1860080,S24,U000011,VISUAL_ALIGNMENT,PASS
1867120,S18,U000016,VISUAL_ALIGNMENT,PASS
1868938,S13,U000021,VISUAL_ALIGNMENT,PASS
1878789,S08,U000026,VISUAL_ALIGNMENT,PASS
1891526,S30,U000007,VISUAL_ALIGNMENT,PASS
1923498,S18,U000017,VISUAL_ALIGNMENT,PASS
1931314,S08,U000027,VISUAL_ALIGNMENT,PASS
1937944,S13,U000022,VISUAL_ALIGNMENT,PASS
1948622,S24,U000012,VISUAL_ALIGNMENT,PASS
1954250,S30,U000008,VISUAL_ALIGNMENT,PASS
1978101,S18,U000018,VISUAL_ALIGNMENT,PASS
1988518,S08,U000028,VISUAL_ALIGNMENT,PASS
1999190,S24,U000013,VISUAL_ALIGNMENT,PASS
2013113,S13,U000023,VISUAL_ALIGNMENT,PASS
2024004,S30,U000009,VISUAL_ALIGNMENT,PASS
2036027,S18,U000019,VISUAL_ALIGNMENT,PASS
2043513,S08,U000029,VISUAL_ALIGNMENT,PASS
2051133,S24,U000014,VISUAL_ALIGNMENT,PASS
2064441,S13,U000024,VISUAL_ALIGNMENT,PASS
2079525,S30,U000010,VISUAL_ALIGNMENT,PASS
2088155,S18,U000020,VISUAL_ALIGNMENT,PASS
2089148,S08,U000030,VISUAL_ALIGNMENT,PASS
2122202,S13,U000025,VISUAL_ALIGNMENT,PASS
2132618,S30,U000011,VISUAL_ALIGNMENT,PASS
2137737,S24,U000015,VISUAL_ALIGNMENT,FAIL
2147816,S08,U000031,VISUAL_ALIGNMENT,PASS
2150403,S18,U000021,VISUAL_ALIGNMENT,PASS
2179717,S24,U000016,VISUAL_ALIGNMENT,PASS
2187393,S13,U000026,VISUAL_ALIGNMENT,PASS
2203790,S08,U000032,VISUAL_ALIGNMENT,PASS
2207821,S18,U000022,VISUAL_ALIGNMENT,FAIL
2237612,S24,U000017,VISUAL_ALIGNMENT,PASS
2241214,S30,U000012,VISUAL_ALIGNMENT,PASS
2260911,S13,U000027,VISUAL_ALIGNMENT,PASS
2265089,S08,U000033,VISUAL_ALIGNMENT,PASS
2284729,S18,U000023,VISUAL_ALIGNMENT,PASS
2284767,S24,U000018,VISUAL_ALIGNMENT,PASS
2306751,S30,U000013,VISUAL_ALIGNMENT,PASS
2312601,S13,U000028,VISUAL_ALIGNMENT,PASS
2346511,S24,U000019,VISUAL_ALIGNMENT,PASS
2351455,S30,U000014,VISUAL_ALIGNMENT,PASS
2352640,S18,U000024,VISUAL_ALIGNMENT,PASS
2362899,S08,U000034,VISUAL_ALIGNMENT,PASS
2376322,S13,U000029,VISUAL_ALIGNMENT,PASS
2410452,S24,U000020,VISUAL_ALIGNMENT,PASS
2420107,S18,U000025,VISUAL_ALIGNMENT,PASS
2422039,S13,U000030,VISUAL_ALIGNMENT,PASS
2424868,S30,U000015,VISUAL_ALIGNMENT,PASS
2444426,S08,U000035,VISUAL_ALIGNMENT,PASS
2475646,S30,U000016,VISUAL_ALIGNMENT,PASS
2478037,S24,U000021,VISUAL_ALIGNMENT,PASS
2485790,S18,U000026,VISUAL_ALIGNMENT,PASS
2495767,S08,U000036,VISUAL_ALIGNMENT,PASS
2495952,S13,U000031,VISUAL_ALIGNMENT,PASS
2542125,S13,U000032,VISUAL_ALIGNMENT,PASS
2542234,S18,U000027,VISUAL_ALIGNMENT,PASS
2542286,S24,U000022,VISUAL_ALIGNMENT,PASS
2546146,S30,U000017,VISUAL_ALIGNMENT,PASS
2547193,S08,U000037,VISUAL_ALIGNMENT,PASS
2593380,S24,U000023,VISUAL_ALIGNMENT,PASS
2597418,S30,U000018,VISUAL_ALIGNMENT,PASS
2602464,S13,U000033,VISUAL_ALIGNMENT,PASS
2609506,S08,U000038,VISUAL_ALIGNMENT,PASS
2613711,S18,U000028,VISUAL_ALIGNMENT,PASS
2643620,S30,U000019,VISUAL_ALIGNMENT,PASS
2652148,S24,U000024,VISUAL_ALIGNMENT,PASS
2671415,S13,U000034,VISUAL_ALIGNMENT,PASS
2673061,S18,U000029,VISUAL_ALIGNMENT,PASS
2692005,S08,U000039,VISUAL_ALIGNMENT,PASS
2701927,S30,U000020,VISUAL_ALIGNMENT,PASS
2726120,S24,U000025,VISUAL_ALIGNMENT,PASS
2742655,S13,U000035,VISUAL_ALIGNMENT,PASS
2747735,S18,U000030,VISUAL_ALIGNMENT,PASS
2757877,S30,U000021,VISUAL_ALIGNMENT,PASS
2774304,S24,U000026,VISUAL_ALIGNMENT,PASS
2776169,S08,U000040,VISUAL_ALIGNMENT,PASS
2805053,S18,U000031,VISUAL_ALIGNMENT,PASS
2809628,S30,U000022,VISUAL_ALIGNMENT,PASS
2810086,S13,U000036,VISUAL_ALIGNMENT,PASS
2828785,S24,U000027,VISUAL_ALIGNMENT,PASS
2841935,S08,U000041,VISUAL_ALIGNMENT,PASS
2870107,S13,U000037,VISUAL_ALIGNMENT,PASS
2881320,S30,U000023,VISUAL_ALIGNMENT,PASS
2889242,S18,U000032,VISUAL_ALIGNMENT,PASS
2907402,S08,U000042,VISUAL_ALIGNMENT,PASS
2920027,S13,U000038,VISUAL_ALIGNMENT,PASS
2937494,S24,U000028,VISUAL_ALIGNMENT,PASS
2941866,S30,U000024,VISUAL_ALIGNMENT,PASS
2953612,S18,U000033,VISUAL_ALIGNMENT,PASS
2957362,S08,U000043,VISUAL_ALIGNMENT,PASS
2972949,S13,U000039,VISUAL_ALIGNMENT,PASS
2985206,S24,U000029,VISUAL_ALIGNMENT,PASS
3008084,S08,U000044,VISUAL_ALIGNMENT,PASS
3035531,S18,U000034,VISUAL_ALIGNMENT,PASS
3042665,S24,U000030,VISUAL_ALIGNMENT,PASS
3046388,S30,U000025,VISUAL_ALIGNMENT,PASS
3055992,S08,U000045,VISUAL_ALIGNMENT,PASS
3061997,S13,U000040,VISUAL_ALIGNMENT,PASS
3091146,S30,U000026,VISUAL_ALIGNMENT,PASS
3091432,S18,U000035,VISUAL_ALIGNMENT,PASS
3110696,S08,U000046,VISUAL_ALIGNMENT,PASS
3128220,S13,U000041,VISUAL_ALIGNMENT,PASS
3129054,S24,U000031,VISUAL_ALIGNMENT,PASS
3147029,S30,U000027,VISUAL_ALIGNMENT,PASS
3159772,S18,U000036,VISUAL_ALIGNMENT,PASS
3169260,S08,U000047,VISUAL_ALIGNMENT,FAIL
3191184,S24,U000032,VISUAL_ALIGNMENT,PASS
3191876,S13,U000042,VISUAL_ALIGNMENT,PASS
3214104,S30,U000028,VISUAL_ALIGNMENT,PASS
3219071,S18,U000037,VISUAL_ALIGNMENT,PASS
3246147,S08,U000048,VISUAL_ALIGNMENT,PASS
3253051,S24,U000033,VISUAL_ALIGNMENT,PASS
3270308,S13,U000043,VISUAL_ALIGNMENT,PASS
3282306,S18,U000038,VISUAL_ALIGNMENT,PASS
3287635,S30,U000029,VISUAL_ALIGNMENT,PASS
3301420,S24,U000034,VISUAL_ALIGNMENT,PASS
3302339,S08,U000049,VISUAL_ALIGNMENT,PASS
3332776,S18,U000039,VISUAL_ALIGNMENT,PASS
3340372,S13,U000044,VISUAL_ALIGNMENT,PASS
3348236,S30,U000030,VISUAL_ALIGNMENT,PASS
3352104,S08,U000050,VISUAL_ALIGNMENT,PASS
3392342,S13,U000045,VISUAL_ALIGNMENT,PASS
3401048,S18,U000040,VISUAL_ALIGNMENT,PASS
3406447,S08,U000051,VISUAL_ALIGNMENT,PASS
3409992,S24,U000035,VISUAL_ALIGNMENT,PASS
3410587,S30,U000031,VISUAL_ALIGNMENT,PASS
3452503,S18,U000041,VISUAL_ALIGNMENT,PASS
3458761,S13,U000046,VISUAL_ALIGNMENT,PASS
3463912,S08,U000052,VISUAL_ALIGNMENT,PASS
3464074,S30,U000032,VISUAL_ALIGNMENT,PASS
3467528,S24,U000036,VISUAL_ALIGNMENT,PASS
3508223,S13,U000047,VISUAL_ALIGNMENT,PASS
3525201,S18,U000042,VISUAL_ALIGNMENT,PASS
3528664,S30,U000033,VISUAL_ALIGNMENT,PASS
3536524,S24,U000037,VISUAL_ALIGNMENT,PASS
3541106,S08,U000053,VISUAL_ALIGNMENT,PASS
3574840,S18,U000043,VISUAL_ALIGNMENT,PASS
3578267,S13,U000048,VISUAL_ALIGNMENT,PASS
3584779,S30,U000034,VISUAL_ALIGNMENT,PASS
3597932,S24,U000038,VISUAL_ALIGNMENT,PASS
3617909,S08,U000054,VISUAL_ALIGNMENT,PASS
3640188,S13,U000049,VISUAL_ALIGNMENT,PASS
3645032,S18,U000044,VISUAL_ALIGNMENT,PASS
3666869,S24,U000039,VISUAL_ALIGNMENT,PASS
3668611,S08,U000055,VISUAL_ALIGNMENT,FAIL
3694052,S30,U000035,VISUAL_ALIGNMENT,PASS
3701358,S13,U000050,VISUAL_ALIGNMENT,PASS
3723130,S18,U000045,VISUAL_ALIGNMENT,PASS
3729417,S24,U000040,VISUAL_ALIGNMENT,PASS
3737890,S08,U000056,VISUAL_ALIGNMENT,PASS
3755662,S30,U000036,VISUAL_ALIGNMENT,PASS
3757350,S13,U000051,VISUAL_ALIGNMENT,FAIL
3769021,S18,U000046,VISUAL_ALIGNMENT,PASS
3784099,S08,U000057,VISUAL_ALIGNMENT,FAIL
3793179,S24,U000041,VISUAL_ALIGNMENT,PASS
3802306,S30,U000037,VISUAL_ALIGNMENT,PASS
3838830,S13,U000052,VISUAL_ALIGNMENT,PASS
3841431,S24,U000042,VISUAL_ALIGNMENT,PASS
3844497,S18,U000047,VISUAL_ALIGNMENT,PASS
3861221,S08,U000058,VISUAL_ALIGNMENT,PASS
3889958,S30,U000038,VISUAL_ALIGNMENT,PASS
3891513,S24,U000043,VISUAL_ALIGNMENT,PASS
3893209,S18,U000048,VISUAL_ALIGNMENT,PASS
3909395,S13,U000053,VISUAL_ALIGNMENT,PASS
3912232,S08,U000059,VISUAL_ALIGNMENT,PASS
3940891,S18,U000049,VISUAL_ALIGNMENT,PASS
3955598,S08,U000060,VISUAL_ALIGNMENT,PASS
3956296,S24,U000044,VISUAL_ALIGNMENT,PASS
3958039,S30,U000039,VISUAL_ALIGNMENT,PASS
3969931,S13,U000054,VISUAL_ALIGNMENT,PASS
3998764,S18,U000050,VISUAL_ALIGNMENT,PASS
4008798,S24,U000045,VISUAL_ALIGNMENT,PASS
4014261,S08,U000061,VISUAL_ALIGNMENT,PASS
4018191,S30,U000040,VISUAL_ALIGNMENT,PASS
4046773,S13,U000055,VISUAL_ALIGNMENT,PASS
4054852,S08,U000062,VISUAL_ALIGNMENT,PASS
4063239,S24,U000046,VISUAL_ALIGNMENT,PASS
4065825,S18,U000051,VISUAL_ALIGNMENT,PASS
4065939,S30,U000041,VISUAL_ALIGNMENT,PASS
4106711,S13,U000056,VISUAL_ALIGNMENT,PASS
4111627,S08,U000063,VISUAL_ALIGNMENT,PASS
4131729,S18,U000052,VISUAL_ALIGNMENT,PASS
4143255,S24,U000047,VISUAL_ALIGNMENT,PASS
4150823,S30,U000042,VISUAL_ALIGNMENT,PASS
4152958,S13,U000057,VISUAL_ALIGNMENT,PASS
4167960,S08,U000064,VISUAL_ALIGNMENT,PASS
4196067,S18,U000053,VISUAL_ALIGNMENT,PASS
4206769,S30,U000043,VISUAL_ALIGNMENT,PASS
4209697,S24,U000048,VISUAL_ALIGNMENT,PASS
4216616,S13,U000058,VISUAL_ALIGNMENT,PASS
4237280,S08,U000065,VISUAL_ALIGNMENT,PASS
4257357,S30,U000044,VISUAL_ALIGNMENT,PASS
4273463,S18,U000054,VISUAL_ALIGNMENT,PASS
4278261,S24,U000049,VISUAL_ALIGNMENT,PASS
4286404,S13,U000059,VISUAL_ALIGNMENT,PASS
4288335,S08,U000066,VISUAL_ALIGNMENT,PASS
4316923,S30,U000045,VISUAL_ALIGNMENT,PASS
4332330,S24,U000050,VISUAL_ALIGNMENT,PASS
4338323,S18,U000055,VISUAL_ALIGNMENT,PASS
4339797,S08,U000067,VISUAL_ALIGNMENT,PASS
4349205,S13,U000060,VISUAL_ALIGNMENT,PASS
4376372,S30,U000046,VISUAL_ALIGNMENT,PASS
4391393,S24,U000051,VISUAL_ALIGNMENT,PASS
4398949,S08,U000068,VISUAL_ALIGNMENT,PASS
4400379,S13,U000061,VISUAL_ALIGNMENT,PASS
4415186,S18,U000056,VISUAL_ALIGNMENT,PASS
4441400,S08,U000069,VISUAL_ALIGNMENT,PASS
4442551,S13,U000062,VISUAL_ALIGNMENT,PASS
4449507,S30,U000047,VISUAL_ALIGNMENT,PASS
4450572,S24,U000052,VISUAL_ALIGNMENT,PASS
4482298,S18,U000057,VISUAL_ALIGNMENT,PASS
4497318,S30,U000048,VISUAL_ALIGNMENT,PASS
4511380,S08,U000070,VISUAL_ALIGNMENT,PASS
4514239,S24,U000053,VISUAL_ALIGNMENT,PASS
4525200,S13,U000063,VISUAL_ALIGNMENT,FAIL
4553597,S08,U000071,VISUAL_ALIGNMENT,PASS
4554350,S18,U000058,VISUAL_ALIGNMENT,PASS
4562759,S30,U000049,VISUAL_ALIGNMENT,PASS
4586580,S24,U000054,VISUAL_ALIGNMENT,PASS
4592649,S13,U000064,VISUAL_ALIGNMENT,PASS
4608684,S30,U000050,VISUAL_ALIGNMENT,PASS
4609196,S08,U000072,VISUAL_ALIGNMENT,PASS
4610608,S18,U000059,VISUAL_ALIGNMENT,PASS
4637648,S13,U000065,VISUAL_ALIGNMENT,PASS
4652189,S24,U000055,VISUAL_ALIGNMENT,PASS
4658199,S08,U000073,VISUAL_ALIGNMENT,PASS
4675172,S18,U000060,VISUAL_ALIGNMENT,PASS
4687301,S30,U000051,VISUAL_ALIGNMENT,PASS
4701813,S08,U000074,VISUAL_ALIGNMENT,PASS
4708849,S13,U000066,VISUAL_ALIGNMENT,PASS
4726942,S18,U000061,VISUAL_ALIGNMENT,PASS
4736811,S24,U000056,VISUAL_ALIGNMENT,PASS
4755072,S30,U000052,VISUAL_ALIGNMENT,PASS
4773107,S13,U000067,VISUAL_ALIGNMENT,PASS
4773947,S08,U000075,VISUAL_ALIGNMENT,PASS
4774078,S18,U000062,VISUAL_ALIGNMENT,PASS
4793446,S24,U000057,VISUAL_ALIGNMENT,PASS
4814320,S30,U000053,VISUAL_ALIGNMENT,FAIL
4842523,S18,U000063,VISUAL_ALIGNMENT,PASS
4845600,S13,U000068,VISUAL_ALIGNMENT,PASS
4850208,S24,U000058,VISUAL_ALIGNMENT,PASS
4854756,S08,U000076,VISUAL_ALIGNMENT,PASS
4874435,S30,U000054,VISUAL_ALIGNMENT,PASS
4898555,S13,U000069,VISUAL_ALIGNMENT,PASS
4899618,S18,U000064,VISUAL_ALIGNMENT,PASS
4911944,S08,U000077,VISUAL_ALIGNMENT,PASS
4928249,S24,U000059,VISUAL_ALIGNMENT,PASS
4935292,S30,U000055,VISUAL_ALIGNMENT,PASS
4947731,S13,U000070,VISUAL_ALIGNMENT,PASS
4960560,S18,U000065,VISUAL_ALIGNMENT,PASS
4967902,S08,U000078,VISUAL_ALIGNMENT,PASS
4992129,S13,U000071,VISUAL_ALIGNMENT,PASS
5001093,S24,U000060,VISUAL_ALIGNMENT,PASS
5008752,S18,U000066,VISUAL_ALIGNMENT,PASS
5028596,S30,U000056,VISUAL_ALIGNMENT,PASS
5045497,S24,U000061,VISUAL_ALIGNMENT,PASS
5047803,S13,U000072,VISUAL_ALIGNMENT,PASS
5062692,S08,U000079,VISUAL_ALIGNMENT,PASS
5072194,S18,U000067,VISUAL_ALIGNMENT,PASS
5101505,S30,U000057,VISUAL_ALIGNMENT,PASS
5111049,S13,U000073,VISUAL_ALIGNMENT,PASS
5116450,S24,U000062,VISUAL_ALIGNMENT,PASS
5118403,S18,U000068,VISUAL_ALIGNMENT,FAIL
5125652,S08,U000080,VISUAL_ALIGNMENT,PASS
5156985,S13,U000074,VISUAL_ALIGNMENT,PASS
5169637,S30,U000058,VISUAL_ALIGNMENT,PASS
5169698,S08,U000081,VISUAL_ALIGNMENT,PASS
5183744,S18,U000069,VISUAL_ALIGNMENT,PASS
5187141,S24,U000063,VISUAL_ALIGNMENT,PASS
5233842,S18,U000070,VISUAL_ALIGNMENT,PASS
5237799,S30,U000059,VISUAL_ALIGNMENT,PASS
5241560,S08,U000082,VISUAL_ALIGNMENT,PASS
5243742,S24,U000064,VISUAL_ALIGNMENT,PASS
5246565,S13,U000075,VISUAL_ALIGNMENT,PASS
5290240,S18,U000071,VISUAL_ALIGNMENT,FAIL
5295625,S08,U000083,VISUAL_ALIGNMENT,PASS
5297366,S30,U000060,VISUAL_ALIGNMENT,PASS
5307469,S24,U000065,VISUAL_ALIGNMENT,PASS
5322771,S13,U000076,VISUAL_ALIGNMENT,PASS
5342458,S18,U000072,VISUAL_ALIGNMENT,PASS
5356671,S08,U000084,VISUAL_ALIGNMENT,PASS
5366355,S24,U000066,VISUAL_ALIGNMENT,PASS
5369313,S30,U000061,VISUAL_ALIGNMENT,PASS
5380354,S13,U000077,VISUAL_ALIGNMENT,PASS
5392045,S18,U000073,VISUAL_ALIGNMENT,PASS
5414773,S30,U000062,VISUAL_ALIGNMENT,PASS
5416067,S08,U000085,VISUAL_ALIGNMENT,PASS
5421138,S13,U000078,VISUAL_ALIGNMENT,PASS
5425695,S24,U000067,VISUAL_ALIGNMENT,PASS
5453399,S18,U000074,VISUAL_ALIGNMENT,PASS
5455325,S08,U000086,VISUAL_ALIGNMENT,FAIL
5473549,S13,U000079,VISUAL_ALIGNMENT,PASS
5481567,S30,U000063,VISUAL_ALIGNMENT,PASS
5495788,S24,U000068,VISUAL_ALIGNMENT,PASS
5507168,S18,U000075,VISUAL_ALIGNMENT,PASS
5512906,S08,U000087,VISUAL_ALIGNMENT,PASS
5546569,S30,U000064,VISUAL_ALIGNMENT,PASS
5552219,S13,U000080,VISUAL_ALIGNMENT,PASS
5565229,S08,U000088,VISUAL_ALIGNMENT,PASS
5580798,S18,U000076,VISUAL_ALIGNMENT,PASS
5584259,S24,U000069,VISUAL_ALIGNMENT,PASS
5589004,S30,U000065,VISUAL_ALIGNMENT,PASS
5602155,S13,U000081,VISUAL_ALIGNMENT,PASS
5623961,S08,U000089,VISUAL_ALIGNMENT,PASS
5638439,S18,U000077,VISUAL_ALIGNMENT,PASS
5638913,S30,U000066,VISUAL_ALIGNMENT,FAIL
5652176,S13,U000082,VISUAL_ALIGNMENT,PASS
5659725,S24,U000070,VISUAL_ALIGNMENT,PASS
5680780,S08,U000090,VISUAL_ALIGNMENT,PASS
5685779,S30,U000067,VISUAL_ALIGNMENT,PASS
5710409,S13,U000083,VISUAL_ALIGNMENT,PASS
5719877,S18,U000078,VISUAL_ALIGNMENT,PASS
5727331,S24,U000071,VISUAL_ALIGNMENT,PASS
5736332,S08,U000091,VISUAL_ALIGNMENT,PASS
5754305,S13,U000084,VISUAL_ALIGNMENT,PASS
5774962,S18,U000079,VISUAL_ALIGNMENT,PASS
5779360,S24,U000072,VISUAL_ALIGNMENT,PASS
5785013,S30,U000068,VISUAL_ALIGNMENT,PASS
5803660,S08,U000092,VISUAL_ALIGNMENT,PASS
5819417,S13,U000085,VISUAL_ALIGNMENT,PASS
5839553,S18,U000080,VISUAL_ALIGNMENT,PASS
5856865,S30,U000069,VISUAL_ALIGNMENT,PASS
5877734,S13,U000086,VISUAL_ALIGNMENT,PASS
5878282,S08,U000093,VISUAL_ALIGNMENT,FAIL
5881140,S24,U000073,VISUAL_ALIGNMENT,PASS
5910106,S18,U000081,VISUAL_ALIGNMENT,PASS
5919830,S13,U000087,VISUAL_ALIGNMENT,PASS
5930437,S24,U000074,VISUAL_ALIGNMENT,PASS
5931098,S08,U000094,VISUAL_ALIGNMENT,PASS
5952912,S30,U000070,VISUAL_ALIGNMENT,PASS
5972317,S18,U000082,VISUAL_ALIGNMENT,PASS
5981436,S24,U000075,VISUAL_ALIGNMENT,PASS
5981978,S13,U000088,VISUAL_ALIGNMENT,PASS
5998165,S08,U000095,VISUAL_ALIGNMENT,PASS
6014373,S30,U000071,VISUAL_ALIGNMENT,PASS
6030381,S18,U000083,VISUAL_ALIGNMENT,PASS
6037129,S24,U000076,VISUAL_ALIGNMENT,PASS
6038437,S08,U000096,VISUAL_ALIGNMENT,PASS
6051492,S13,U000089,VISUAL_ALIGNMENT,PASS
6072579,S30,U000072,VISUAL_ALIGNMENT,PASS
6084030,S18,U000084,VISUAL_ALIGNMENT,PASS
6099481,S08,U000097,VISUAL_ALIGNMENT,PASS
6106496,S24,U000077,VISUAL_ALIGNMENT,PASS
6115682,S13,U000090,VISUAL_ALIGNMENT,PASS
6138940,S08,U000098,VISUAL_ALIGNMENT,PASS
6141823,S18,U000085,VISUAL_ALIGNMENT,PASS
6164818,S13,U000091,VISUAL_ALIGNMENT,PASS
6165982,S30,U000073,VISUAL_ALIGNMENT,PASS
6186359,S24,U000078,VISUAL_ALIGNMENT,PASS
6189429,S18,U000086,VISUAL_ALIGNMENT,PASS
6200328,S08,U000099,VISUAL_ALIGNMENT,PASS
6214195,S13,U000092,VISUAL_ALIGNMENT,PASS
6233489,S24,U000079,VISUAL_ALIGNMENT,PASS
6238516,S30,U000074,VISUAL_ALIGNMENT,PASS
6249339,S18,U000087,VISUAL_ALIGNMENT,PASS
6257210,S08,U000100,VISUAL_ALIGNMENT,PASS
6266226,S13,U000093,VISUAL_ALIGNMENT,PASS
6292875,S24,U000080,VISUAL_ALIGNMENT,PASS
6304085,S30,U000075,VISUAL_ALIGNMENT,PASS
6313018,S08,U000101,VISUAL_ALIGNMENT,PASS
6328352,S13,U000094,VISUAL_ALIGNMENT,PASS
6331680,S18,U000088,VISUAL_ALIGNMENT,PASS
6351634,S24,U000081,VISUAL_ALIGNMENT,PASS
6357243,S08,U000102,VISUAL_ALIGNMENT,PASS
6364292,S30,U000076,VISUAL_ALIGNMENT,PASS
6381102,S13,U000095,VISUAL_ALIGNMENT,PASS
6396419,S08,U000103,VISUAL_ALIGNMENT,PASS
6404380,S18,U000089,VISUAL_ALIGNMENT,PASS
6409697,S24,U000082,VISUAL_ALIGNMENT,PASS
6413460,S30,U000077,VISUAL_ALIGNMENT,PASS
6449503,S08,U000104,VISUAL_ALIGNMENT,PASS
6459793,S13,U000096,VISUAL_ALIGNMENT,PASS
6460754,S24,U000083,VISUAL_ALIGNMENT,PASS
6473074,S18,U000090,VISUAL_ALIGNMENT,PASS
6485283,S30,U000078,VISUAL_ALIGNMENT,PASS
6510977,S08,U000105,VISUAL_ALIGNMENT,PASS
6512129,S13,U000097,VISUAL_ALIGNMENT,PASS
6518928,S24,U000084,VISUAL_ALIGNMENT,PASS
6529373,S18,U000091,VISUAL_ALIGNMENT,PASS
6565750,S24,U000085,VISUAL_ALIGNMENT,PASS
6568861,S30,U000079,VISUAL_ALIGNMENT,PASS
6572753,S13,U000098,VISUAL_ALIGNMENT,PASS
6582111,S18,U000092,VISUAL_ALIGNMENT,PASS
6586355,S08,U000106,VISUAL_ALIGNMENT,PASS
6619271,S30,U000080,VISUAL_ALIGNMENT,PASS
6626785,S24,U000086,VISUAL_ALIGNMENT,PASS
6636755,S08,U000107,VISUAL_ALIGNMENT,PASS
6639911,S13,U000099,VISUAL_ALIGNMENT,PASS
6648751,S18,U000093,VISUAL_ALIGNMENT,PASS
6672817,S30,U000081,VISUAL_ALIGNMENT,PASS
6682843,S08,U000108,VISUAL_ALIGNMENT,PASS
6694390,S24,U000087,VISUAL_ALIGNMENT,PASS
6704214,S13,U000100,VISUAL_ALIGNMENT,PASS
6728941,S30,U000082,VISUAL_ALIGNMENT,PASS
6739258,S08,U000109,VISUAL_ALIGNMENT,PASS
6743744,S18,U000094,VISUAL_ALIGNMENT,PASS
6745318,S24,U000088,VISUAL_ALIGNMENT,PASS
6788311,S30,U000083,VISUAL_ALIGNMENT,PASS
6790968,S13,U000101,VISUAL_ALIGNMENT,PASS
6794126,S18,U000095,VISUAL_ALIGNMENT,PASS
6796498,S08,U000110,VISUAL_ALIGNMENT,PASS
6806489,S24,U000089,VISUAL_ALIGNMENT,PASS
6846048,S18,U000096,VISUAL_ALIGNMENT,PASS
6847883,S13,U000102,VISUAL_ALIGNMENT,PASS
6851042,S30,U000084,VISUAL_ALIGNMENT,PASS
6859022,S08,U000111,VISUAL_ALIGNMENT,PASS
6867634,S24,U000090,VISUAL_ALIGNMENT,PASS
6906943,S18,U000097,VISUAL_ALIGNMENT,FAIL
6909657,S08,U000112,VISUAL_ALIGNMENT,PASS
6913761,S30,U000085,VISUAL_ALIGNMENT,PASS
6918907,S13,U000103,VISUAL_ALIGNMENT,PASS
6936783,S24,U000091,VISUAL_ALIGNMENT,PASS
6949864,S08,U000113,VISUAL_ALIGNMENT,PASS
6964009,S13,U000104,VISUAL_ALIGNMENT,PASS
6989560,S18,U000098,VISUAL_ALIGNMENT,PASS
6989576,S30,U000086,VISUAL_ALIGNMENT,PASS
7023580,S24,U000092,VISUAL_ALIGNMENT,PASS
7027176,S08,U000114,VISUAL_ALIGNMENT,PASS
7041836,S13,U000105,VISUAL_ALIGNMENT,PASS
7051515,S30,U000087,VISUAL_ALIGNMENT,FAIL
7060071,S18,U000099,VISUAL_ALIGNMENT,PASS
7076213,S24,U000093,VISUAL_ALIGNMENT,PASS
7083957,S08,U000115,VISUAL_ALIGNMENT,PASS
7095165,S13,U000106,VISUAL_ALIGNMENT,PASS
7115537,S30,U000088,VISUAL_ALIGNMENT,PASS
7136012,S08,U000116,VISUAL_ALIGNMENT,PASS
7136390,S18,U000100,VISUAL_ALIGNMENT,PASS
7137393,S24,U000094,VISUAL_ALIGNMENT,PASS
7166457,S13,U000107,VISUAL_ALIGNMENT,PASS
7169345,S30,U000089,VISUAL_ALIGNMENT,PASS
7182402,S08,U000117,VISUAL_ALIGNMENT,PASS
7200625,S18,U000101,VISUAL_ALIGNMENT,PASS
7204680,S30,U000090,VISUAL_ALIGNMENT,PASS
7216554,S13,U000108,VISUAL_ALIGNMENT,PASS
7217239,S24,U000095,VISUAL_ALIGNMENT,PASS
7248034,S08,U000118,VISUAL_ALIGNMENT,PASS
7258091,S24,U000096,VISUAL_ALIGNMENT,PASS
7265040,S13,U000109,VISUAL_ALIGNMENT,PASS
7272837,S30,U000091,VISUAL_ALIGNMENT,PASS
7277153,S18,U000102,VISUAL_ALIGNMENT,PASS
7307584,S08,U000119,VISUAL_ALIGNMENT,PASS
7309165,S24,U000097,VISUAL_ALIGNMENT,PASS
7319124,S13,U000110,VISUAL_ALIGNMENT,PASS
7326678,S30,U000092,VISUAL_ALIGNMENT,PASS
7338547,S18,U000103,VISUAL_ALIGNMENT,FAIL
7374596,S24,U000098,VISUAL_ALIGNMENT,PASS
7382824,S13,U000111,VISUAL_ALIGNMENT,PASS
7387313,S30,U000093,VISUAL_ALIGNMENT,PASS
7395720,S08,U000120,VISUAL_ALIGNMENT,PASS
7408864,S18,U000104,VISUAL_ALIGNMENT,PASS
7429941,S13,U000112,VISUAL_ALIGNMENT,PASS
7440590,S30,U000094,VISUAL_ALIGNMENT,PASS
7444302,S24,U000099,VISUAL_ALIGNMENT,PASS
7455868,S08,U000121,VISUAL_ALIGNMENT,PASS
7479211,S18,U000105,VISUAL_ALIGNMENT,PASS
7479650,S13,U000113,VISUAL_ALIGNMENT,PASS
7505740,S30,U000095,VISUAL_ALIGNMENT,PASS
7519713,S08,U000122,VISUAL_ALIGNMENT,PASS
7521249,S24,U000100,VISUAL_ALIGNMENT,PASS
7524163,S13,U000114,VISUAL_ALIGNMENT,PASS
7530060,S18,U000106,VISUAL_ALIGNMENT,PASS
7548949,S30,U000096,VISUAL_ALIGNMENT,PASS
7556400,S08,U000123,VISUAL_ALIGNMENT,FAIL
7585576,S13,U000115,VISUAL_ALIGNMENT,PASS
7587340,S24,U000101,VISUAL_ALIGNMENT,PASS
7592171,S18,U000107,VISUAL_ALIGNMENT,PASS
7611657,S30,U000097,VISUAL_ALIGNMENT,PASS
7613970,S08,U000124,VISUAL_ALIGNMENT,PASS
7642911,S24,U000102,VISUAL_ALIGNMENT,PASS
7647867,S13,U000116,VISUAL_ALIGNMENT,PASS
7653193,S18,U000108,VISUAL_ALIGNMENT,PASS
7665513,S30,U000098,VISUAL_ALIGNMENT,PASS
7679255,S08,U000125,VISUAL_ALIGNMENT,PASS
7699985,S24,U000103,VISUAL_ALIGNMENT,PASS
7707431,S13,U000117,VISUAL_ALIGNMENT,PASS
7711092,S18,U000109,VISUAL_ALIGNMENT,PASS
7730840,S08,U000126,VISUAL_ALIGNMENT,PASS
7744222,S30,U000099,VISUAL_ALIGNMENT,PASS
7774788,S13,U000118,VISUAL_ALIGNMENT,PASS
7781964,S08,U000127,VISUAL_ALIGNMENT,PASS
7785773,S24,U000104,VISUAL_ALIGNMENT,PASS
7788042,S18,U000110,VISUAL_ALIGNMENT,PASS
7800752,S30,U000100,VISUAL_ALIGNMENT,PASS
7824426,S13,U000119,VISUAL_ALIGNMENT,PASS
7846600,S24,U000105,VISUAL_ALIGNMENT,PASS
7850899,S18,U000111,VISUAL_ALIGNMENT,PASS
7855243,S08,U000128,VISUAL_ALIGNMENT,PASS
7864738,S13,U000120,VISUAL_ALIGNMENT,PASS
7877379,S30,U000101,VISUAL_ALIGNMENT,PASS
7916850,S18,U000112,VISUAL_ALIGNMENT,PASS
7919223,S24,U000106,VISUAL_ALIGNMENT,PASS
7925631,S08,U000129,VISUAL_ALIGNMENT,PASS
7928142,S30,U000102,VISUAL_ALIGNMENT,PASS
7943845,S13,U000121,VISUAL_ALIGNMENT,PASS
7981318,S30,U000103,VISUAL_ALIGNMENT,PASS
7983814,S18,U000113,VISUAL_ALIGNMENT,PASS
7991753,S24,U000107,VISUAL_ALIGNMENT,PASS
8005797,S08,U000130,VISUAL_ALIGNMENT,PASS
8041475,S13,U000122,VISUAL_ALIGNMENT,PASS
8045637,S18,U000114,VISUAL_ALIGNMENT,PASS
8053992,S24,U000108,VISUAL_ALIGNMENT,PASS
8054078,S08,U000131,VISUAL_ALIGNMENT,PASS
8087277,S30,U000104,VISUAL_ALIGNMENT,PASS
8100009,S24,U000109,VISUAL_ALIGNMENT,PASS
8106923,S18,U000115,VISUAL_ALIGNMENT,PASS
8110303,S08,U000132,VISUAL_ALIGNMENT,PASS
8120340,S13,U000123,VISUAL_ALIGNMENT,PASS
8138861,S30,U000105,VISUAL_ALIGNMENT,PASS
8155213,S18,U000116,VISUAL_ALIGNMENT,PASS
8171699,S24,U000110,VISUAL_ALIGNMENT,PASS
8186323,S08,U000133,VISUAL_ALIGNMENT,PASS
8199056,S13,U000124,VISUAL_ALIGNMENT,PASS
8208618,S18,U000117,VISUAL_ALIGNMENT,PASS
8213513,S30,U000106,VISUAL_ALIGNMENT,PASS
8233086,S24,U000111,VISUAL_ALIGNMENT,PASS
8240945,S08,U000134,VISUAL_ALIGNMENT,PASS
8278431,S13,U000125,VISUAL_ALIGNMENT,PASS
8291059,S18,U000118,VISUAL_ALIGNMENT,PASS
8300122,S24,U000112,VISUAL_ALIGNMENT,PASS
8302831,S08,U000135,VISUAL_ALIGNMENT,PASS
8315322,S30,U000107,VISUAL_ALIGNMENT,PASS
8333966,S18,U000119,VISUAL_ALIGNMENT,PASS
8340818,S13,U000126,VISUAL_ALIGNMENT,PASS
8347135,S24,U000113,VISUAL_ALIGNMENT,PASS
8350406,S08,U000136,VISUAL_ALIGNMENT,PASS
8371260,S30,U000108,VISUAL_ALIGNMENT,PASS
8387558,S18,U000120,VISUAL_ALIGNMENT,PASS
8388770,S13,U000127,VISUAL_ALIGNMENT,PASS
8406522,S24,U000114,VISUAL_ALIGNMENT,PASS
8406697,S08,U000137,VISUAL_ALIGNMENT,PASS
8432799,S30,U000109,VISUAL_ALIGNMENT,PASS
8447575,S13,U000128,VISUAL_ALIGNMENT,PASS
8451484,S18,U000121,VISUAL_ALIGNMENT,PASS
8466273,S24,U000115,VISUAL_ALIGNMENT,PASS
8475697,S08,U000138,VISUAL_ALIGNMENT,PASS
8480353,S30,U000110,VISUAL_ALIGNMENT,PASS
8503832,S13,U000129,VISUAL_ALIGNMENT,PASS
8509350,S18,U000122,VISUAL_ALIGNMENT,PASS
8528113,S30,U000111,VISUAL_ALIGNMENT,PASS
8528380,S24,U000116,VISUAL_ALIGNMENT,PASS
8546901,S08,U000139,VISUAL_ALIGNMENT,PASS
8560867,S13,U000130,VISUAL_ALIGNMENT,PASS
8575275,S30,U000112,VISUAL_ALIGNMENT,PASS
8591817,S18,U000123,VISUAL_ALIGNMENT,PASS
8597866,S24,U000117,VISUAL_ALIGNMENT,PASS
8605075,S08,U000140,VISUAL_ALIGNMENT,PASS
8620918,S13,U000131,VISUAL_ALIGNMENT,PASS
8629764,S30,U000113,VISUAL_ALIGNMENT,PASS
8642376,S18,U000124,VISUAL_ALIGNMENT,FAIL
8670033,S08,U000141,VISUAL_ALIGNMENT,PASS
8681225,S24,U000118,VISUAL_ALIGNMENT,PASS
8687994,S13,U000132,VISUAL_ALIGNMENT,PASS
8693704,S30,U000114,VISUAL_ALIGNMENT,PASS
8703751,S18,U000125,VISUAL_ALIGNMENT,PASS
8738012,S13,U000133,VISUAL_ALIGNMENT,PASS
8746085,S08,U000142,VISUAL_ALIGNMENT,PASS
8749538,S30,U000115,VISUAL_ALIGNMENT,PASS
8750965,S18,U000126,VISUAL_ALIGNMENT,PASS
8763009,S24,U000119,VISUAL_ALIGNMENT,PASS
8808738,S18,U000127,VISUAL_ALIGNMENT,PASS
8808789,S08,U000143,VISUAL_ALIGNMENT,PASS
8812694,S13,U000134,VISUAL_ALIGNMENT,PASS
8818281,S30,U000116,VISUAL_ALIGNMENT,PASS
8852484,S24,U000120,VISUAL_ALIGNMENT,PASS
8861013,S08,U000144,VISUAL_ALIGNMENT,PASS
8862246,S18,U000128,VISUAL_ALIGNMENT,PASS
8869209,S13,U000135,VISUAL_ALIGNMENT,PASS
8892343,S30,U000117,VISUAL_ALIGNMENT,PASS
8907177,S24,U000121,VISUAL_ALIGNMENT,PASS
8910686,S18,U000129,VISUAL_ALIGNMENT,PASS
8920606,S08,U000145,VISUAL_ALIGNMENT,PASS
8922880,S13,U000136,VISUAL_ALIGNMENT,PASS
8964544,S24,U000122,VISUAL_ALIGNMENT,PASS
8977032,S08,U000146,VISUAL_ALIGNMENT,PASS
8985014,S30,U000118,VISUAL_ALIGNMENT,PASS
8990524,S18,U000130,VISUAL_ALIGNMENT,FAIL
9007629,S13,U000137,VISUAL_ALIGNMENT,PASS
9034261,S24,U000123,VISUAL_ALIGNMENT,PASS
9034687,S08,U000147,VISUAL_ALIGNMENT,PASS
9043742,S18,U000131,VISUAL_ALIGNMENT,PASS
9064021,S30,U000119,VISUAL_ALIGNMENT,PASS
9076320,S24,U000124,VISUAL_ALIGNMENT,PASS
9088108,S13,U000138,VISUAL_ALIGNMENT,PASS
9091975,S08,U000148,VISUAL_ALIGNMENT,PASS
9111305,S30,U000120,VISUAL_ALIGNMENT,PASS
9119264,S18,U000132,VISUAL_ALIGNMENT,PASS
9140416,S13,U000139,VISUAL_ALIGNMENT,PASS
9144987,S08,U000149,VISUAL_ALIGNMENT,PASS
9147670,S24,U000125,VISUAL_ALIGNMENT,PASS
9191380,S24,U000126,VISUAL_ALIGNMENT,PASS
9192666,S18,U000133,VISUAL_ALIGNMENT,PASS
9200137,S08,U000150,VISUAL_ALIGNMENT,PASS
9201877,S30,U000121,VISUAL_ALIGNMENT,PASS
9211386,S13,U000140,VISUAL_ALIGNMENT,FAIL
9251225,S30,U000122,VISUAL_ALIGNMENT,PASS
9251601,S24,U000127,VISUAL_ALIGNMENT,PASS
9255069,S18,U000134,VISUAL_ALIGNMENT,PASS
9255606,S13,U000141,VISUAL_ALIGNMENT,PASS
9262222,S08,U000151,VISUAL_ALIGNMENT,PASS
9308903,S18,U000135,VISUAL_ALIGNMENT,PASS
9310006,S08,U000152,VISUAL_ALIGNMENT,PASS
9313956,S13,U000142,VISUAL_ALIGNMENT,PASS
9315369,S24,U000128,VISUAL_ALIGNMENT,PASS
9349663,S30,U000123,VISUAL_ALIGNMENT,PASS
9362893,S24,U000129,VISUAL_ALIGNMENT,PASS
9369080,S08,U000153,VISUAL_ALIGNMENT,PASS
9381985,S13,U000143,VISUAL_ALIGNMENT,PASS
9385197,S18,U000136,VISUAL_ALIGNMENT,PASS
9406134,S30,U000124,VISUAL_ALIGNMENT,PASS
9410994,S08,U000154,VISUAL_ALIGNMENT,PASS
9433471,S24,U000130,VISUAL_ALIGNMENT,PASS
9445554,S30,U000125,VISUAL_ALIGNMENT,PASS
9457679,S13,U000144,VISUAL_ALIGNMENT,PASS
9459895,S18,U000137,VISUAL_ALIGNMENT,PASS
9467946,S08,U000155,VISUAL_ALIGNMENT,PASS
9491140,S30,U000126,VISUAL_ALIGNMENT,PASS
9495038,S24,U000131,VISUAL_ALIGNMENT,PASS
9509410,S18,U000138,VISUAL_ALIGNMENT,PASS
9510481,S13,U000145,VISUAL_ALIGNMENT,PASS
9547416,S08,U000156,VISUAL_ALIGNMENT,PASS
9557440,S13,U000146,VISUAL_ALIGNMENT,PASS
9567766,S18,U000139,VISUAL_ALIGNMENT,PASS
9568999,S30,U000127,VISUAL_ALIGNMENT,PASS
9576498,S24,U000132,VISUAL_ALIGNMENT,PASS
9590797,S08,U000157,VISUAL_ALIGNMENT,PASS
9617514,S18,U000140,VISUAL_ALIGNMENT,PASS
9622877,S30,U000128,VISUAL_ALIGNMENT,PASS
9633002,S13,U000147,VISUAL_ALIGNMENT,PASS
9634048,S24,U000133,VISUAL_ALIGNMENT,PASS
9652061,S08,U000158,VISUAL_ALIGNMENT,PASS
9670874,S18,U000141,VISUAL_ALIGNMENT,PASS
9678110,S30,U000129,VISUAL_ALIGNMENT,PASS
9685338,S13,U000148,VISUAL_ALIGNMENT,PASS
9692565,S24,U000134,VISUAL_ALIGNMENT,PASS
9695873,S08,U000159,VISUAL_ALIGNMENT,PASS
9723701,S18,U000142,VISUAL_ALIGNMENT,FAIL
9734292,S13,U000149,VISUAL_ALIGNMENT,PASS
9735895,S30,U000130,VISUAL_ALIGNMENT,PASS
9750152,S24,U000135,VISUAL_ALIGNMENT,PASS
9773735,S08,U000160,VISUAL_ALIGNMENT,PASS
9786669,S30,U000131,VISUAL_ALIGNMENT,PASS
9788283,S13,U000150,VISUAL_ALIGNMENT,PASS
9805175,S18,U000143,VISUAL_ALIGNMENT,PASS
9807153,S24,U000136,VISUAL_ALIGNMENT,PASS
9840504,S08,U000161,VISUAL_ALIGNMENT,PASS
9845195,S30,U000132,VISUAL_ALIGNMENT,PASS
9846367,S13,U000151,VISUAL_ALIGNMENT,PASS
9863577,S18,U000144,VISUAL_ALIGNMENT,PASS
9866830,S24,U000137,VISUAL_ALIGNMENT,PASS
9893628,S08,U000162,VISUAL_ALIGNMENT,PASS
9915313,S18,U000145,VISUAL_ALIGNMENT,PASS
9924273,S30,U000133,VISUAL_ALIGNMENT,PASS
9925305,S13,U000152,VISUAL_ALIGNMENT,PASS
9933800,S24,U000138,VISUAL_ALIGNMENT,PASS
9938448,S08,U000163,VISUAL_ALIGNMENT,PASS
9976291,S18,U000146,VISUAL_ALIGNMENT,PASS
9979647,S24,U000139,VISUAL_ALIGNMENT,PASS
9980301,S30,U000134,VISUAL_ALIGNMENT,PASS
9991674,S08,U000164,VISUAL_ALIGNMENT,PASS
9993829,S13,U000153,VISUAL_ALIGNMENT,PASS
10034938,S18,U000147,VISUAL_ALIGNMENT,PASS
10038567,S30,U000135,VISUAL_ALIGNMENT,PASS
10044159,S13,U000154,VISUAL_ALIGNMENT,PASS
10047761,S24,U000140,VISUAL_ALIGNMENT,PASS
10057460,S08,U000165,VISUAL_ALIGNMENT,PASS
10096956,S13,U000155,VISUAL_ALIGNMENT,PASS
10109254,S24,U000141,VISUAL_ALIGNMENT,PASS
10109365,S18,U000148,VISUAL_ALIGNMENT,PASS
10113530,S08,U000166,VISUAL_ALIGNMENT,PASS
10137324,S30,U000136,VISUAL_ALIGNMENT,PASS
10166128,S13,U000156,VISUAL_ALIGNMENT,PASS
10168054,S18,U000149,VISUAL_ALIGNMENT,PASS
10180964,S24,U000142,VISUAL_ALIGNMENT,PASS
10181724,S08,U000167,VISUAL_ALIGNMENT,PASS
10211265,S30,U000137,VISUAL_ALIGNMENT,PASS
10231480,S24,U000143,VISUAL_ALIGNMENT,PASS
10234765,S08,U000168,VISUAL_ALIGNMENT,PASS
10242230,S18,U000150,VISUAL_ALIGNMENT,PASS
10243199,S13,U000157,VISUAL_ALIGNMENT,PASS
10266343,S30,U000138,VISUAL_ALIGNMENT,PASS
10301263,S08,U000169,VISUAL_ALIGNMENT,FAIL
10310183,S24,U000144,VISUAL_ALIGNMENT,PASS
10311949,S13,U000158,VISUAL_ALIGNMENT,PASS
10313606,S18,U000151,VISUAL_ALIGNMENT,PASS
10324166,S30,U000139,VISUAL_ALIGNMENT,PASS
10345167,S08,U000170,VISUAL_ALIGNMENT,PASS
10371017,S18,U000152,VISUAL_ALIGNMENT,PASS
10371573,S30,U000140,VISUAL_ALIGNMENT,PASS
10381398,S24,U000145,VISUAL_ALIGNMENT,PASS
10388128,S13,U000159,VISUAL_ALIGNMENT,PASS
10400312,S08,U000171,VISUAL_ALIGNMENT,PASS
10436962,S18,U000153,VISUAL_ALIGNMENT,PASS
10446127,S24,U000146,VISUAL_ALIGNMENT,PASS
10448808,S30,U000141,VISUAL_ALIGNMENT,PASS
10450368,S08,U000172,VISUAL_ALIGNMENT,PASS
10465964,S13,U000160,VISUAL_ALIGNMENT,PASS
10498544,S18,U000154,VISUAL_ALIGNMENT,PASS
10501818,S24,U000147,VISUAL_ALIGNMENT,PASS
10501923,S30,U000142,VISUAL_ALIGNMENT,PASS
10506474,S08,U000173,VISUAL_ALIGNMENT,PASS
10530094,S13,U000161,VISUAL_ALIGNMENT,PASS
10561980,S08,U000174,VISUAL_ALIGNMENT,PASS
10564061,S18,U000155,VISUAL_ALIGNMENT,PASS
10569484,S24,U000148,VISUAL_ALIGNMENT,FAIL
10574826,S30,U000143,VISUAL_ALIGNMENT,PASS
10602846,S13,U000162,VISUAL_ALIGNMENT,PASS
10622380,S18,U000156,VISUAL_ALIGNMENT,FAIL
10628034,S30,U000144,VISUAL_ALIGNMENT,PASS
10630758,S08,U000175,VISUAL_ALIGNMENT,PASS
10636973,S24,U000149,VISUAL_ALIGNMENT,PASS
10655515,S13,U000163,VISUAL_ALIGNMENT,PASS
10690024,S18,U000157,VISUAL_ALIGNMENT,PASS
10697485,S24,U000150,VISUAL_ALIGNMENT,PASS
10698740,S30,U000145,VISUAL_ALIGNMENT,PASS
10710460,S13,U000164,VISUAL_ALIGNMENT,PASS
10715684,S08,U000176,VISUAL_ALIGNMENT,PASS
10749999,S18,U000158,VISUAL_ALIGNMENT,PASS
10751665,S24,U000151,VISUAL_ALIGNMENT,PASS
10768450,S13,U000165,VISUAL_ALIGNMENT,PASS
10769728,S08,U000177,VISUAL_ALIGNMENT,PASS
10780572,S30,U000146,VISUAL_ALIGNMENT,PASS
10793074,S18,U000159,VISUAL_ALIGNMENT,PASS
10813955,S24,U000152,VISUAL_ALIGNMENT,PASS
10816036,S08,U000178,VISUAL_ALIGNMENT,PASS
10838556,S30,U000147,VISUAL_ALIGNMENT,PASS
10852500,S13,U000166,VISUAL_ALIGNMENT,PASS
10881141,S08,U000179,VISUAL_ALIGNMENT,PASS
10891486,S18,U000160,VISUAL_ALIGNMENT,PASS
10895976,S30,U000148,VISUAL_ALIGNMENT,PASS
10903147,S24,U000153,VISUAL_ALIGNMENT,PASS
10907011,S13,U000167,VISUAL_ALIGNMENT,PASS
10922953,S08,U000180,VISUAL_ALIGNMENT,PASS
10949703,S24,U000154,VISUAL_ALIGNMENT,PASS
10954158,S18,U000161,VISUAL_ALIGNMENT,PASS
10957461,S30,U000149,VISUAL_ALIGNMENT,PASS
10969127,S08,U000181,VISUAL_ALIGNMENT,PASS
10994826,S13,U000168,VISUAL_ALIGNMENT,PASS
11014767,S24,U000155,VISUAL_ALIGNMENT,PASS
11021302,S08,U000182,VISUAL_ALIGNMENT,PASS
11022365,S18,U000162,VISUAL_ALIGNMENT,PASS
11022678,S30,U000150,VISUAL_ALIGNMENT,PASS
11054443,S13,U000169,VISUAL_ALIGNMENT,PASS
11064660,S24,U000156,VISUAL_ALIGNMENT,PASS
11067582,S18,U000163,VISUAL_ALIGNMENT,PASS
11077879,S30,U000151,VISUAL_ALIGNMENT,PASS
11083029,S08,U000183,VISUAL_ALIGNMENT,PASS
11105329,S13,U000170,VISUAL_ALIGNMENT,PASS
11113303,S24,U000157,VISUAL_ALIGNMENT,PASS
11118274,S18,U000164,VISUAL_ALIGNMENT,PASS
11138989,S08,U000184,VISUAL_ALIGNMENT,PASS
11146464,S30,U000152,VISUAL_ALIGNMENT,PASS
11159927,S13,U000171,VISUAL_ALIGNMENT,PASS
11164043,S18,U000165,VISUAL_ALIGNMENT,PASS
11168208,S24,U000158,VISUAL_ALIGNMENT,PASS
11193052,S08,U000185,VISUAL_ALIGNMENT,PASS
11215027,S13,U000172,VISUAL_ALIGNMENT,PASS
11224130,S30,U000153,VISUAL_ALIGNMENT,PASS
11225748,S18,U000166,VISUAL_ALIGNMENT,PASS
11241942,S24,U000159,VISUAL_ALIGNMENT,PASS
11251387,S08,U000186,VISUAL_ALIGNMENT,PASS
11260160,S13,U000173,VISUAL_ALIGNMENT,PASS
11282447,S18,U000167,VISUAL_ALIGNMENT,PASS
11310177,S08,U000187,VISUAL_ALIGNMENT,PASS
11318571,S30,U000154,VISUAL_ALIGNMENT,PASS
11320553,S24,U000160,VISUAL_ALIGNMENT,PASS
11330068,S13,U000174,VISUAL_ALIGNMENT,PASS
11346200,S18,U000168,VISUAL_ALIGNMENT,PASS
11368036,S08,U000188,VISUAL_ALIGNMENT,PASS
11368640,S30,U000155,VISUAL_ALIGNMENT,PASS
11395216,S13,U000175,VISUAL_ALIGNMENT,PASS
11397870,S18,U000169,VISUAL_ALIGNMENT,PASS
11408317,S24,U000161,VISUAL_ALIGNMENT,PASS
11415773,S08,U000189,VISUAL_ALIGNMENT,PASS
11435626,S30,U000156,VISUAL_ALIGNMENT,PASS
11443914,S18,U000170,VISUAL_ALIGNMENT,PASS
11454629,S13,U000176,VISUAL_ALIGNMENT,PASS
11469053,S24,U000162,VISUAL_ALIGNMENT,PASS
11469281,S08,U000190,VISUAL_ALIGNMENT,PASS
11492096,S18,U000171,VISUAL_ALIGNMENT,PASS
11505228,S30,U000157,VISUAL_ALIGNMENT,PASS
11527616,S13,U000177,VISUAL_ALIGNMENT,PASS
11529913,S08,U000191,VISUAL_ALIGNMENT,PASS
11531435,S18,U000172,VISUAL_ALIGNMENT,FAIL
11539936,S24,U000163,VISUAL_ALIGNMENT,PASS
11579175,S30,U000158,VISUAL_ALIGNMENT,PASS
11587954,S13,U000178,VISUAL_ALIGNMENT,PASS
11591578,S18,U000173,VISUAL_ALIGNMENT,PASS
11606997,S24,U000164,VISUAL_ALIGNMENT,PASS
11612257,S08,U000192,VISUAL_ALIGNMENT,PASS
11624635,S30,U000159,VISUAL_ALIGNMENT,PASS
11640328,S18,U000174,VISUAL_ALIGNMENT,PASS
11645736,S13,U000179,VISUAL_ALIGNMENT,PASS
11655108,S24,U000165,VISUAL_ALIGNMENT,PASS
11658786,S08,U000193,VISUAL_ALIGNMENT,PASS
11665367,S30,U000160,VISUAL_ALIGNMENT,PASS
11694404,S18,U000175,VISUAL_ALIGNMENT,PASS
11707353,S13,U000180,VISUAL_ALIGNMENT,PASS
11707817,S08,U000194,VISUAL_ALIGNMENT,PASS
11714213,S30,U000161,VISUAL_ALIGNMENT,PASS
11720127,S24,U000166,VISUAL_ALIGNMENT,PASS
11756357,S08,U000195,VISUAL_ALIGNMENT,PASS
11762710,S18,U000176,VISUAL_ALIGNMENT,PASS
11768041,S13,U000181,VISUAL_ALIGNMENT,PASS
11781361,S24,U000167,VISUAL_ALIGNMENT,PASS
11792521,S30,U000162,VISUAL_ALIGNMENT,PASS
11813569,S08,U000196,VISUAL_ALIGNMENT,PASS
11831085,S18,U000177,VISUAL_ALIGNMENT,PASS
11836013,S13,U000182,VISUAL_ALIGNMENT,PASS
11840763,S24,U000168,VISUAL_ALIGNMENT,PASS
11854117,S30,U000163,VISUAL_ALIGNMENT,PASS
11869656,S08,U000197,VISUAL_ALIGNMENT,PASS
11889499,S13,U000183,VISUAL_ALIGNMENT,PASS
11893821,S18,U000178,VISUAL_ALIGNMENT,PASS
11895807,S24,U000169,VISUAL_ALIGNMENT,PASS
11910759,S30,U000164,VISUAL_ALIGNMENT,PASS
11936960,S08,U000198,VISUAL_ALIGNMENT,PASS
11946281,S13,U000184,VISUAL_ALIGNMENT,PASS
11947862,S24,U000170,VISUAL_ALIGNMENT,PASS
11951405,S18,U000179,VISUAL_ALIGNMENT,PASS
11988801,S30,U000165,VISUAL_ALIGNMENT,PASS
12002533,S08,U000199,VISUAL_ALIGNMENT,PASS
12012168,S18,U000180,VISUAL_ALIGNMENT,PASS
12025228,S24,U000171,VISUAL_ALIGNMENT,PASS
12045846,S13,U000185,VISUAL_ALIGNMENT,PASS
12055819,S30,U000166,VISUAL_ALIGNMENT,PASS
12058631,S08,U000200,VISUAL_ALIGNMENT,PASS
12074432,S18,U000181,VISUAL_ALIGNMENT,PASS
12077437,S24,U000172,VISUAL_ALIGNMENT,PASS
12102944,S30,U000167,VISUAL_ALIGNMENT,PASS
12104451,S08,U000201,VISUAL_ALIGNMENT,PASS
12123707,S13,U000186,VISUAL_ALIGNMENT,PASS
12127273,S18,U000182,VISUAL_ALIGNMENT,PASS
12148752,S24,U000173,VISUAL_ALIGNMENT,PASS
12153464,S30,U000168,VISUAL_ALIGNMENT,PASS
12168251,S08,U000202,VISUAL_ALIGNMENT,PASS
12200103,S13,U000187,VISUAL_ALIGNMENT,PASS
12202564,S24,U000174,VISUAL_ALIGNMENT,PASS
12204095,S18,U000183,VISUAL_ALIGNMENT,PASS
12215475,S30,U000169,VISUAL_ALIGNMENT,PASS
12237329,S08,U000203,VISUAL_ALIGNMENT,PASS
12262084,S18,U000184,VISUAL_ALIGNMENT,PASS
12265939,S24,U000175,VISUAL_ALIGNMENT,PASS
12273143,S13,U000188,VISUAL_ALIGNMENT,PASS
12291841,S30,U000170,VISUAL_ALIGNMENT,FAIL
12303947,S08,U000204,VISUAL_ALIGNMENT,PASS
12322206,S18,U000185,VISUAL_ALIGNMENT,PASS
12324605,S24,U000176,VISUAL_ALIGNMENT,PASS
12328190,S13,U000189,VISUAL_ALIGNMENT,PASS
12341933,S30,U000171,VISUAL_ALIGNMENT,PASS
12365505,S24,U000177,VISUAL_ALIGNMENT,PASS
12372763,S08,U000205,VISUAL_ALIGNMENT,PASS
12377838,S18,U000186,VISUAL_ALIGNMENT,PASS
12395192,S13,U000190,VISUAL_ALIGNMENT,PASS
12410760,S30,U000172,VISUAL_ALIGNMENT,PASS
12429649,S08,U000206,VISUAL_ALIGNMENT,PASS
12432949,S24,U000178,VISUAL_ALIGNMENT,PASS
12452576,S13,U000191,VISUAL_ALIGNMENT,PASS
12464805,S30,U000173,VISUAL_ALIGNMENT,PASS
12470922,S08,U000207,VISUAL_ALIGNMENT,PASS
12481132,S18,U000187,VISUAL_ALIGNMENT,PASS
12498113,S13,U000192,VISUAL_ALIGNMENT,PASS
12501022,S24,U000179,VISUAL_ALIGNMENT,PASS
12517871,S30,U000174,VISUAL_ALIGNMENT,PASS
12538338,S08,U000208,VISUAL_ALIGNMENT,PASS
12538414,S18,U000188,VISUAL_ALIGNMENT,PASS
12553099,S24,U000180,VISUAL_ALIGNMENT,PASS
12558407,S13,U000193,VISUAL_ALIGNMENT,PASS
12568169,S08,U000209,VISUAL_ALIGNMENT,PASS
12582920,S30,U000175,VISUAL_ALIGNMENT,PASS
12604982,S13,U000194,VISUAL_ALIGNMENT,PASS
12613256,S18,U000189,VISUAL_ALIGNMENT,PASS
12616623,S24,U000181,VISUAL_ALIGNMENT,PASS
12631229,S08,U000210,VISUAL_ALIGNMENT,PASS
12632699,S30,U000176,VISUAL_ALIGNMENT,PASS
12675475,S13,U000195,VISUAL_ALIGNMENT,PASS
12680774,S24,U000182,VISUAL_ALIGNMENT,PASS
12689770,S30,U000177,VISUAL_ALIGNMENT,PASS
12694192,S18,U000190,VISUAL_ALIGNMENT,PASS
12694201,S08,U000211,VISUAL_ALIGNMENT,PASS
12719133,S24,U000183,VISUAL_ALIGNMENT,PASS
12733541,S08,U000212,VISUAL_ALIGNMENT,PASS
12737312,S18,U000191,VISUAL_ALIGNMENT,PASS
12741232,S13,U000196,VISUAL_ALIGNMENT,PASS
12747499,S30,U000178,VISUAL_ALIGNMENT,PASS
12780177,S24,U000184,VISUAL_ALIGNMENT,PASS
12788473,S30,U000179,VISUAL_ALIGNMENT,PASS
12797299,S18,U000192,VISUAL_ALIGNMENT,PASS
12815000,S08,U000213,VISUAL_ALIGNMENT,PASS
12815363,S13,U000197,VISUAL_ALIGNMENT,PASS
12842244,S18,U000193,VISUAL_ALIGNMENT,PASS
12848041,S24,U000185,VISUAL_ALIGNMENT,PASS
12860441,S30,U000180,VISUAL_ALIGNMENT,PASS
12879158,S08,U000214,VISUAL_ALIGNMENT,PASS
12880095,S13,U000198,VISUAL_ALIGNMENT,PASS
12882597,S18,U000194,VISUAL_ALIGNMENT,PASS
12911758,S24,U000186,VISUAL_ALIGNMENT,PASS
12935556,S30,U000181,VISUAL_ALIGNMENT,PASS
12938110,S18,U000195,VISUAL_ALIGNMENT,PASS
12943214,S08,U000215,VISUAL_ALIGNMENT,PASS
12950862,S13,U000199,VISUAL_ALIGNMENT,PASS
12959825,S24,U000187,VISUAL_ALIGNMENT,PASS
12989641,S08,U000216,VISUAL_ALIGNMENT,PASS
12994996,S30,U000182,VISUAL_ALIGNMENT,PASS
13002836,S18,U000196,VISUAL_ALIGNMENT,PASS
13008354,S13,U000200,VISUAL_ALIGNMENT,PASS
13028358,S24,U000188,VISUAL_ALIGNMENT,PASS
13054613,S08,U000217,VISUAL_ALIGNMENT,PASS
13058561,S30,U000183,VISUAL_ALIGNMENT,PASS
13058957,S18,U000197,VISUAL_ALIGNMENT,PASS
13064065,S13,U000201,VISUAL_ALIGNMENT,PASS
13096111,S24,U000189,VISUAL_ALIGNMENT,PASS
13100757,S30,U000184,VISUAL_ALIGNMENT,PASS
13106264,S08,U000218,VISUAL_ALIGNMENT,PASS
13121240,S13,U000202,VISUAL_ALIGNMENT,PASS
13135122,S18,U000198,VISUAL_ALIGNMENT,FAIL
13148722,S24,U000190,VISUAL_ALIGNMENT,PASS
13149029,S30,U000185,VISUAL_ALIGNMENT,PASS
13172779,S08,U000219,VISUAL_ALIGNMENT,PASS
13187076,S13,U000203,VISUAL_ALIGNMENT,PASS
13193920,S24,U000191,VISUAL_ALIGNMENT,PASS
13200880,S18,U000199,VISUAL_ALIGNMENT,PASS
13203320,S30,U000186,VISUAL_ALIGNMENT,PASS
13221030,S08,U000220,VISUAL_ALIGNMENT,PASS
13243743,S18,U000200,VISUAL_ALIGNMENT,PASS
13244008,S13,U000204,VISUAL_ALIGNMENT,PASS
13251603,S30,U000187,VISUAL_ALIGNMENT,PASS
13253025,S24,U000192,VISUAL_ALIGNMENT,PASS
13276157,S08,U000221,VISUAL_ALIGNMENT,PASS
13303130,S24,U000193,VISUAL_ALIGNMENT,PASS
13311509,S18,U000201,VISUAL_ALIGNMENT,PASS
13313662,S30,U000188,VISUAL_ALIGNMENT,PASS
13314514,S13,U000205,VISUAL_ALIGNMENT,PASS
13328377,S08,U000222,VISUAL_ALIGNMENT,PASS
13368812,S24,U000194,VISUAL_ALIGNMENT,PASS
13370082,S13,U000206,VISUAL_ALIGNMENT,PASS
13372469,S08,U000223,VISUAL_ALIGNMENT,PASS
13380538,S18,U000202,VISUAL_ALIGNMENT,PASS
13381049,S30,U000189,VISUAL_ALIGNMENT,PASS
13426558,S08,U000224,VISUAL_ALIGNMENT,PASS
13432381,S13,U000207,VISUAL_ALIGNMENT,PASS
13439067,S18,U000203,VISUAL_ALIGNMENT,PASS
13444725,S24,U000195,VISUAL_ALIGNMENT,PASS
13444832,S30,U000190,VISUAL_ALIGNMENT,PASS
13482412,S08,U000225,VISUAL_ALIGNMENT,PASS
13490532,S13,U000208,VISUAL_ALIGNMENT,PASS
13499650,S30,U000191,VISUAL_ALIGNMENT,PASS
13508517,S24,U000196,VISUAL_ALIGNMENT,PASS
13509264,S18,U000204,VISUAL_ALIGNMENT,PASS
13551140,S08,U000226,VISUAL_ALIGNMENT,FAIL
13553132,S30,U000192,VISUAL_ALIGNMENT,PASS
13565474,S18,U000205,VISUAL_ALIGNMENT,PASS
13576277,S24,U000197,VISUAL_ALIGNMENT,PASS
13588553,S13,U000209,VISUAL_ALIGNMENT,PASS
13603715,S30,U000193,VISUAL_ALIGNMENT,PASS
13616026,S18,U000206,VISUAL_ALIGNMENT,PASS
13617161,S08,U000227,VISUAL_ALIGNMENT,PASS
13638093,S13,U000210,VISUAL_ALIGNMENT,PASS
13658109,S24,U000198,VISUAL_ALIGNMENT,PASS
13674352,S18,U000207,VISUAL_ALIGNMENT,PASS
13674543,S30,U000194,VISUAL_ALIGNMENT,PASS
13693326,S08,U000228,VISUAL_ALIGNMENT,PASS
13719287,S13,U000211,VISUAL_ALIGNMENT,PASS
13720845,S24,U000199,VISUAL_ALIGNMENT,PASS
13721507,S30,U000195,VISUAL_ALIGNMENT,PASS
13744741,S08,U000229,VISUAL_ALIGNMENT,PASS
13753085,S18,U000208,VISUAL_ALIGNMENT,PASS
13798601,S24,U000200,VISUAL_ALIGNMENT,PASS
13806319,S30,U000196,VISUAL_ALIGNMENT,PASS
13809368,S08,U000230,VISUAL_ALIGNMENT,PASS
13815046,S18,U000209,VISUAL_ALIGNMENT,PASS
13821245,S13,U000212,VISUAL_ALIGNMENT,PASS
13862808,S24,U000201,VISUAL_ALIGNMENT,PASS
13863108,S30,U000197,VISUAL_ALIGNMENT,PASS
13863519,S18,U000210,VISUAL_ALIGNMENT,PASS
13872392,S08,U000231,VISUAL_ALIGNMENT,PASS
13907668,S13,U000213,VISUAL_ALIGNMENT,PASS
13921072,S24,U000202,VISUAL_ALIGNMENT,PASS
13925366,S08,U000232,VISUAL_ALIGNMENT,PASS
13929309,S30,U000198,VISUAL_ALIGNMENT,PASS
13969858,S24,U000203,VISUAL_ALIGNMENT,PASS
13979142,S18,U000211,VISUAL_ALIGNMENT,PASS
13988477,S13,U000214,VISUAL_ALIGNMENT,PASS
13988830,S08,U000233,VISUAL_ALIGNMENT,PASS
13991306,S30,U000199,VISUAL_ALIGNMENT,PASS
14021162,S24,U000204,VISUAL_ALIGNMENT,PASS
14041108,S08,U000234,VISUAL_ALIGNMENT,PASS
14048800,S13,U000215,VISUAL_ALIGNMENT,PASS
14071467,S18,U000212,VISUAL_ALIGNMENT,PASS
14083643,S08,U000235,VISUAL_ALIGNMENT,PASS
14083723,S30,U000200,VISUAL_ALIGNMENT,PASS
14092693,S24,U000205,VISUAL_ALIGNMENT,PASS
14118459,S13,U000216,VISUAL_ALIGNMENT,PASS
14143020,S24,U000206,VISUAL_ALIGNMENT,PASS
14143209,S08,U000236,VISUAL_ALIGNMENT,PASS
14143269,S18,U000213,VISUAL_ALIGNMENT,PASS
14146773,S30,U000201,VISUAL_ALIGNMENT,PASS
14185440,S13,U000217,VISUAL_ALIGNMENT,PASS
14185463,S08,U000237,VISUAL_ALIGNMENT,PASS
14212431,S30,U000202,VISUAL_ALIGNMENT,PASS
14214521,S24,U000207,VISUAL_ALIGNMENT,PASS
14224041,S18,U000214,VISUAL_ALIGNMENT,PASS
14241115,S13,U000218,VISUAL_ALIGNMENT,PASS
14242467,S08,U000238,VISUAL_ALIGNMENT,PASS
14272547,S24,U000208,VISUAL_ALIGNMENT,PASS
14274554,S30,U000203,VISUAL_ALIGNMENT,PASS
14283103,S13,U000219,VISUAL_ALIGNMENT,PASS
14290915,S08,U000239,VISUAL_ALIGNMENT,PASS
14316371,S30,U000204,VISUAL_ALIGNMENT,PASS
14318161,S18,U000215,VISUAL_ALIGNMENT,PASS
14326413,S24,U000209,VISUAL_ALIGNMENT,PASS
14333423,S13,U000220,VISUAL_ALIGNMENT,PASS
14336758,S08,U000240,VISUAL_ALIGNMENT,PASS
14360165,S30,U000205,VISUAL_ALIGNMENT,PASS
14377669,S13,U000221,VISUAL_ALIGNMENT,PASS
14381072,S18,U000216,VISUAL_ALIGNMENT,PASS
14400904,S08,U000241,VISUAL_ALIGNMENT,PASS
14406388,S24,U000210,VISUAL_ALIGNMENT,PASS
14422650,S30,U000206,VISUAL_ALIGNMENT,PASS
14429336,S13,U000222,VISUAL_ALIGNMENT,PASS
14449270,S08,U000242,VISUAL_ALIGNMENT,PASS
14454303,S18,U000217,VISUAL_ALIGNMENT,PASS
14476277,S24,U000211,VISUAL_ALIGNMENT,PASS
14476461,S30,U000207,VISUAL_ALIGNMENT,PASS
14500882,S13,U000223,VISUAL_ALIGNMENT,PASS
14501827,S08,U000243,VISUAL_ALIGNMENT,PASS
14507461,S18,U000218,VISUAL_ALIGNMENT,PASS
14523335,S24,U000212,VISUAL_ALIGNMENT,PASS
14552679,S13,U000224,VISUAL_ALIGNMENT,PASS
14564915,S08,U000244,VISUAL_ALIGNMENT,PASS
14565936,S30,U000208,VISUAL_ALIGNMENT,PASS
14576516,S18,U000219,VISUAL_ALIGNMENT,PASS
14591800,S24,U000213,VISUAL_ALIGNMENT,PASS
14610105,S13,U000225,VISUAL_ALIGNMENT,PASS
14625730,S30,U000209,VISUAL_ALIGNMENT,PASS
14630925,S18,U000220,VISUAL_ALIGNMENT,PASS
14633617,S08,U000245,VISUAL_ALIGNMENT,PASS
14640398,S24,U000214,VISUAL_ALIGNMENT,PASS
14686432,S13,U000226,VISUAL_ALIGNMENT,PASS
14694988,S30,U000210,VISUAL_ALIGNMENT,PASS
14698733,S08,U000246,VISUAL_ALIGNMENT,PASS
14699232,S18,U000221,VISUAL_ALIGNMENT,PASS
14702500,S24,U000215,VISUAL_ALIGNMENT,PASS
14744869,S18,U000222,VISUAL_ALIGNMENT,PASS
14745700,S13,U000227,VISUAL_ALIGNMENT,PASS
14747845,S08,U000247,VISUAL_ALIGNMENT,PASS
14780464,S30,U000211,VISUAL_ALIGNMENT,PASS
14781108,S24,U000216,VISUAL_ALIGNMENT,PASS
14810752,S08,U000248,VISUAL_ALIGNMENT,PASS
14811340,S18,U000223,VISUAL_ALIGNMENT,PASS
14811991,S13,U000228,VISUAL_ALIGNMENT,PASS
14843502,S30,U000212,VISUAL_ALIGNMENT,PASS
14859384,S24,U000217,VISUAL_ALIGNMENT,PASS
14867341,S18,U000224,VISUAL_ALIGNMENT,PASS
14869539,S08,U000249,VISUAL_ALIGNMENT,PASS
14869767,S13,U000229,VISUAL_ALIGNMENT,PASS
14889716,S30,U000213,VISUAL_ALIGNMENT,PASS
14921460,S18,U000225,VISUAL_ALIGNMENT,PASS
14921504,S08,U000250,VISUAL_ALIGNMENT,PASS
14926514,S13,U000230,VISUAL_ALIGNMENT,PASS
14927579,S24,U000218,VISUAL_ALIGNMENT,PASS
14943933,S30,U000214,VISUAL_ALIGNMENT,PASS
14954255,S18,U000226,VISUAL_ALIGNMENT,FAIL
14983038,S08,U000251,VISUAL_ALIGNMENT,PASS
14996508,S13,U000231,VISUAL_ALIGNMENT,PASS
14998169,S24,U000219,VISUAL_ALIGNMENT,PASS
15008306,S30,U000215,VISUAL_ALIGNMENT,PASS
15012819,S18,U000227,VISUAL_ALIGNMENT,PASS
15043753,S24,U000220,VISUAL_ALIGNMENT,PASS
15055303,S08,U000252,VISUAL_ALIGNMENT,PASS
15064090,S13,U000232,VISUAL_ALIGNMENT,PASS
15066701,S30,U000216,VISUAL_ALIGNMENT,PASS
15084893,S18,U000228,VISUAL_ALIGNMENT,PASS
15101387,S24,U000221,VISUAL_ALIGNMENT,PASS
15103946,S08,U000253,VISUAL_ALIGNMENT,PASS
15128495,S18,U000229,VISUAL_ALIGNMENT,PASS
15140659,S30,U000217,VISUAL_ALIGNMENT,PASS
15146673,S13,U000233,VISUAL_ALIGNMENT,PASS
15157739,S08,U000254,VISUAL_ALIGNMENT,PASS
15166997,S24,U000222,VISUAL_ALIGNMENT,PASS
15168376,S18,U000230,VISUAL_ALIGNMENT,PASS
15205912,S30,U000218,VISUAL_ALIGNMENT,PASS
15206787,S13,U000234,VISUAL_ALIGNMENT,PASS
15229938,S24,U000223,VISUAL_ALIGNMENT,PASS
15243843,S18,U000231,VISUAL_ALIGNMENT,PASS
15279757,S08,U000255,VISUAL_ALIGNMENT,PASS
15285144,S13,U000235,VISUAL_ALIGNMENT,PASS
15286949,S30,U000219,VISUAL_ALIGNMENT,PASS
15301349,S24,U000224,VISUAL_ALIGNMENT,PASS
15306140,S18,U000232,VISUAL_ALIGNMENT,PASS
15339555,S30,U000220,VISUAL_ALIGNMENT,PASS
15354966,S08,U000256,VISUAL_ALIGNMENT,PASS
15357723,S13,U000236,VISUAL_ALIGNMENT,PASS
15370008,S24,U000225,VISUAL_ALIGNMENT,PASS
15384425,S30,U000221,VISUAL_ALIGNMENT,PASS
15418036,S08,U000257,VISUAL_ALIGNMENT,PASS
15424735,S13,U000237,VISUAL_ALIGNMENT,PASS
15433878,S18,U000233,VISUAL_ALIGNMENT,PASS
15445238,S24,U000226,VISUAL_ALIGNMENT,PASS
15460376,S30,U000222,VISUAL_ALIGNMENT,PASS
15473018,S08,U000258,VISUAL_ALIGNMENT,PASS
15485617,S13,U000238,VISUAL_ALIGNMENT,PASS
15498333,S18,U000234,VISUAL_ALIGNMENT,PASS
15499544,S24,U000227,VISUAL_ALIGNMENT,PASS
15510058,S30,U000223,VISUAL_ALIGNMENT,PASS
15543862,S13,U000239,VISUAL_ALIGNMENT,PASS
15549454,S08,U000259,VISUAL_ALIGNMENT,PASS
15559386,S18,U000235,VISUAL_ALIGNMENT,FAIL
15568143,S30,U000224,VISUAL_ALIGNMENT,PASS
15586063,S24,U000228,VISUAL_ALIGNMENT,PASS
15587076,S13,U000240,VISUAL_ALIGNMENT,PASS
15603320,S08,U000260,VISUAL_ALIGNMENT,PASS
15605723,S18,U000236,VISUAL_ALIGNMENT,PASS
15639941,S30,U000225,VISUAL_ALIGNMENT,PASS
15642097,S24,U000229,VISUAL_ALIGNMENT,PASS
15645982,S13,U000241,VISUAL_ALIGNMENT,PASS
15660229,S18,U000237,VISUAL_ALIGNMENT,PASS
15664647,S08,U000261,VISUAL_ALIGNMENT,PASS
15690501,S13,U000242,VISUAL_ALIGNMENT,PASS
15710694,S24,U000230,VISUAL_ALIGNMENT,PASS
15715908,S18,U000238,VISUAL_ALIGNMENT,PASS
15718277,S08,U000262,VISUAL_ALIGNMENT,PASS
15726703,S30,U000226,VISUAL_ALIGNMENT,PASS
15764932,S24,U000231,VISUAL_ALIGNMENT,PASS
15765630,S08,U000263,VISUAL_ALIGNMENT,PASS
15769004,S13,U000243,VISUAL_ALIGNMENT,PASS
15781633,S30,U000227,VISUAL_ALIGNMENT,PASS
15814667,S18,U000239,VISUAL_ALIGNMENT,PASS
15819784,S08,U000264,VISUAL_ALIGNMENT,PASS
15823500,S13,U000244,VISUAL_ALIGNMENT,PASS
15841509,S24,U000232,VISUAL_ALIGNMENT,PASS
15861304,S08,U000265,VISUAL_ALIGNMENT,PASS
15872363,S18,U000240,VISUAL_ALIGNMENT,PASS
15875714,S30,U000228,VISUAL_ALIGNMENT,PASS
15890461,S13,U000245,VISUAL_ALIGNMENT,PASS
15897071,S24,U000233,VISUAL_ALIGNMENT,PASS
15914368,S08,U000266,VISUAL_ALIGNMENT,PASS
15930181,S30,U000229,VISUAL_ALIGNMENT,PASS
15939698,S18,U000241,VISUAL_ALIGNMENT,PASS
15958859,S13,U000246,VISUAL_ALIGNMENT,PASS
15973678,S08,U000267,VISUAL_ALIGNMENT,PASS
15978016,S24,U000234,VISUAL_ALIGNMENT,PASS
16004374,S30,U000230,VISUAL_ALIGNMENT,PASS
16006790,S13,U000247,VISUAL_ALIGNMENT,PASS
16021935,S18,U000242,VISUAL_ALIGNMENT,PASS
16043760,S08,U000268,VISUAL_ALIGNMENT,PASS
16049592,S24,U000235,VISUAL_ALIGNMENT,PASS
16058453,S13,U000248,VISUAL_ALIGNMENT,PASS
16068422,S30,U000231,VISUAL_ALIGNMENT,PASS
16082733,S18,U000243,VISUAL_ALIGNMENT,PASS
16118507,S24,U000236,VISUAL_ALIGNMENT,PASS
16119068,S13,U000249,VISUAL_ALIGNMENT,PASS
16121276,S08,U000269,VISUAL_ALIGNMENT,PASS
16122483,S30,U000232,VISUAL_ALIGNMENT,PASS
16154724,S18,U000244,VISUAL_ALIGNMENT,PASS
16174128,S08,U000270,VISUAL_ALIGNMENT,PASS
16180338,S24,U000237,VISUAL_ALIGNMENT,PASS
16185756,S30,U000233,VISUAL_ALIGNMENT,PASS
16192161,S13,U000250,VISUAL_ALIGNMENT,PASS
16209721,S18,U000245,VISUAL_ALIGNMENT,PASS
16224851,S08,U000271,VISUAL_ALIGNMENT,PASS
16236155,S24,U000238,VISUAL_ALIGNMENT,PASS
16241253,S13,U000251,VISUAL_ALIGNMENT,PASS
16253496,S30,U000234,VISUAL_ALIGNMENT,PASS
16268136,S18,U000246,VISUAL_ALIGNMENT,PASS
16279743,S08,U000272,VISUAL_ALIGNMENT,PASS
16302277,S13,U000252,VISUAL_ALIGNMENT,PASS
16309901,S24,U000239,VISUAL_ALIGNMENT,PASS
16338086,S18,U000247,VISUAL_ALIGNMENT,PASS
16338926,S30,U000235,VISUAL_ALIGNMENT,PASS
16342584,S08,U000273,VISUAL_ALIGNMENT,PASS
16356578,S13,U000253,VISUAL_ALIGNMENT,PASS
16390732,S18,U000248,VISUAL_ALIGNMENT,PASS
16404061,S24,U000240,VISUAL_ALIGNMENT,PASS
16419130,S30,U000236,VISUAL_ALIGNMENT,PASS
16428097,S13,U000254,VISUAL_ALIGNMENT,PASS
16439028,S08,U000274,VISUAL_ALIGNMENT,PASS
16439630,S18,U000249,VISUAL_ALIGNMENT,PASS
16473444,S30,U000237,VISUAL_ALIGNMENT,PASS
16474825,S13,U000255,VISUAL_ALIGNMENT,PASS
16478170,S24,U000241,VISUAL_ALIGNMENT,PASS
16495185,S08,U000275,VISUAL_ALIGNMENT,PASS
16510742,S18,U000250,VISUAL_ALIGNMENT,PASS
16528132,S24,U000242,VISUAL_ALIGNMENT,PASS
16529669,S30,U000238,VISUAL_ALIGNMENT,PASS
16549117,S08,U000276,VISUAL_ALIGNMENT,PASS
16551448,S13,U000256,VISUAL_ALIGNMENT,PASS
16581244,S18,U000251,VISUAL_ALIGNMENT,PASS
16590425,S08,U000277,VISUAL_ALIGNMENT,PASS
16595420,S24,U000243,VISUAL_ALIGNMENT,PASS
16622853,S30,U000239,VISUAL_ALIGNMENT,PASS
16628363,S13,U000257,VISUAL_ALIGNMENT,PASS
16643071,S18,U000252,VISUAL_ALIGNMENT,PASS
16650507,S24,U000244,VISUAL_ALIGNMENT,PASS
16654994,S08,U000278,VISUAL_ALIGNMENT,PASS
16677712,S13,U000258,VISUAL_ALIGNMENT,PASS
16694708,S30,U000240,VISUAL_ALIGNMENT,PASS
16698200,S08,U000279,VISUAL_ALIGNMENT,PASS
16702711,S18,U000253,VISUAL_ALIGNMENT,FAIL
16704174,S24,U000245,VISUAL_ALIGNMENT,PASS
16734141,S13,U000259,VISUAL_ALIGNMENT,PASS
16753301,S24,U000246,VISUAL_ALIGNMENT,PASS
16764782,S30,U000241,VISUAL_ALIGNMENT,PASS
16766079,S08,U000280,VISUAL_ALIGNMENT,PASS
16768844,S18,U000254,VISUAL_ALIGNMENT,PASS
16796050,S13,U000260,VISUAL_ALIGNMENT,PASS
16805615,S24,U000247,VISUAL_ALIGNMENT,PASS
16824123,S18,U000255,VISUAL_ALIGNMENT,PASS
16824544,S30,U000242,VISUAL_ALIGNMENT,PASS
16828943,S08,U000281,VISUAL_ALIGNMENT,PASS
16854774,S24,U000248,VISUAL_ALIGNMENT,PASS
16866552,S30,U000243,VISUAL_ALIGNMENT,PASS
16876189,S18,U000256,VISUAL_ALIGNMENT,PASS
16879528,S13,U000261,VISUAL_ALIGNMENT,PASS
16903606,S08,U000282,VISUAL_ALIGNMENT,PASS
16913736,S24,U000249,VISUAL_ALIGNMENT,PASS
16920496,S30,U000244,VISUAL_ALIGNMENT,PASS
16934060,S13,U000262,VISUAL_ALIGNMENT,PASS
16961111,S18,U000257,VISUAL_ALIGNMENT,PASS
16969591,S08,U000283,VISUAL_ALIGNMENT,PASS
16974663,S24,U000250,VISUAL_ALIGNMENT,PASS
16983191,S30,U000245,VISUAL_ALIGNMENT,PASS
17002240,S13,U000263,VISUAL_ALIGNMENT,PASS
17025513,S18,U000258,VISUAL_ALIGNMENT,PASS
17026539,S08,U000284,VISUAL_ALIGNMENT,PASS
17034368,S24,U000251,VISUAL_ALIGNMENT,PASS
17061657,S13,U000264,VISUAL_ALIGNMENT,PASS
17063929,S30,U000246,VISUAL_ALIGNMENT,PASS
17078614,S18,U000259,VISUAL_ALIGNMENT,PASS
17087846,S08,U000285,VISUAL_ALIGNMENT,PASS
17099799,S24,U000252,VISUAL_ALIGNMENT,PASS
17131607,S08,U000286,VISUAL_ALIGNMENT,PASS
17135306,S30,U000247,VISUAL_ALIGNMENT,PASS
17137178,S18,U000260,VISUAL_ALIGNMENT,PASS
17139986,S13,U000265,VISUAL_ALIGNMENT,PASS
17177238,S24,U000253,VISUAL_ALIGNMENT,PASS
17187428,S08,U000287,VISUAL_ALIGNMENT,PASS
17192972,S13,U000266,VISUAL_ALIGNMENT,PASS
17199922,S30,U000248,VISUAL_ALIGNMENT,PASS
17204591,S18,U000261,VISUAL_ALIGNMENT,PASS
17229792,S24,U000254,VISUAL_ALIGNMENT,PASS
17239368,S08,U000288,VISUAL_ALIGNMENT,PASS
17244660,S13,U000267,VISUAL_ALIGNMENT,PASS
17257206,S30,U000249,VISUAL_ALIGNMENT,PASS
17263641,S18,U000262,VISUAL_ALIGNMENT,PASS
17279500,S24,U000255,VISUAL_ALIGNMENT,PASS
17296999,S08,U000289,VISUAL_ALIGNMENT,PASS
17301981,S18,U000263,VISUAL_ALIGNMENT,FAIL
17314215,S30,U000250,VISUAL_ALIGNMENT,PASS
17316089,S13,U000268,VISUAL_ALIGNMENT,PASS
17335092,S24,U000256,VISUAL_ALIGNMENT,PASS
17356276,S30,U000251,VISUAL_ALIGNMENT,PASS
17356693,S08,U000290,VISUAL_ALIGNMENT,PASS
17357744,S18,U000264,VISUAL_ALIGNMENT,PASS
17381751,S24,U000257,VISUAL_ALIGNMENT,PASS
17401864,S13,U000269,VISUAL_ALIGNMENT,PASS
17408762,S30,U000252,VISUAL_ALIGNMENT,PASS
17411467,S08,U000291,VISUAL_ALIGNMENT,PASS
17412817,S18,U000265,VISUAL_ALIGNMENT,PASS
17446263,S24,U000258,VISUAL_ALIGNMENT,PASS
17467960,S08,U000292,VISUAL_ALIGNMENT,PASS
17472667,S18,U000266,VISUAL_ALIGNMENT,PASS
17473853,S13,U000270,VISUAL_ALIGNMENT,PASS
17485615,S30,U000253,VISUAL_ALIGNMENT,PASS
17518557,S24,U000259,VISUAL_ALIGNMENT,PASS
17518608,S13,U000271,VISUAL_ALIGNMENT,PASS
17527890,S08,U000293,VISUAL_ALIGNMENT,PASS
17530017,S18,U000267,VISUAL_ALIGNMENT,PASS
17544215,S30,U000254,VISUAL_ALIGNMENT,PASS
17566328,S08,U000294,VISUAL_ALIGNMENT,PASS
17570736,S24,U000260,VISUAL_ALIGNMENT,PASS
17581001,S13,U000272,VISUAL_ALIGNMENT,PASS
17600515,S18,U000268,VISUAL_ALIGNMENT,PASS
17619426,S30,U000255,VISUAL_ALIGNMENT,PASS
17620112,S08,U000295,VISUAL_ALIGNMENT,PASS
17645607,S24,U000261,VISUAL_ALIGNMENT,PASS
17652670,S13,U000273,VISUAL_ALIGNMENT,PASS
17658172,S18,U000269,VISUAL_ALIGNMENT,PASS
17670032,S08,U000296,VISUAL_ALIGNMENT,PASS
17681650,S30,U000256,VISUAL_ALIGNMENT,PASS
17721714,S24,U000262,VISUAL_ALIGNMENT,PASS
17721783,S13,U000274,VISUAL_ALIGNMENT,PASS
17723361,S18,U000270,VISUAL_ALIGNMENT,PASS
17730733,S08,U000297,VISUAL_ALIGNMENT,PASS
17749579,S30,U000257,VISUAL_ALIGNMENT,PASS
17761739,S24,U000263,VISUAL_ALIGNMENT,PASS
17780179,S13,U000275,VISUAL_ALIGNMENT,PASS
17786804,S18,U000271,VISUAL_ALIGNMENT,PASS
17808373,S08,U000298,VISUAL_ALIGNMENT,PASS
17813971,S30,U000258,VISUAL_ALIGNMENT,PASS
17816801,S24,U000264,VISUAL_ALIGNMENT,PASS
17840525,S18,U000272,VISUAL_ALIGNMENT,PASS
17846546,S13,U000276,VISUAL_ALIGNMENT,PASS
17857529,S30,U000259,VISUAL_ALIGNMENT,PASS
17878318,S24,U000265,VISUAL_ALIGNMENT,PASS
17888107,S08,U000299,VISUAL_ALIGNMENT,PASS
17900385,S18,U000273,VISUAL_ALIGNMENT,PASS
17910660,S30,U000260,VISUAL_ALIGNMENT,PASS
17917303,S13,U000277,VISUAL_ALIGNMENT,PASS
17940899,S24,U000266,VISUAL_ALIGNMENT,PASS
17947327,S08,U000300,VISUAL_ALIGNMENT,PASS
17962357,S30,U000261,VISUAL_ALIGNMENT,PASS
17962675,S18,U000274,VISUAL_ALIGNMENT,PASS
17963788,S13,U000278,VISUAL_ALIGNMENT,PASS
18001955,S08,U000301,VISUAL_ALIGNMENT,PASS
18002754,S24,U000267,VISUAL_ALIGNMENT,PASS
18013509,S13,U000279,VISUAL_ALIGNMENT,PASS
18032141,S18,U000275,VISUAL_ALIGNMENT,FAIL
18032330,S30,U000262,VISUAL_ALIGNMENT,PASS
18050054,S08,U000302,VISUAL_ALIGNMENT,PASS
18053954,S24,U000268,VISUAL_ALIGNMENT,PASS
18077321,S30,U000263,VISUAL_ALIGNMENT,PASS
18085095,S18,U000276,VISUAL_ALIGNMENT,PASS
18102182,S13,U000280,VISUAL_ALIGNMENT,PASS
18111953,S24,U000269,VISUAL_ALIGNMENT,PASS
18124732,S08,U000303,VISUAL_ALIGNMENT,PASS
18129594,S30,U000264,VISUAL_ALIGNMENT,PASS
18145447,S18,U000277,VISUAL_ALIGNMENT,PASS
18157313,S13,U000281,VISUAL_ALIGNMENT,PASS
18158396,S24,U000270,VISUAL_ALIGNMENT,PASS
18183003,S08,U000304,VISUAL_ALIGNMENT,PASS
18188351,S30,U000265,VISUAL_ALIGNMENT,PASS
18208749,S18,U000278,VISUAL_ALIGNMENT,PASS
18217796,S24,U000271,VISUAL_ALIGNMENT,PASS
18230513,S13,U000282,VISUAL_ALIGNMENT,PASS
18238179,S30,U000266,VISUAL_ALIGNMENT,PASS
18240017,S08,U000305,VISUAL_ALIGNMENT,PASS
18259226,S18,U000279,VISUAL_ALIGNMENT,PASS
18276720,S24,U000272,VISUAL_ALIGNMENT,PASS
18278988,S13,U000283,VISUAL_ALIGNMENT,PASS
18291604,S08,U000306,VISUAL_ALIGNMENT,PASS
18295517,S30,U000267,VISUAL_ALIGNMENT,PASS
18330498,S13,U000284,VISUAL_ALIGNMENT,PASS
18338903,S08,U000307,VISUAL_ALIGNMENT,PASS
18343113,S18,U000280,VISUAL_ALIGNMENT,PASS
18343329,S24,U000273,VISUAL_ALIGNMENT,PASS
18354046,S30,U000268,VISUAL_ALIGNMENT,PASS
18380278,S13,U000285,VISUAL_ALIGNMENT,PASS
18396453,S24,U000274,VISUAL_ALIGNMENT,PASS
18412090,S30,U000269,VISUAL_ALIGNMENT,PASS
18418258,S08,U000308,VISUAL_ALIGNMENT,PASS
18424481,S18,U000281,VISUAL_ALIGNMENT,PASS
18426629,S13,U000286,VISUAL_ALIGNMENT,PASS
18460164,S24,U000275,VISUAL_ALIGNMENT,PASS
18461995,S08,U000309,VISUAL_ALIGNMENT,PASS
18463435,S30,U000270,VISUAL_ALIGNMENT,PASS
18473395,S13,U000287,VISUAL_ALIGNMENT,PASS
18477252,S18,U000282,VISUAL_ALIGNMENT,PASS
18516051,S24,U000276,VISUAL_ALIGNMENT,FAIL
18516307,S30,U000271,VISUAL_ALIGNMENT,PASS
18524271,S13,U000288,VISUAL_ALIGNMENT,PASS
18530845,S08,U000310,VISUAL_ALIGNMENT,PASS
18555575,S18,U000283,VISUAL_ALIGNMENT,PASS
18576252,S30,U000272,VISUAL_ALIGNMENT,PASS
18578166,S24,U000277,VISUAL_ALIGNMENT,PASS
18590251,S13,U000289,VISUAL_ALIGNMENT,PASS
18595171,S08,U000311,VISUAL_ALIGNMENT,PASS
18612622,S18,U000284,VISUAL_ALIGNMENT,PASS
18626716,S30,U000273,VISUAL_ALIGNMENT,PASS
18633004,S24,U000278,VISUAL_ALIGNMENT,PASS
18652366,S13,U000290,VISUAL_ALIGNMENT,PASS
18659910,S08,U000312,VISUAL_ALIGNMENT,PASS
18664377,S18,U000285,VISUAL_ALIGNMENT,FAIL
18683274,S30,U000274,VISUAL_ALIGNMENT,PASS
18697875,S24,U000279,VISUAL_ALIGNMENT,PASS
18705298,S13,U000291,VISUAL_ALIGNMENT,PASS
18735576,S08,U000313,VISUAL_ALIGNMENT,PASS
18755440,S30,U000275,VISUAL_ALIGNMENT,PASS
18758291,S18,U000286,VISUAL_ALIGNMENT,PASS
18758434,S24,U000280,VISUAL_ALIGNMENT,PASS
18783434,S08,U000314,VISUAL_ALIGNMENT,PASS
18786282,S13,U000292,VISUAL_ALIGNMENT,PASS
18804374,S18,U000287,VISUAL_ALIGNMENT,PASS
18806533,S30,U000276,VISUAL_ALIGNMENT,PASS
18807959,S24,U000281,VISUAL_ALIGNMENT,PASS
18836730,S08,U000315,VISUAL_ALIGNMENT,PASS
18841116,S13,U000293,VISUAL_ALIGNMENT,PASS
18860844,S24,U000282,VISUAL_ALIGNMENT,PASS
18865992,S18,U000288,VISUAL_ALIGNMENT,PASS
18875801,S30,U000277,VISUAL_ALIGNMENT,PASS
18899142,S08,U000316,VISUAL_ALIGNMENT,PASS
18908685,S13,U000294,VISUAL_ALIGNMENT,PASS
18924408,S18,U000289,VISUAL_ALIGNMENT,PASS
18924918,S30,U000278,VISUAL_ALIGNMENT,PASS
18932214,S24,U000283,VISUAL_ALIGNMENT,PASS
18945950,S08,U000317,VISUAL_ALIGNMENT,PASS
18952503,S13,U000295,VISUAL_ALIGNMENT,PASS
18973650,S24,U000284,VISUAL_ALIGNMENT,PASS
18993446,S30,U000279,VISUAL_ALIGNMENT,PASS
18995802,S18,U000290,VISUAL_ALIGNMENT,PASS
19008288,S08,U000318,VISUAL_ALIGNMENT,PASS
19012993,S13,U000296,VISUAL_ALIGNMENT,PASS
19030699,S24,U000285,VISUAL_ALIGNMENT,PASS
19043778,S08,U000319,VISUAL_ALIGNMENT,PASS
19053444,S18,U000291,VISUAL_ALIGNMENT,PASS
19068947,S13,U000297,VISUAL_ALIGNMENT,PASS
19070016,S30,U000280,VISUAL_ALIGNMENT,PASS
19086277,S08,U000320,VISUAL_ALIGNMENT,PASS
19097919,S24,U000286,VISUAL_ALIGNMENT,PASS
19106733,S18,U000292,VISUAL_ALIGNMENT,PASS
19130249,S30,U000281,VISUAL_ALIGNMENT,PASS
19143074,S13,U000298,VISUAL_ALIGNMENT,PASS
19146623,S08,U000321,VISUAL_ALIGNMENT,PASS
19169990,S18,U000293,VISUAL_ALIGNMENT,PASS
19178658,S24,U000287,VISUAL_ALIGNMENT,PASS
19196460,S08,U000322,VISUAL_ALIGNMENT,PASS
19197096,S13,U000299,VISUAL_ALIGNMENT,PASS
19197155,S30,U000282,VISUAL_ALIGNMENT,PASS
19234496,S18,U000294,VISUAL_ALIGNMENT,PASS
19250451,S24,U000288,VISUAL_ALIGNMENT,PASS
19258725,S30,U000283,VISUAL_ALIGNMENT,PASS
19258779,S08,U000323,VISUAL_ALIGNMENT,PASS
19261901,S13,U000300,VISUAL_ALIGNMENT,PASS
19295577,S18,U000295,VISUAL_ALIGNMENT,PASS
19302530,S08,U000324,VISUAL_ALIGNMENT,PASS
19317641,S30,U000284,VISUAL_ALIGNMENT,PASS
19328009,S24,U000289,VISUAL_ALIGNMENT,FAIL
19341060,S13,U000301,VISUAL_ALIGNMENT,PASS
19348537,S08,U000325,VISUAL_ALIGNMENT,PASS
19360606,S18,U000296,VISUAL_ALIGNMENT,PASS
19374221,S30,U000285,VISUAL_ALIGNMENT,PASS
19381111,S24,U000290,VISUAL_ALIGNMENT,PASS
19400359,S13,U000302,VISUAL_ALIGNMENT,PASS
19414865,S08,U000326,VISUAL_ALIGNMENT,PASS
19423532,S18,U000297,VISUAL_ALIGNMENT,PASS
19437730,S30,U000286,VISUAL_ALIGNMENT,PASS
19452535,S24,U000291,VISUAL_ALIGNMENT,PASS
19457597,S08,U000327,VISUAL_ALIGNMENT,PASS
19457792,S13,U000303,VISUAL_ALIGNMENT,PASS
19487213,S30,U000287,VISUAL_ALIGNMENT,PASS
19496672,S18,U000298,VISUAL_ALIGNMENT,PASS
19505032,S24,U000292,VISUAL_ALIGNMENT,PASS
19512647,S08,U000328,VISUAL_ALIGNMENT,PASS
19520242,S13,U000304,VISUAL_ALIGNMENT,PASS
19537049,S30,U000288,VISUAL_ALIGNMENT,PASS
19574506,S08,U000329,VISUAL_ALIGNMENT,PASS
19575379,S13,U000305,VISUAL_ALIGNMENT,PASS
19579994,S24,U000293,VISUAL_ALIGNMENT,PASS
19580190,S18,U000299,VISUAL_ALIGNMENT,PASS
19605053,S30,U000289,VISUAL_ALIGNMENT,PASS
19619107,S08,U000330,VISUAL_ALIGNMENT,PASS
19645241,S24,U000294,VISUAL_ALIGNMENT,PASS
19647404,S30,U000290,VISUAL_ALIGNMENT,PASS
19653881,S18,U000300,VISUAL_ALIGNMENT,PASS
19656357,S13,U000306,VISUAL_ALIGNMENT,PASS
19693303,S24,U000295,VISUAL_ALIGNMENT,PASS
19697205,S18,U000301,VISUAL_ALIGNMENT,PASS
19703748,S08,U000331,VISUAL_ALIGNMENT,PASS
19725170,S13,U000307,VISUAL_ALIGNMENT,PASS
19739360,S30,U000291,VISUAL_ALIGNMENT,PASS
19746131,S18,U000302,VISUAL_ALIGNMENT,PASS
19757840,S08,U000332,VISUAL_ALIGNMENT,PASS
19760586,S24,U000296,VISUAL_ALIGNMENT,PASS
19786234,S30,U000292,VISUAL_ALIGNMENT,PASS
19787879,S13,U000308,VISUAL_ALIGNMENT,PASS
19796717,S18,U000303,VISUAL_ALIGNMENT,PASS
19816669,S08,U000333,VISUAL_ALIGNMENT,PASS
19824711,S24,U000297,VISUAL_ALIGNMENT,PASS
19840027,S13,U000309,VISUAL_ALIGNMENT,PASS
19857099,S08,U000334,VISUAL_ALIGNMENT,PASS
19866752,S30,U000293,VISUAL_ALIGNMENT,PASS
19877964,S18,U000304,VISUAL_ALIGNMENT,PASS
19881554,S13,U000310,VISUAL_ALIGNMENT,PASS
19885622,S24,U000298,VISUAL_ALIGNMENT,PASS
19908562,S08,U000335,VISUAL_ALIGNMENT,PASS
19928409,S13,U000311,VISUAL_ALIGNMENT,PASS
19936934,S18,U000305,VISUAL_ALIGNMENT,PASS
19937947,S24,U000299,VISUAL_ALIGNMENT,PASS
19938344,S30,U000294,VISUAL_ALIGNMENT,PASS
19980118,S24,U000300,VISUAL_ALIGNMENT,PASS
19981575,S08,U000336,VISUAL_ALIGNMENT,PASS
20004953,S13,U000312,VISUAL_ALIGNMENT,PASS
20005816,S30,U000295,VISUAL_ALIGNMENT,PASS
20005894,S18,U000306,VISUAL_ALIGNMENT,PASS
20031763,S08,U000337,VISUAL_ALIGNMENT,PASS
20032583,S24,U000301,VISUAL_ALIGNMENT,PASS
20056154,S30,U000296,VISUAL_ALIGNMENT,PASS
20066718,S18,U000307,VISUAL_ALIGNMENT,PASS
20073900,S13,U000313,VISUAL_ALIGNMENT,PASS
20087376,S24,U000302,VISUAL_ALIGNMENT,PASS
20089897,S08,U000338,VISUAL_ALIGNMENT,PASS
20106107,S30,U000297,VISUAL_ALIGNMENT,PASS
20128673,S13,U000314,VISUAL_ALIGNMENT,PASS
20130977,S18,U000308,VISUAL_ALIGNMENT,PASS
20148701,S30,U000298,VISUAL_ALIGNMENT,PASS
20152725,S08,U000339,VISUAL_ALIGNMENT,PASS
20163582,S24,U000303,VISUAL_ALIGNMENT,PASS
20189642,S18,U000309,VISUAL_ALIGNMENT,PASS
20203166,S08,U000340,VISUAL_ALIGNMENT,PASS
20204001,S13,U000315,VISUAL_ALIGNMENT,PASS
20223215,S30,U000299,VISUAL_ALIGNMENT,PASS
20226421,S24,U000304,VISUAL_ALIGNMENT,PASS
20250106,S08,U000341,VISUAL_ALIGNMENT,PASS
20262027,S18,U000310,VISUAL_ALIGNMENT,PASS
20274698,S24,U000305,VISUAL_ALIGNMENT,PASS
20281188,S30,U000300,VISUAL_ALIGNMENT,PASS
20291513,S13,U000316,VISUAL_ALIGNMENT,PASS
20301657,S18,U000311,VISUAL_ALIGNMENT,PASS
20309672,S08,U000342,VISUAL_ALIGNMENT,PASS
20341737,S30,U000301,VISUAL_ALIGNMENT,PASS
20343566,S24,U000306,VISUAL_ALIGNMENT,PASS
20367559,S08,U000343,VISUAL_ALIGNMENT,PASS
20377172,S13,U000317,VISUAL_ALIGNMENT,PASS
20384801,S30,U000302,VISUAL_ALIGNMENT,PASS
20392778,S18,U000312,VISUAL_ALIGNMENT,PASS
20402107,S24,U000307,VISUAL_ALIGNMENT,PASS
20426936,S08,U000344,VISUAL_ALIGNMENT,PASS
20433674,S13,U000318,VISUAL_ALIGNMENT,PASS
20445562,S18,U000313,VISUAL_ALIGNMENT,FAIL
20457641,S24,U000308,VISUAL_ALIGNMENT,PASS
20487573,S13,U000319,VISUAL_ALIGNMENT,PASS
20488322,S30,U000303,VISUAL_ALIGNMENT,PASS
20496047,S08,U000345,VISUAL_ALIGNMENT,PASS
20506329,S18,U000314,VISUAL_ALIGNMENT,PASS
20519981,S24,U000309,VISUAL_ALIGNMENT,PASS
20539086,S30,U000304,VISUAL_ALIGNMENT,PASS
20557802,S13,U000320,VISUAL_ALIGNMENT,PASS
20558239,S08,U000346,VISUAL_ALIGNMENT,PASS
20566332,S18,U000315,VISUAL_ALIGNMENT,PASS
20566431,S24,U000310,VISUAL_ALIGNMENT,PASS
20598880,S30,U000305,VISUAL_ALIGNMENT,PASS
20625379,S18,U000316,VISUAL_ALIGNMENT,PASS
20630622,S24,U000311,VISUAL_ALIGNMENT,PASS
20633622,S08,U000347,VISUAL_ALIGNMENT,PASS
20644759,S30,U000306,VISUAL_ALIGNMENT,PASS
20667896,S13,U000321,VISUAL_ALIGNMENT,PASS
20678844,S18,U000317,VISUAL_ALIGNMENT,PASS
20685485,S08,U000348,VISUAL_ALIGNMENT,PASS
20704154,S30,U000307,VISUAL_ALIGNMENT,PASS
20705038,S24,U000312,VISUAL_ALIGNMENT,PASS
20726152,S18,U000318,VISUAL_ALIGNMENT,PASS
20727182,S13,U000322,VISUAL_ALIGNMENT,PASS
20761938,S08,U000349,VISUAL_ALIGNMENT,PASS
20772770,S30,U000308,VISUAL_ALIGNMENT,PASS
20776929,S24,U000313,VISUAL_ALIGNMENT,PASS
20781594,S18,U000319,VISUAL_ALIGNMENT,PASS
20800580,S08,U000350,VISUAL_ALIGNMENT,PASS
20823873,S13,U000323,VISUAL_ALIGNMENT,PASS
20838440,S30,U000309,VISUAL_ALIGNMENT,PASS
20839730,S24,U000314,VISUAL_ALIGNMENT,PASS
20847516,S18,U000320,VISUAL_ALIGNMENT,PASS
20874637,S08,U000351,VISUAL_ALIGNMENT,PASS
20877186,S13,U000324,VISUAL_ALIGNMENT,PASS
20886647,S30,U000310,VISUAL_ALIGNMENT,PASS
20901515,S24,U000315,VISUAL_ALIGNMENT,PASS
20923920,S18,U000321,VISUAL_ALIGNMENT,PASS
20940372,S30,U000311,VISUAL_ALIGNMENT,PASS
20943119,S13,U000325,VISUAL_ALIGNMENT,PASS
20955207,S08,U000352,VISUAL_ALIGNMENT,PASS
20969496,S24,U000316,VISUAL_ALIGNMENT,PASS
20997727,S18,U000322,VISUAL_ALIGNMENT,PASS
21005321,S30,U000312,VISUAL_ALIGNMENT,PASS
21013367,S13,U000326,VISUAL_ALIGNMENT,PASS
21029154,S08,U000353,VISUAL_ALIGNMENT,PASS
21037806,S24,U000317,VISUAL_ALIGNMENT,PASS
21054346,S30,U000313,VISUAL_ALIGNMENT,PASS
21076497,S18,U000323,VISUAL_ALIGNMENT,PASS
21087654,S08,U000354,VISUAL_ALIGNMENT,PASS
21104797,S13,U000327,VISUAL_ALIGNMENT,PASS
21112375,S24,U000318,VISUAL_ALIGNMENT,PASS
21131085,S30,U000314,VISUAL_ALIGNMENT,PASS
21144904,S18,U000324,VISUAL_ALIGNMENT,PASS
21145344,S08,U000355,VISUAL_ALIGNMENT,PASS
21168944,S13,U000328,VISUAL_ALIGNMENT,PASS
21190723,S24,U000319,VISUAL_ALIGNMENT,PASS
21200586,S18,U000325,VISUAL_ALIGNMENT,PASS
21210979,S30,U000315,VISUAL_ALIGNMENT,PASS
21237051,S24,U000320,VISUAL_ALIGNMENT,PASS
21238340,S08,U000356,VISUAL_ALIGNMENT,PASS
21240421,S13,U000329,VISUAL_ALIGNMENT,PASS
21264355,S30,U000316,VISUAL_ALIGNMENT,PASS
21269523,S18,U000326,VISUAL_ALIGNMENT,PASS
21280228,S24,U000321,VISUAL_ALIGNMENT,PASS
21292932,S13,U000330,VISUAL_ALIGNMENT,PASS
21312673,S08,U000357,VISUAL_ALIGNMENT,PASS
21314109,S18,U000327,VISUAL_ALIGNMENT,PASS
21321457,S30,U000317,VISUAL_ALIGNMENT,PASS
21345325,S24,U000322,VISUAL_ALIGNMENT,PASS
21361181,S13,U000331,VISUAL_ALIGNMENT,PASS
21373432,S08,U000358,VISUAL_ALIGNMENT,PASS
21391309,S30,U000318,VISUAL_ALIGNMENT,PASS
21398331,S18,U000328,VISUAL_ALIGNMENT,PASS
21420696,S24,U000323,VISUAL_ALIGNMENT,PASS
21423220,S13,U000332,VISUAL_ALIGNMENT,PASS
21434406,S08,U000359,VISUAL_ALIGNMENT,PASS
21476487,S18,U000329,VISUAL_ALIGNMENT,PASS
21477469,S30,U000319,VISUAL_ALIGNMENT,PASS
21482951,S13,U000333,VISUAL_ALIGNMENT,PASS
21483168,S08,U000360,VISUAL_ALIGNMENT,PASS
21492495,S24,U000324,VISUAL_ALIGNMENT,PASS
21545347,S30,U000320,VISUAL_ALIGNMENT,PASS
21550193,S08,U000361,VISUAL_ALIGNMENT,PASS
21552713,S13,U000334,VISUAL_ALIGNMENT,PASS
21557813,S24,U000325,VISUAL_ALIGNMENT,PASS
21559446,S18,U000330,VISUAL_ALIGNMENT,PASS
21595084,S30,U000321,VISUAL_ALIGNMENT,PASS
21602732,S13,U000335,VISUAL_ALIGNMENT,PASS
21612198,S08,U000362,VISUAL_ALIGNMENT,PASS
21612473,S18,U000331,VISUAL_ALIGNMENT,PASS
21612908,S24,U000326,VISUAL_ALIGNMENT,PASS
21650499,S13,U000336,VISUAL_ALIGNMENT,PASS
21658472,S30,U000322,VISUAL_ALIGNMENT,PASS
21665361,S08,U000363,VISUAL_ALIGNMENT,PASS
21669649,S24,U000327,VISUAL_ALIGNMENT,PASS
21694422,S18,U000332,VISUAL_ALIGNMENT,PASS
21709581,S13,U000337,VISUAL_ALIGNMENT,PASS
21718382,S30,U000323,VISUAL_ALIGNMENT,PASS
21719618,S08,U000364,VISUAL_ALIGNMENT,PASS
21730032,S24,U000328,VISUAL_ALIGNMENT,PASS
21769060,S18,U000333,VISUAL_ALIGNMENT,PASS
21779556,S08,U000365,VISUAL_ALIGNMENT,PASS
21782974,S24,U000329,VISUAL_ALIGNMENT,PASS
21785270,S13,U000338,VISUAL_ALIGNMENT,PASS
21811293,S30,U000324,VISUAL_ALIGNMENT,PASS
21829339,S13,U000339,VISUAL_ALIGNMENT,PASS
21835343,S08,U000366,VISUAL_ALIGNMENT,PASS
21845609,S18,U000334,VISUAL_ALIGNMENT,PASS
21854434,S24,U000330,VISUAL_ALIGNMENT,PASS
21860060,S30,U000325,VISUAL_ALIGNMENT,PASS
21885113,S13,U000340,VISUAL_ALIGNMENT,PASS
21894467,S08,U000367,VISUAL_ALIGNMENT,PASS
21905868,S18,U000335,VISUAL_ALIGNMENT,PASS
21908665,S30,U000326,VISUAL_ALIGNMENT,PASS
21928451,S24,U000331,VISUAL_ALIGNMENT,PASS
21946795,S08,U000368,VISUAL_ALIGNMENT,PASS
21959972,S13,U000341,VISUAL_ALIGNMENT,PASS
21967939,S18,U000336,VISUAL_ALIGNMENT,PASS
21978131,S30,U000327,VISUAL_ALIGNMENT,PASS
21986334,S24,U000332,VISUAL_ALIGNMENT,PASS
21998870,S08,U000369,VISUAL_ALIGNMENT,PASS
22008363,S13,U000342,VISUAL_ALIGNMENT,PASS
22037162,S18,U000337,VISUAL_ALIGNMENT,PASS
22047713,S30,U000328,VISUAL_ALIGNMENT,PASS
22068565,S08,U000370,VISUAL_ALIGNMENT,PASS
22072989,S24,U000333,VISUAL_ALIGNMENT,PASS
22094971,S13,U000343,VISUAL_ALIGNMENT,PASS
22096968,S18,U000338,VISUAL_ALIGNMENT,PASS
22114850,S30,U000329,VISUAL_ALIGNMENT,PASS
22130388,S08,U000371,VISUAL_ALIGNMENT,PASS
22137593,S18,U000339,VISUAL_ALIGNMENT,PASS
22137871,S24,U000334,VISUAL_ALIGNMENT,PASS
22143318,S13,U000344,VISUAL_ALIGNMENT,PASS
22183417,S30,U000330,VISUAL_ALIGNMENT,PASS
22191595,S08,U000372,VISUAL_ALIGNMENT,PASS
22192078,S24,U000335,VISUAL_ALIGNMENT,PASS
22201110,S18,U000340,VISUAL_ALIGNMENT,PASS
22227735,S13,U000345,VISUAL_ALIGNMENT,PASS
22252445,S30,U000331,VISUAL_ALIGNMENT,PASS
22271689,S08,U000373,VISUAL_ALIGNMENT,PASS
22283148,S24,U000336,VISUAL_ALIGNMENT,PASS
22288960,S18,U000341,VISUAL_ALIGNMENT,PASS
22294211,S13,U000346,VISUAL_ALIGNMENT,PASS
22302405,S30,U000332,VISUAL_ALIGNMENT,PASS
22326976,S08,U000374,VISUAL_ALIGNMENT,PASS
22331131,S24,U000337,VISUAL_ALIGNMENT,PASS
22342499,S13,U000347,VISUAL_ALIGNMENT,PASS
22344728,S30,U000333,VISUAL_ALIGNMENT,PASS
22353184,S18,U000342,VISUAL_ALIGNMENT,PASS
22392390,S08,U000375,VISUAL_ALIGNMENT,PASS
22404934,S24,U000338,VISUAL_ALIGNMENT,PASS
22410365,S13,U000348,VISUAL_ALIGNMENT,PASS
22416004,S18,U000343,VISUAL_ALIGNMENT,PASS
22464080,S13,U000349,VISUAL_ALIGNMENT,PASS
22468053,S30,U000334,VISUAL_ALIGNMENT,PASS
22470865,S08,U000376,VISUAL_ALIGNMENT,PASS
22478672,S18,U000344,VISUAL_ALIGNMENT,PASS
22483993,S24,U000339,VISUAL_ALIGNMENT,PASS
22519242,S30,U000335,VISUAL_ALIGNMENT,PASS
22520373,S13,U000350,VISUAL_ALIGNMENT,PASS
22525755,S08,U000377,VISUAL_ALIGNMENT,PASS
22540277,S24,U000340,VISUAL_ALIGNMENT,PASS
22545373,S18,U000345,VISUAL_ALIGNMENT,PASS
22578613,S13,U000351,VISUAL_ALIGNMENT,PASS
22585527,S08,U000378,VISUAL_ALIGNMENT,PASS
22586023,S30,U000336,VISUAL_ALIGNMENT,PASS
22612455,S18,U000346,VISUAL_ALIGNMENT,PASS
22628539,S13,U000352,VISUAL_ALIGNMENT,PASS
22631590,S30,U000337,VISUAL_ALIGNMENT,PASS
22638185,S24,U000341,VISUAL_ALIGNMENT,PASS
22640115,S08,U000379,VISUAL_ALIGNMENT,PASS
22677725,S18,U000347,VISUAL_ALIGNMENT,PASS
22687116,S13,U000353,VISUAL_ALIGNMENT,PASS
22688333,S30,U000338,VISUAL_ALIGNMENT,PASS
22690961,S24,U000342,VISUAL_ALIGNMENT,PASS
22734060,S08,U000380,VISUAL_ALIGNMENT,PASS
22745555,S13,U000354,VISUAL_ALIGNMENT,PASS
22747573,S24,U000343,VISUAL_ALIGNMENT,PASS
22754243,S30,U000339,VISUAL_ALIGNMENT,PASS
22757347,S18,U000348,VISUAL_ALIGNMENT,PASS
22792972,S08,U000381,VISUAL_ALIGNMENT,PASS
22802085,S13,U000355,VISUAL_ALIGNMENT,PASS
22802729,S30,U000340,VISUAL_ALIGNMENT,PASS
22817122,S24,U000344,VISUAL_ALIGNMENT,PASS
22832026,S18,U000349,VISUAL_ALIGNMENT,FAIL
22848212,S08,U000382,VISUAL_ALIGNMENT,PASS
22871391,S13,U000356,VISUAL_ALIGNMENT,PASS
22883129,S24,U000345,VISUAL_ALIGNMENT,FAIL
22894163,S30,U000341,VISUAL_ALIGNMENT,PASS
22897357,S18,U000350,VISUAL_ALIGNMENT,PASS
22903194,S08,U000383,VISUAL_ALIGNMENT,PASS
22936827,S13,U000357,VISUAL_ALIGNMENT,PASS
22946313,S24,U000346,VISUAL_ALIGNMENT,PASS
22955864,S18,U000351,VISUAL_ALIGNMENT,PASS
22962340,S30,U000342,VISUAL_ALIGNMENT,PASS
22983118,S08,U000384,VISUAL_ALIGNMENT,PASS
22993478,S13,U000358,VISUAL_ALIGNMENT,PASS
23011290,S18,U000352,VISUAL_ALIGNMENT,PASS
23024344,S24,U000347,VISUAL_ALIGNMENT,PASS
23029387,S30,U000343,VISUAL_ALIGNMENT,PASS
23044442,S08,U000385,VISUAL_ALIGNMENT,PASS
23054191,S13,U000359,VISUAL_ALIGNMENT,PASS
23085184,S24,U000348,VISUAL_ALIGNMENT,PASS
23087513,S18,U000353,VISUAL_ALIGNMENT,PASS
23096238,S30,U000344,VISUAL_ALIGNMENT,PASS
23101874,S08,U000386,VISUAL_ALIGNMENT,PASS
23112590,S13,U000360,VISUAL_ALIGNMENT,PASS
23131081,S18,U000354,VISUAL_ALIGNMENT,PASS
23153634,S24,U000349,VISUAL_ALIGNMENT,PASS
23162470,S30,U000345,VISUAL_ALIGNMENT,PASS
23165346,S13,U000361,VISUAL_ALIGNMENT,PASS
23167674,S08,U000387,VISUAL_ALIGNMENT,PASS
23205439,S24,U000350,VISUAL_ALIGNMENT,PASS
23219469,S18,U000355,VISUAL_ALIGNMENT,PASS
23219978,S08,U000388,VISUAL_ALIGNMENT,PASS
23222948,S13,U000362,VISUAL_ALIGNMENT,PASS
23224582,S30,U000346,VISUAL_ALIGNMENT,PASS
23282188,S13,U000363,VISUAL_ALIGNMENT,PASS
23283837,S18,U000356,VISUAL_ALIGNMENT,PASS
23287218,S08,U000389,VISUAL_ALIGNMENT,PASS
23290073,S24,U000351,VISUAL_ALIGNMENT,PASS
23317402,S30,U000347,VISUAL_ALIGNMENT,PASS
23333847,S13,U000364,VISUAL_ALIGNMENT,PASS
23335615,S24,U000352,VISUAL_ALIGNMENT,PASS
23348154,S08,U000390,VISUAL_ALIGNMENT,PASS
23351479,S18,U000357,VISUAL_ALIGNMENT,PASS
23374587,S30,U000348,VISUAL_ALIGNMENT,PASS
23401752,S08,U000391,VISUAL_ALIGNMENT,PASS
23404385,S13,U000365,VISUAL_ALIGNMENT,PASS
23419348,S24,U000353,VISUAL_ALIGNMENT,PASS
23420133,S18,U000358,VISUAL_ALIGNMENT,PASS
23447603,S30,U000349,VISUAL_ALIGNMENT,PASS
23449715,S13,U000366,VISUAL_ALIGNMENT,PASS
23469774,S08,U000392,VISUAL_ALIGNMENT,PASS
23478146,S18,U000359,VISUAL_ALIGNMENT,PASS
23478412,S24,U000354,VISUAL_ALIGNMENT,PASS
23496845,S30,U000350,VISUAL_ALIGNMENT,PASS
23516924,S13,U000367,VISUAL_ALIGNMENT,PASS
23530051,S08,U000393,VISUAL_ALIGNMENT,PASS
23535757,S18,U000360,VISUAL_ALIGNMENT,PASS
23543822,S24,U000355,VISUAL_ALIGNMENT,PASS
23571316,S30,U000351,VISUAL_ALIGNMENT,PASS
23573342,S13,U000368,VISUAL_ALIGNMENT,PASS
23577258,S08,U000394,VISUAL_ALIGNMENT,PASS
23581263,S18,U000361,VISUAL_ALIGNMENT,PASS
23607931,S24,U000356,VISUAL_ALIGNMENT,PASS
23628613,S08,U000395,VISUAL_ALIGNMENT,PASS
23633143,S30,U000352,VISUAL_ALIGNMENT,PASS
23635669,S13,U000369,VISUAL_ALIGNMENT,PASS
23641194,S18,U000362,VISUAL_ALIGNMENT,PASS
23668412,S24,U000357,VISUAL_ALIGNMENT,PASS
23681360,S08,U000396,VISUAL_ALIGNMENT,PASS
23685480,S30,U000353,VISUAL_ALIGNMENT,PASS
23702519,S18,U000363,VISUAL_ALIGNMENT,PASS
23718329,S13,U000370,VISUAL_ALIGNMENT,PASS
23726482,S24,U000358,VISUAL_ALIGNMENT,PASS
23735819,S08,U000397,VISUAL_ALIGNMENT,PASS
23754521,S30,U000354,VISUAL_ALIGNMENT,PASS
23769599,S13,U000371,VISUAL_ALIGNMENT,FAIL
23785441,S18,U000364,VISUAL_ALIGNMENT,PASS
23798659,S08,U000398,VISUAL_ALIGNMENT,PASS
23801323,S24,U000359,VISUAL_ALIGNMENT,PASS
23818857,S13,U000372,VISUAL_ALIGNMENT,PASS
23845370,S30,U000355,VISUAL_ALIGNMENT,PASS
23850745,S08,U000399,VISUAL_ALIGNMENT,PASS
23853881,S18,U000365,VISUAL_ALIGNMENT,PASS
23868448,S24,U000360,VISUAL_ALIGNMENT,PASS
23892362,S30,U000356,VISUAL_ALIGNMENT,PASS
23895670,S13,U000373,VISUAL_ALIGNMENT,PASS
23898584,S08,U000400,VISUAL_ALIGNMENT,PASS
23915952,S18,U000366,VISUAL_ALIGNMENT,PASS
23934984,S24,U000361,VISUAL_ALIGNMENT,PASS
23950988,S08,U000401,VISUAL_ALIGNMENT,PASS
23953315,S30,U000357,VISUAL_ALIGNMENT,PASS
23972887,S18,U000367,VISUAL_ALIGNMENT,PASS
23978955,S13,U000374,VISUAL_ALIGNMENT,PASS
24010548,S08,U000402,VISUAL_ALIGNMENT,PASS
24011376,S24,U000362,VISUAL_ALIGNMENT,PASS
24030665,S30,U000358,VISUAL_ALIGNMENT,PASS
24032327,S18,U000368,VISUAL_ALIGNMENT,PASS
24041530,S13,U000375,VISUAL_ALIGNMENT,PASS
24060938,S08,U000403,VISUAL_ALIGNMENT,PASS
24073004,S24,U000363,VISUAL_ALIGNMENT,PASS
24101611,S18,U000369,VISUAL_ALIGNMENT,PASS
24106284,S30,U000359,VISUAL_ALIGNMENT,PASS
24106984,S13,U000376,VISUAL_ALIGNMENT,PASS
24128591,S08,U000404,VISUAL_ALIGNMENT,PASS
24143053,S24,U000364,VISUAL_ALIGNMENT,PASS
24144500,S18,U000370,VISUAL_ALIGNMENT,PASS
24156340,S13,U000377,VISUAL_ALIGNMENT,PASS
24170494,S30,U000360,VISUAL_ALIGNMENT,PASS
24193826,S08,U000405,VISUAL_ALIGNMENT,PASS
24199238,S18,U000371,VISUAL_ALIGNMENT,PASS
24208435,S13,U000378,VISUAL_ALIGNMENT,PASS
24217424,S24,U000365,VISUAL_ALIGNMENT,PASS
24233242,S30,U000361,VISUAL_ALIGNMENT,PASS
24246645,S08,U000406,VISUAL_ALIGNMENT,PASS
24275671,S13,U000379,VISUAL_ALIGNMENT,PASS
24276334,S18,U000372,VISUAL_ALIGNMENT,PASS
24277037,S24,U000366,VISUAL_ALIGNMENT,PASS
24277886,S30,U000362,VISUAL_ALIGNMENT,PASS
24300622,S08,U000407,VISUAL_ALIGNMENT,PASS
24330673,S24,U000367,VISUAL_ALIGNMENT,PASS
24331169,S13,U000380,VISUAL_ALIGNMENT,PASS
24342604,S18,U000373,VISUAL_ALIGNMENT,PASS
24368422,S30,U000363,VISUAL_ALIGNMENT,PASS
24369440,S08,U000408,VISUAL_ALIGNMENT,PASS
24381457,S13,U000381,VISUAL_ALIGNMENT,PASS
24388532,S24,U000368,VISUAL_ALIGNMENT,PASS
24405672,S18,U000374,VISUAL_ALIGNMENT,PASS
24415244,S30,U000364,VISUAL_ALIGNMENT,PASS
24434908,S08,U000409,VISUAL_ALIGNMENT,PASS
24457420,S13,U000382,VISUAL_ALIGNMENT,PASS
24458247,S24,U000369,VISUAL_ALIGNMENT,PASS
24480942,S18,U000375,VISUAL_ALIGNMENT,PASS
24494218,S08,U000410,VISUAL_ALIGNMENT,PASS
24513594,S30,U000365,VISUAL_ALIGNMENT,PASS
24519956,S13,U000383,VISUAL_ALIGNMENT,FAIL
24533785,S24,U000370,VISUAL_ALIGNMENT,PASS
24543435,S18,U000376,VISUAL_ALIGNMENT,PASS
24557317,S08,U000411,VISUAL_ALIGNMENT,PASS
24581551,S30,U000366,VISUAL_ALIGNMENT,PASS
24585035,S13,U000384,VISUAL_ALIGNMENT,PASS
24585925,S24,U000371,VISUAL_ALIGNMENT,PASS
24615992,S08,U000412,VISUAL_ALIGNMENT,FAIL
24624598,S18,U000377,VISUAL_ALIGNMENT,PASS
24636911,S30,U000367,VISUAL_ALIGNMENT,PASS
24647831,S13,U000385,VISUAL_ALIGNMENT,PASS
24662066,S24,U000372,VISUAL_ALIGNMENT,PASS
24662921,S08,U000413,VISUAL_ALIGNMENT,PASS
24682190,S18,U000378,VISUAL_ALIGNMENT,PASS
24695670,S30,U000368,VISUAL_ALIGNMENT,PASS
24709685,S13,U000386,VISUAL_ALIGNMENT,PASS
24717379,S24,U000373,VISUAL_ALIGNMENT,PASS
24727648,S18,U000379,VISUAL_ALIGNMENT,PASS
24739273,S08,U000414,VISUAL_ALIGNMENT,PASS
24755701,S30,U000369,VISUAL_ALIGNMENT,PASS
24762014,S13,U000387,VISUAL_ALIGNMENT,PASS
24778725,S18,U000380,VISUAL_ALIGNMENT,PASS
24789256,S08,U000415,VISUAL_ALIGNMENT,PASS
24793820,S24,U000374,VISUAL_ALIGNMENT,PASS
24824164,S30,U000370,VISUAL_ALIGNMENT,PASS
24829449,S18,U000381,VISUAL_ALIGNMENT,PASS
24830348,S13,U000388,VISUAL_ALIGNMENT,PASS
24836419,S08,U000416,VISUAL_ALIGNMENT,PASS
24846711,S24,U000375,VISUAL_ALIGNMENT,PASS
24878552,S18,U000382,VISUAL_ALIGNMENT,PASS
24885109,S13,U000389,VISUAL_ALIGNMENT,PASS
24903079,S24,U000376,VISUAL_ALIGNMENT,PASS
24903150,S30,U000371,VISUAL_ALIGNMENT,PASS
24906560,S08,U000417,VISUAL_ALIGNMENT,PASS
24929276,S18,U000383,VISUAL_ALIGNMENT,PASS
24934364,S13,U000390,VISUAL_ALIGNMENT,PASS
24952511,S08,U000418,VISUAL_ALIGNMENT,PASS
24975939,S24,U000377,VISUAL_ALIGNMENT,PASS
24980890,S18,U000384,VISUAL_ALIGNMENT,PASS
24983864,S30,U000372,VISUAL_ALIGNMENT,PASS
25002135,S08,U000419,VISUAL_ALIGNMENT,PASS
25013562,S13,U000391,VISUAL_ALIGNMENT,PASS
25036270,S18,U000385,VISUAL_ALIGNMENT,PASS
25038720,S24,U000378,VISUAL_ALIGNMENT,PASS
25052444,S30,U000373,VISUAL_ALIGNMENT,PASS
25067068,S08,U000420,VISUAL_ALIGNMENT,PASS
25078682,S18,U000386,VISUAL_ALIGNMENT,PASS
25079776,S13,U000392,VISUAL_ALIGNMENT,PASS
25104045,S24,U000379,VISUAL_ALIGNMENT,PASS
25114610,S08,U000421,VISUAL_ALIGNMENT,PASS
25116098,S30,U000374,VISUAL_ALIGNMENT,PASS
25144400,S13,U000393,VISUAL_ALIGNMENT,PASS
25151594,S18,U000387,VISUAL_ALIGNMENT,PASS
25177718,S30,U000375,VISUAL_ALIGNMENT,PASS
25179920,S24,U000380,VISUAL_ALIGNMENT,PASS
25191509,S08,U000422,VISUAL_ALIGNMENT,PASS
25195993,S18,U000388,VISUAL_ALIGNMENT,PASS
25196071,S13,U000394,VISUAL_ALIGNMENT,PASS
25223752,S30,U000376,VISUAL_ALIGNMENT,PASS
25231978,S24,U000381,VISUAL_ALIGNMENT,PASS
25255734,S13,U000395,VISUAL_ALIGNMENT,PASS
25262086,S18,U000389,VISUAL_ALIGNMENT,PASS
25267480,S08,U000423,VISUAL_ALIGNMENT,PASS
25281602,S30,U000377,VISUAL_ALIGNMENT,PASS
25301456,S24,U000382,VISUAL_ALIGNMENT,PASS
25315083,S08,U000424,VISUAL_ALIGNMENT,PASS
25320634,S18,U000390,VISUAL_ALIGNMENT,PASS
25322391,S13,U000396,VISUAL_ALIGNMENT,PASS
25339603,S30,U000378,VISUAL_ALIGNMENT,PASS
25366649,S24,U000383,VISUAL_ALIGNMENT,PASS
25370000,S08,U000425,VISUAL_ALIGNMENT,PASS
25374656,S18,U000391,VISUAL_ALIGNMENT,PASS
25388799,S13,U000397,VISUAL_ALIGNMENT,PASS
25391673,S30,U000379,VISUAL_ALIGNMENT,PASS
25414874,S24,U000384,VISUAL_ALIGNMENT,PASS
25422340,S08,U000426,VISUAL_ALIGNMENT,FAIL
25441307,S18,U000392,VISUAL_ALIGNMENT,PASS
25446260,S30,U000380,VISUAL_ALIGNMENT,PASS
25458537,S13,U000398,VISUAL_ALIGNMENT,PASS
25468278,S08,U000427,VISUAL_ALIGNMENT,PASS
25478646,S24,U000385,VISUAL_ALIGNMENT,PASS
25506955,S30,U000381,VISUAL_ALIGNMENT,PASS
25510060,S08,U000428,VISUAL_ALIGNMENT,PASS
25512306,S18,U000393,VISUAL_ALIGNMENT,PASS
25515799,S24,U000386,VISUAL_ALIGNMENT,PASS
25527547,S13,U000399,VISUAL_ALIGNMENT,PASS
25568702,S08,U000429,VISUAL_ALIGNMENT,PASS
25573481,S24,U000387,VISUAL_ALIGNMENT,PASS
25577120,S18,U000394,VISUAL_ALIGNMENT,PASS
25584817,S30,U000382,VISUAL_ALIGNMENT,PASS
25599317,S13,U000400,VISUAL_ALIGNMENT,PASS
25624188,S18,U000395,VISUAL_ALIGNMENT,PASS
25628482,S08,U000430,VISUAL_ALIGNMENT,PASS
25638758,S24,U000388,VISUAL_ALIGNMENT,PASS
25666120,S13,U000401,VISUAL_ALIGNMENT,PASS
25682835,S30,U000383,VISUAL_ALIGNMENT,PASS
25687420,S18,U000396,VISUAL_ALIGNMENT,PASS
25689024,S08,U000431,VISUAL_ALIGNMENT,PASS
25704116,S24,U000389,VISUAL_ALIGNMENT,PASS
25716731,S13,U000402,VISUAL_ALIGNMENT,PASS
25733978,S30,U000384,VISUAL_ALIGNMENT,PASS
25738470,S08,U000432,VISUAL_ALIGNMENT,PASS
25743714,S18,U000397,VISUAL_ALIGNMENT,PASS
25755006,S24,U000390,VISUAL_ALIGNMENT,PASS
25764929,S13,U000403,VISUAL_ALIGNMENT,PASS
25788439,S08,U000433,VISUAL_ALIGNMENT,PASS
25792663,S18,U000398,VISUAL_ALIGNMENT,PASS
25797928,S30,U000385,VISUAL_ALIGNMENT,PASS
25815005,S24,U000391,VISUAL_ALIGNMENT,PASS
25838231,S13,U000404,VISUAL_ALIGNMENT,PASS
25845418,S08,U000434,VISUAL_ALIGNMENT,PASS
25865864,S30,U000386,VISUAL_ALIGNMENT,PASS
25870730,S18,U000399,VISUAL_ALIGNMENT,PASS
25890760,S13,U000405,VISUAL_ALIGNMENT,PASS
25896892,S24,U000392,VISUAL_ALIGNMENT,PASS
25924326,S08,U000435,VISUAL_ALIGNMENT,PASS
25931647,S18,U000400,VISUAL_ALIGNMENT,PASS
25933728,S30,U000387,VISUAL_ALIGNMENT,PASS
25952643,S24,U000393,VISUAL_ALIGNMENT,PASS
25954736,S13,U000406,VISUAL_ALIGNMENT,PASS
25992836,S30,U000388,VISUAL_ALIGNMENT,PASS
26001401,S18,U000401,VISUAL_ALIGNMENT,PASS
26008035,S13,U000407,VISUAL_ALIGNMENT,PASS
26014959,S24,U000394,VISUAL_ALIGNMENT,PASS
26042388,S08,U000436,VISUAL_ALIGNMENT,PASS
26050348,S30,U000389,VISUAL_ALIGNMENT,PASS
26057035,S18,U000402,VISUAL_ALIGNMENT,PASS
26071336,S24,U000395,VISUAL_ALIGNMENT,PASS
26073647,S13,U000408,VISUAL_ALIGNMENT,PASS
26085325,S08,U000437,VISUAL_ALIGNMENT,PASS
26097542,S30,U000390,VISUAL_ALIGNMENT,PASS
26125074,S18,U000403,VISUAL_ALIGNMENT,PASS
26125612,S24,U000396,VISUAL_ALIGNMENT,PASS
26131001,S13,U000409,VISUAL_ALIGNMENT,PASS
26141735,S08,U000438,VISUAL_ALIGNMENT,PASS
26155369,S30,U000391,VISUAL_ALIGNMENT,PASS
26165953,S18,U000404,VISUAL_ALIGNMENT,FAIL
26195592,S24,U000397,VISUAL_ALIGNMENT,PASS
26198361,S13,U000410,VISUAL_ALIGNMENT,PASS
26200874,S08,U000439,VISUAL_ALIGNMENT,PASS
26211814,S30,U000392,VISUAL_ALIGNMENT,PASS
26220776,S18,U000405,VISUAL_ALIGNMENT,PASS
26254572,S08,U000440,VISUAL_ALIGNMENT,PASS
26263648,S30,U000393,VISUAL_ALIGNMENT,PASS
26269604,S24,U000398,VISUAL_ALIGNMENT,PASS
26274178,S13,U000411,VISUAL_ALIGNMENT,PASS
26275129,S18,U000406,VISUAL_ALIGNMENT,PASS
26308919,S08,U000441,VISUAL_ALIGNMENT,PASS
26310961,S30,U000394,VISUAL_ALIGNMENT,PASS
26324733,S13,U000412,VISUAL_ALIGNMENT,PASS
26327966,S18,U000407,VISUAL_ALIGNMENT,PASS
26337788,S24,U000399,VISUAL_ALIGNMENT,PASS
26371344,S08,U000442,VISUAL_ALIGNMENT,PASS
26372500,S18,U000408,VISUAL_ALIGNMENT,PASS
26386880,S30,U000395,VISUAL_ALIGNMENT,PASS
26387028,S24,U000400,VISUAL_ALIGNMENT,PASS
26394594,S13,U000413,VISUAL_ALIGNMENT,PASS
26426560,S08,U000443,VISUAL_ALIGNMENT,PASS
26434930,S30,U000396,VISUAL_ALIGNMENT,PASS
26447956,S18,U000409,VISUAL_ALIGNMENT,PASS
26451592,S24,U000401,VISUAL_ALIGNMENT,PASS
26468719,S13,U000414,VISUAL_ALIGNMENT,PASS
26480115,S30,U000397,VISUAL_ALIGNMENT,PASS
26485800,S08,U000444,VISUAL_ALIGNMENT,PASS
26497470,S24,U000402,VISUAL_ALIGNMENT,PASS
26502849,S18,U000410,VISUAL_ALIGNMENT,PASS
26527274,S13,U000415,VISUAL_ALIGNMENT,PASS
26542954,S08,U000445,VISUAL_ALIGNMENT,PASS
26546156,S30,U000398,VISUAL_ALIGNMENT,PASS
26548813,S18,U000411,VISUAL_ALIGNMENT,PASS
26566458,S24,U000403,VISUAL_ALIGNMENT,PASS
26570864,S13,U000416,VISUAL_ALIGNMENT,PASS
26598977,S08,U000446,VISUAL_ALIGNMENT,PASS
26603094,S18,U000412,VISUAL_ALIGNMENT,PASS
26607946,S30,U000399,VISUAL_ALIGNMENT,PASS
26620008,S24,U000404,VISUAL_ALIGNMENT,PASS
26630562,S13,U000417,VISUAL_ALIGNMENT,PASS
26653398,S08,U000447,VISUAL_ALIGNMENT,PASS
26667155,S18,U000413,VISUAL_ALIGNMENT,PASS
26686427,S30,U000400,VISUAL_ALIGNMENT,PASS
26687521,S08,U000448,VISUAL_ALIGNMENT,PASS
26703401,S13,U000418,VISUAL_ALIGNMENT,PASS
26704016,S24,U000405,VISUAL_ALIGNMENT,PASS
26727467,S18,U000414,VISUAL_ALIGNMENT,FAIL
26752872,S08,U000449,VISUAL_ALIGNMENT,PASS
26754011,S30,U000401,VISUAL_ALIGNMENT,PASS
26758767,S24,U000406,VISUAL_ALIGNMENT,PASS
26761785,S13,U000419,VISUAL_ALIGNMENT,PASS
26805618,S30,U000402,VISUAL_ALIGNMENT,PASS
26808162,S18,U000415,VISUAL_ALIGNMENT,PASS
26812565,S08,U000450,VISUAL_ALIGNMENT,PASS
26827176,S24,U000407,VISUAL_ALIGNMENT,PASS
26840544,S13,U000420,VISUAL_ALIGNMENT,PASS
26852927,S18,U000416,VISUAL_ALIGNMENT,PASS
26859888,S30,U000403,VISUAL_ALIGNMENT,PASS
26866757,S08,U000451,VISUAL_ALIGNMENT,PASS
26891810,S24,U000408,VISUAL_ALIGNMENT,PASS
26906862,S13,U000421,VISUAL_ALIGNMENT,PASS
26911366,S18,U000417,VISUAL_ALIGNMENT,PASS
26927526,S30,U000404,VISUAL_ALIGNMENT,PASS
26941178,S08,U000452,VISUAL_ALIGNMENT,PASS
26958776,S13,U000422,VISUAL_ALIGNMENT,PASS
26961519,S24,U000409,VISUAL_ALIGNMENT,PASS
26967168,S18,U000418,VISUAL_ALIGNMENT,PASS
26981255,S08,U000453,VISUAL_ALIGNMENT,PASS
26992374,S30,U000405,VISUAL_ALIGNMENT,PASS
27010567,S13,U000423,VISUAL_ALIGNMENT,PASS
27023810,S24,U000410,VISUAL_ALIGNMENT,PASS
27027614,S18,U000419,VISUAL_ALIGNMENT,PASS
27036593,S08,U000454,VISUAL_ALIGNMENT,PASS
27055979,S30,U000406,VISUAL_ALIGNMENT,PASS
27070469,S13,U000424,VISUAL_ALIGNMENT,PASS
27085285,S24,U000411,VISUAL_ALIGNMENT,PASS
27091813,S18,U000420,VISUAL_ALIGNMENT,FAIL
27093948,S08,U000455,VISUAL_ALIGNMENT,PASS
27113587,S30,U000407,VISUAL_ALIGNMENT,PASS
27134375,S13,U000425,VISUAL_ALIGNMENT,PASS
27136015,S08,U000456,VISUAL_ALIGNMENT,PASS
27138321,S24,U000412,VISUAL_ALIGNMENT,FAIL
27169370,S18,U000421,VISUAL_ALIGNMENT,PASS
27179670,S30,U000408,VISUAL_ALIGNMENT,PASS
27195034,S08,U000457,VISUAL_ALIGNMENT,PASS
27202053,S13,U000426,VISUAL_ALIGNMENT,PASS
27214963,S18,U000422,VISUAL_ALIGNMENT,PASS
27217127,S24,U000413,VISUAL_ALIGNMENT,PASS
27243848,S08,U000458,VISUAL_ALIGNMENT,PASS
27263124,S30,U000409,VISUAL_ALIGNMENT,PASS
27275444,S18,U000423,VISUAL_ALIGNMENT,PASS
27276169,S24,U000414,VISUAL_ALIGNMENT,PASS
27276935,S13,U000427,VISUAL_ALIGNMENT,PASS
27306046,S08,U000459,VISUAL_ALIGNMENT,PASS
27324540,S30,U000410,VISUAL_ALIGNMENT,PASS
27330906,S13,U000428,VISUAL_ALIGNMENT,PASS
27343593,S18,U000424,VISUAL_ALIGNMENT,PASS
27347909,S24,U000415,VISUAL_ALIGNMENT,PASS
27367893,S08,U000460,VISUAL_ALIGNMENT,PASS
27371158,S30,U000411,VISUAL_ALIGNMENT,PASS
27376518,S13,U000429,VISUAL_ALIGNMENT,PASS
27410987,S24,U000416,VISUAL_ALIGNMENT,PASS
27418477,S18,U000425,VISUAL_ALIGNMENT,PASS
27426760,S08,U000461,VISUAL_ALIGNMENT,PASS
27427347,S13,U000430,VISUAL_ALIGNMENT,PASS
27434705,S30,U000412,VISUAL_ALIGNMENT,PASS
27462707,S24,U000417,VISUAL_ALIGNMENT,PASS
27474973,S13,U000431,VISUAL_ALIGNMENT,PASS
27483844,S30,U000413,VISUAL_ALIGNMENT,PASS
27488092,S18,U000426,VISUAL_ALIGNMENT,PASS
27495929,S08,U000462,VISUAL_ALIGNMENT,PASS
27547962,S24,U000418,VISUAL_ALIGNMENT,PASS
27548135,S13,U000432,VISUAL_ALIGNMENT,PASS
27555039,S08,U000463,VISUAL_ALIGNMENT,FAIL
27566685,S18,U000427,VISUAL_ALIGNMENT,PASS
27578624,S30,U000414,VISUAL_ALIGNMENT,PASS
27591354,S24,U000419,VISUAL_ALIGNMENT,PASS
27592917,S08,U000464,VISUAL_ALIGNMENT,PASS
27606923,S13,U000433,VISUAL_ALIGNMENT,PASS
27634637,S08,U000465,VISUAL_ALIGNMENT,PASS
27635114,S18,U000428,VISUAL_ALIGNMENT,PASS
27639952,S30,U000415,VISUAL_ALIGNMENT,PASS
27649477,S24,U000420,VISUAL_ALIGNMENT,PASS
27674832,S13,U000434,VISUAL_ALIGNMENT,PASS
27693426,S30,U000416,VISUAL_ALIGNMENT,PASS
27698456,S18,U000429,VISUAL_ALIGNMENT,PASS
27705770,S08,U000466,VISUAL_ALIGNMENT,PASS
27709358,S24,U000421,VISUAL_ALIGNMENT,PASS
27731286,S13,U000435,VISUAL_ALIGNMENT,PASS
27747936,S08,U000467,VISUAL_ALIGNMENT,FAIL
27753832,S30,U000417,VISUAL_ALIGNMENT,PASS
27767243,S18,U000430,VISUAL_ALIGNMENT,PASS
27771941,S13,U000436,VISUAL_ALIGNMENT,PASS
27774936,S24,U000422,VISUAL_ALIGNMENT,PASS
27809445,S08,U000468,VISUAL_ALIGNMENT,PASS
27823017,S30,U000418,VISUAL_ALIGNMENT,PASS
27829325,S18,U000431,VISUAL_ALIGNMENT,PASS
27840219,S24,U000423,VISUAL_ALIGNMENT,PASS
27850773,S08,U000469,VISUAL_ALIGNMENT,PASS
27852545,S13,U000437,VISUAL_ALIGNMENT,PASS
27874505,S30,U000419,VISUAL_ALIGNMENT,PASS
27889696,S18,U000432,VISUAL_ALIGNMENT,PASS
27898335,S08,U000470,VISUAL_ALIGNMENT,PASS
27917520,S13,U000438,VISUAL_ALIGNMENT,PASS
27925641,S30,U000420,VISUAL_ALIGNMENT,PASS
27938137,S08,U000471,VISUAL_ALIGNMENT,PASS
27942851,S18,U000433,VISUAL_ALIGNMENT,PASS
27956044,S24,U000424,VISUAL_ALIGNMENT,PASS
27987264,S08,U000472,VISUAL_ALIGNMENT,PASS
27994242,S18,U000434,VISUAL_ALIGNMENT,PASS
28001080,S30,U000421,VISUAL_ALIGNMENT,PASS
28014875,S13,U000439,VISUAL_ALIGNMENT,PASS
28026090,S24,U000425,VISUAL_ALIGNMENT,PASS
28037849,S18,U000435,VISUAL_ALIGNMENT,PASS
28039035,S08,U000473,VISUAL_ALIGNMENT,PASS
28070092,S30,U000422,VISUAL_ALIGNMENT,PASS
28072775,S13,U000440,VISUAL_ALIGNMENT,PASS
28084551,S24,U000426,VISUAL_ALIGNMENT,PASS
28090130,S08,U000474,VISUAL_ALIGNMENT,PASS
28115772,S30,U000423,VISUAL_ALIGNMENT,PASS
28116231,S18,U000436,VISUAL_ALIGNMENT,PASS
28128005,S13,U000441,VISUAL_ALIGNMENT,PASS
28149533,S24,U000427,VISUAL_ALIGNMENT,PASS
28151011,S08,U000475,VISUAL_ALIGNMENT,PASS
28186262,S18,U000437,VISUAL_ALIGNMENT,PASS
28192184,S24,U000428,VISUAL_ALIGNMENT,PASS
28230260,S08,U000476,VISUAL_ALIGNMENT,PASS
28237746,S13,U000442,VISUAL_ALIGNMENT,PASS
28249068,S30,U000424,VISUAL_ALIGNMENT,PASS
28256116,S18,U000438,VISUAL_ALIGNMENT,PASS
28271462,S24,U000429,VISUAL_ALIGNMENT,PASS
28285691,S08,U000477,VISUAL_ALIGNMENT,PASS
28294335,S13,U000443,VISUAL_ALIGNMENT,PASS
28316741,S30,U000425,VISUAL_ALIGNMENT,PASS
28321196,S18,U000439,VISUAL_ALIGNMENT,PASS
28351560,S08,U000478,VISUAL_ALIGNMENT,PASS
28362479,S13,U000444,VISUAL_ALIGNMENT,PASS
28369430,S30,U000426,VISUAL_ALIGNMENT,PASS
28370097,S24,U000430,VISUAL_ALIGNMENT,PASS
28379067,S18,U000440,VISUAL_ALIGNMENT,PASS
28401525,S08,U000479,VISUAL_ALIGNMENT,PASS
28418812,S13,U000445,VISUAL_ALIGNMENT,PASS
28425519,S24,U000431,VISUAL_ALIGNMENT,PASS
28432339,S30,U000427,VISUAL_ALIGNMENT,PASS
28434702,S18,U000441,VISUAL_ALIGNMENT,PASS
28471949,S08,U000480,VISUAL_ALIGNMENT,PASS
28473913,S13,U000446,VISUAL_ALIGNMENT,PASS
28491291,S24,U000432,VISUAL_ALIGNMENT,PASS
28496039,S30,U000428,VISUAL_ALIGNMENT,PASS
28496493,S18,U000442,VISUAL_ALIGNMENT,PASS
28521389,S13,U000447,VISUAL_ALIGNMENT,PASS
28521866,S08,U000481,VISUAL_ALIGNMENT,PASS
28540186,S18,U000443,VISUAL_ALIGNMENT,PASS
28544458,S24,U000433,VISUAL_ALIGNMENT,PASS
28546724,S30,U000429,VISUAL_ALIGNMENT,PASS
28561360,S13,U000448,VISUAL_ALIGNMENT,PASS
28573248,S08,U000482,VISUAL_ALIGNMENT,PASS
28625253,S24,U000434,VISUAL_ALIGNMENT,PASS
28631699,S18,U000444,VISUAL_ALIGNMENT,PASS
28632837,S08,U000483,VISUAL_ALIGNMENT,PASS
28633199,S13,U000449,VISUAL_ALIGNMENT,PASS
28678539,S24,U000435,VISUAL_ALIGNMENT,PASS
28680947,S30,U000430,VISUAL_ALIGNMENT,PASS
28685313,S18,U000445,VISUAL_ALIGNMENT,PASS
28694094,S08,U000484,VISUAL_ALIGNMENT,PASS
28698617,S13,U000450,VISUAL_ALIGNMENT,PASS
28733865,S24,U000436,VISUAL_ALIGNMENT,PASS
28736999,S18,U000446,VISUAL_ALIGNMENT,PASS
28745581,S08,U000485,VISUAL_ALIGNMENT,PASS
28748345,S30,U000431,VISUAL_ALIGNMENT,PASS
28752086,S13,U000451,VISUAL_ALIGNMENT,PASS
28785993,S24,U000437,VISUAL_ALIGNMENT,PASS
28799054,S18,U000447,VISUAL_ALIGNMENT,PASS
