timestamp_ms,station_id,unit_id,defect_type,severity,result
522045,S10,U000001,,,PASS
573731,S10,U000002,,,PASS
644428,S10,U000003,,,PASS
686658,S10,U000004,,,PASS
742422,S10,U000005,,,PASS
816242,S10,U000006,,,PASS
899391,S10,U000007,,,PASS
949404,S10,U000008,,,PASS
1008098,S10,U000009,,,PASS
1045402,S20,U000001,,,PASS
1060948,S10,U000010,,,PASS
1111583,S10,U000011,,,PASS
1130578,S20,U000002,,,PASS
1201280,S20,U000003,,,PASS
1215402,S10,U000012,,,PASS
1251250,S20,U000004,,,PASS
1294645,S10,U000013,,,PASS
1305665,S20,U000005,,,PASS
1350277,S10,U000014,,,PASS
1375857,S20,U000006,,,PASS
1421415,S10,U000015,,,PASS
1426363,S20,U000007,,,PASS
1480792,S10,U000016,,,PASS
1496290,S20,U000008,,,PASS
1546136,S10,U000017,,,PASS
1553389,S30,U000001,,,PASS
1579503,S20,U000009,,,PASS
1607448,S10,U000018,,,PASS
1647730,S20,U000010,,,PASS
1651196,S30,U000002,,,PASS
1669159,S10,U000019,,,PASS
1706338,S20,U000011,,,PASS
1734792,S30,U000003,,,PASS
1745137,S10,U000020,,,PASS
1757189,S20,U000012,,,PASS
1805621,S10,U000021,,,PASS
1814647,S30,U000004,,,PASS
1838272,S20,U000013,,,PASS
1870539,S30,U000005,,,PASS
1871987,S10,U000022,,,PASS
1893053,S20,U000014,,,PASS
1921458,S30,U000006,,,PASS
1923080,S10,U000023,,,PASS
1954211,S20,U000015,,,PASS
1971337,S10,U000024,,,PASS
2006162,S20,U000016,,,PASS
2016597,S30,U000007,,,PASS
2037979,S40,U000001,,,PASS
2046915,S10,U000025,,,PASS
2063247,S20,U000017,,,PASS
2080943,S30,U000008,,,PASS
2094106,S10,U000026,,,PASS
2112050,S40,U000002,,,PASS
2122067,S20,U000018,,,PASS
2147434,S30,U000009,,,PASS
2153903,S10,U000027,,,PASS
2191776,S40,U000003,,,PASS
2194800,S20,U000019,,,PASS
2196705,S10,U000028,,,PASS
2205757,S30,U000010,,,PASS
2261358,S30,U000011,,,PASS
2268465,S10,U000029,,,PASS
2296260,S40,U000004,,,PASS
2308481,S20,U000020,,,PASS
2317509,S30,U000012,,,PASS
2340890,S10,U000030,,,PASS
2358585,S20,U000021,,,PASS
2359382,S40,U000005,,,PASS
2366094,S30,U000013,,,PASS
2412857,S10,U000031,,,PASS
2419120,S20,U000022,,,PASS
2419803,S30,U000014,,,PASS
2424400,S40,U000006,,,PASS
2464012,S20,U000023,,,PASS
2465347,S10,U000032,,,PASS
2477240,S30,U000015,,,PASS
2500681,S40,U000007,,,PASS
2516616,S10,U000033,,,PASS
2550842,S20,U000024,,,PASS
2564260,S10,U000034,,,PASS
2569016,S30,U000016,,,PASS
2569830,S40,U000008,,,PASS
2602493,S20,U000025,,,PASS
2610874,S10,U000035,,,PASS
2630788,S30,U000017,,,PASS
2637099,S40,U000009,,,PASS
2665141,S10,U000036,,,PASS
2673309,S20,U000026,,,PASS
2692805,S40,U000010,,,PASS
2695853,S30,U000018,,,PASS
2712762,S10,U000037,,,PASS
2716695,S20,U000027,,,PASS
2737942,S40,U000011,,,PASS
2780742,S30,U000019,,,PASS
2790974,S40,U000012,,,PASS
2798924,S10,U000038,,,PASS
2799727,S20,U000028,,,PASS
2839232,S30,U000020,,,PASS
2845449,S10,U000039,,,PASS
2862947,S40,U000013,,,PASS
2874874,S20,U000029,,,PASS
2886943,S10,U000040,,,PASS
2912385,S30,U000021,,,PASS
2939725,S40,U000014,,,PASS
2940535,S20,U000030,,,PASS
2961068,S10,U000041,,,PASS
2967287,S30,U000022,,,PASS
3004205,S40,U000015,,,PASS
3008773,S10,U000042,,,PASS
3013209,S20,U000031,,,PASS
3027137,S30,U000023,,,PASS
3074818,S20,U000032,,,PASS
3075988,S40,U000016,,,PASS
3078880,S30,U000024,,,PASS
3093478,S10,U000043,,,PASS
3139922,S20,U000033,,,PASS
3150216,S40,U000017,,,PASS
3152204,S10,U000044,,,PASS
3156972,S30,U000025,,,PASS
3203127,S40,U000018,,,PASS
3208174,S10,U000045,,,PASS
3214964,S30,U000026,,,PASS
3222471,S20,U000034,,,PASS
3254987,S40,U000019,,,PASS
3259434,S10,U000046,,,PASS
3272886,S20,U000035,,,PASS
3276592,S30,U000027,,,PASS
3319513,S40,U000020,,,PASS
3329070,S10,U000047,,,PASS
3350806,S20,U000036,,,PASS
3371559,S10,U000048,,,PASS
3374731,S40,U000021,,,PASS
3400942,S30,U000028,,,PASS
3409416,S20,U000037,,,PASS
3444627,S40,U000022,,,PASS
3451455,S10,U000049,,,PASS
3453729,S20,U000038,,,PASS
3456026,S30,U000029,,,PASS
3514754,S40,U000023,,,PASS
3516978,S20,U000039,,,PASS
3523560,S10,U000050,,,PASS
3556773,S30,U000030,,,PASS
3563898,S40,U000024,,,PASS
3567277,S20,U000040,,,PASS
3572990,S10,U000051,,,PASS
3599058,S30,U000031,,,PASS
3624439,S20,U000041,,,PASS
3625289,S10,U000052,,,PASS
3660092,S40,U000025,,,PASS
3672694,S30,U000032,,,PASS
3679660,S10,U000053,,,PASS
3685012,S20,U000042,,,PASS
3710014,S40,U000026,,,PASS
3720791,S10,U000054,,,PASS
3754210,S30,U000033,,,PASS
3769786,S10,U000055,,,PASS
3780219,S20,U000043,,,PASS
3795668,S40,U000027,,,PASS
3809089,S30,U000034,,,PASS
3835110,S10,U000056,,,PASS
3860017,S30,U000035,,,PASS
3862436,S20,U000044,,,PASS
3884875,S40,U000028,,,PASS
3892508,S10,U000057,,,PASS
3931843,S30,U000036,,,PASS
3932765,S20,U000045,,,PASS
3943154,S40,U000029,,,PASS
3951653,S10,U000058,,,PASS
3980527,S20,U000046,,,PASS
3983426,S30,U000037,,,PASS
4000199,S10,U000059,,,PASS
4032521,S40,U000030,,,PASS
4041085,S30,U000038,,,PASS
4044213,S20,U000047,,,PASS
4052656,S10,U000060,,,PASS
4091649,S30,U000039,,,PASS
4101663,S20,U000048,,,PASS
4117518,S10,U000061,,,PASS
4127824,S40,U000031,,,PASS
4142873,S30,U000040,,,PASS
4164041,S20,U000049,,,PASS
4178731,S40,U000032,,,PASS
4194348,S10,U000062,,,PASS
4208947,S20,U000050,,,PASS
4226939,S30,U000041,,,PASS
4244685,S10,U000063,,,PASS
4267061,S40,U000033,,,PASS
4281446,S20,U000051,,,PASS
4299853,S30,U000042,,,PASS
4317697,S40,U000034,,,PASS
4324483,S10,U000064,,,PASS
4326014,S20,U000052,,,PASS
4345060,S30,U000043,,,PASS
4375900,S40,U000035,,,PASS
4376420,S10,U000065,,,PASS
4391545,S20,U000053,,,PASS
4418334,S30,U000044,,,PASS
4428693,S10,U000066,,,PASS
4445886,S40,U000036,,,PASS
4461067,S20,U000054,,,PASS
4482629,S30,U000045,,,PASS
4483467,S10,U000067,,,PASS
4498176,S40,U000037,,,PASS
4520474,S20,U000055,,,PASS
4541419,S10,U000068,,,PASS
4542431,S40,U000038,,,PASS
4545634,S30,U000046,,,PASS
4589204,S20,U000056,,,PASS
4603410,S10,U000069,,,PASS
4615261,S30,U000047,,,PASS
4627433,S40,U000039,,,PASS
4651719,S10,U000070,,,PASS
4661029,S20,U000057,,,PASS
4674878,S30,U000048,,,PASS
4675494,S40,U000040,,,PASS
4713161,S10,U000071,,,PASS
4716034,S20,U000058,,,PASS
4725253,S40,U000041,,,PASS
4729191,S30,U000049,,,PASS
4757187,S10,U000072,,,PASS
4765413,S40,U000042,,,PASS
4778354,S20,U000059,,,PASS
4801995,S30,U000050,,,PASS
4826504,S20,U000060,,,PASS
4829491,S10,U000073,,,PASS
4859451,S40,U000043,,,PASS
4861780,S30,U000051,,,PASS
4886488,S10,U000074,,,PASS
4902883,S40,U000044,,,PASS
4912320,S20,U000061,,,PASS
4918962,S30,U000052,,,PASS
4965511,S10,U000075,,,PASS
4968675,S30,U000053,,,PASS
4970916,S40,U000045,,,PASS
4972810,S20,U000062,,,PASS
5021873,S40,U000046,,,PASS
5024775,S10,U000076,,,PASS
5030729,S30,U000054,,,PASS
5031282,S20,U000063,,,PASS
5070824,S10,U000077,,,PASS
5086795,S30,U000055,,,PASS
5087463,S40,U000047,,,PASS
5107351,S20,U000064,,,PASS
5129142,S10,U000078,,,PASS
5151555,S30,U000056,,,PASS
5157847,S20,U000065,,,PASS
5157908,S40,U000048,,,PASS
5194994,S10,U000079,,,PASS
5203341,S30,U000057,,,PASS
5204930,S40,U000049,,,PASS
5213982,S20,U000066,,,PASS
5266499,S30,U000058,,,PASS
5272920,S20,U000067,,,PASS
5283199,S40,U000050,,,PASS
5294031,S10,U000080,,,PASS
5312673,S30,U000059,,,PASS
5330400,S20,U000068,,,PASS
5343544,S10,U000081,,,PASS
5362098,S40,U000051,,,PASS
5383098,S30,U000060,,,PASS
5395993,S10,U000082,,,PASS
5398772,S20,U000069,,,PASS
5425093,S40,U000052,,,PASS
5456351,S30,U000061,,,PASS
5469390,S10,U000083,,,PASS
5476296,S20,U000070,,,PASS
5482442,S40,U000053,,,PASS
5517552,S30,U000062,,,PASS
5520104,S20,U000071,,,PASS
5520458,S10,U000084,,,PASS
5545458,S40,U000054,,,PASS
5572962,S10,U000085,,,PASS
5578094,S30,U000063,,,PASS
5584971,S20,U000072,,,PASS
5609888,S40,U000055,,,PASS
5628247,S20,U000073,,,PASS
5641582,S30,U000064,,,PASS
5652500,S10,U000086,,,PASS
5663896,S40,U000056,,,PASS
5710977,S20,U000074,,,PASS
5717962,S10,U000087,,,PASS
5723504,S30,U000065,,,PASS
5749950,S40,U000057,,,PASS
5771106,S20,U000075,,,PASS
5787309,S30,U000066,,,PASS
5792321,S10,U000088,,,PASS
5813772,S40,U000058,,,PASS
5832236,S20,U000076,,,PASS
5836075,S10,U000089,,,PASS
5851975,S30,U000067,,,PASS
5879655,S10,U000090,,,PASS
5881210,S20,U000077,,,PASS
5901213,S40,U000059,,,PASS
5942323,S20,U000078,,,PASS
5945986,S30,U000068,,,PASS
5949278,S10,U000091,WELD_MISALIGNMENT,4,FAIL
5952585,S40,U000060,,,PASS
5992458,S10,U000092,,,PASS
5997053,S30,U000069,,,PASS
6006540,S20,U000079,,,PASS
6019554,S40,U000061,,,PASS
6049663,S30,U000070,,,PASS
6067090,S20,U000080,,,PASS
6072469,S10,U000093,,,PASS
6075588,S40,U000062,,,PASS
6120782,S20,U000081,,,PASS
6131879,S30,U000071,,,PASS
6139886,S10,U000094,,,PASS
6149570,S40,U000063,,,PASS
6185303,S30,U000072,,,PASS
6189616,S20,U000082,,,PASS
6197467,S10,U000095,,,PASS
6210569,S40,U000064,,,PASS
6243134,S10,U000096,,,PASS
6247001,S20,U000083,,,PASS
6256384,S30,U000073,,,PASS
6257740,S40,U000065,,,PASS
6295706,S20,U000084,,,PASS
6304702,S10,U000097,,,PASS
6326329,S30,U000074,,,PASS
6347990,S40,U000066,,,PASS
6353988,S20,U000085,,,PASS
6369834,S10,U000098,,,PASS
6374449,S30,U000075,,,PASS
6396052,S40,U000067,,,PASS
6405360,S20,U000086,,,PASS
6427922,S30,U000076,,,PASS
6429153,S10,U000099,,,PASS
6442664,S40,U000068,,,PASS
6462109,S20,U000087,,,PASS
6476087,S10,U000100,,,PASS
6488301,S40,U000069,,,PASS
6496411,S30,U000077,,,PASS
6525113,S20,U000088,,,PASS
6541659,S30,U000078,,,PASS
6547488,S10,U000101,,,PASS
6556339,S40,U000070,,,PASS
6589872,S20,U000089,,,PASS
6602727,S10,U000102,,,PASS
6615225,S40,U000071,,,PASS
6621317,S30,U000079,,,PASS
6642374,S20,U000090,,,PASS
6656453,S10,U000103,,,PASS
6660880,S30,U000080,WELD_MISALIGNMENT,4,FAIL
6684762,S40,U000072,,,PASS
6703416,S10,U000104,,,PASS
6720370,S20,U000091,WELD_MISALIGNMENT,4,FAIL
6739612,S30,U000081,,,PASS
6744637,S40,U000073,,,PASS
6765882,S20,U000092,,,PASS
6778350,S10,U000105,,,PASS
6794115,S30,U000082,WELD_MISALIGNMENT,4,FAIL
6797864,S40,U000074,,,PASS
6829624,S20,U000093,WELD_MISALIGNMENT,4,FAIL
6836136,S10,U000106,,,PASS
6851436,S40,U000075,,,PASS
6853373,S30,U000083,,,PASS
6890627,S20,U000094,,,PASS
6895046,S10,U000107,,,PASS
6920344,S30,U000084,,,PASS
6931391,S40,U000076,,,PASS
6949715,S10,U000108,,,PASS
6951397,S20,U000095,WELD_MISALIGNMENT,4,FAIL
6987799,S40,U000077,,,PASS
6991935,S30,U000085,,,PASS
6999895,S20,U000096,,,PASS
7000453,S10,U000109,,,PASS
7040012,S40,U000078,,,PASS
7060693,S30,U000086,,,PASS
7065117,S20,U000097,,,PASS
7075860,S10,U000110,,,PASS
7127684,S30,U000087,,,PASS
7135106,S20,U000098,,,PASS
7140585,S40,U000079,,,PASS
7144623,S10,U000111,,,PASS
7187654,S30,U000088,,,PASS
7191620,S40,U000080,WELD_MISALIGNMENT,4,FAIL
7193969,S20,U000099,,,PASS
7216590,S10,U000112,,,PASS
7230982,S30,U000089,,,PASS
7251755,S40,U000081,,,PASS
7281853,S10,U000113,,,PASS
7283223,S20,U000100,,,PASS
7310044,S30,U000090,,,PASS
7311120,S40,U000082,WELD_MISALIGNMENT,4,FAIL
7332910,S20,U000101,,,PASS
7337001,S10,U000114,,,PASS
7355360,S30,U000091,WELD_MISALIGNMENT,4,FAIL
7368166,S40,U000083,,,PASS
7392490,S10,U000115,,,PASS
7404101,S20,U000102,,,PASS
7412052,S30,U000092,,,PASS
7439244,S10,U000116,,,PASS
7440791,S40,U000084,,,PASS
7452726,S20,U000103,,,PASS
7457484,S30,U000093,WELD_MISALIGNMENT,4,FAIL
7495615,S10,U000117,,,PASS
7509526,S40,U000085,,,PASS
7535569,S20,U000104,,,PASS
7542008,S30,U000094,WELD_MISALIGNMENT,4,FAIL
7548051,S10,U000118,,,PASS
7566417,S40,U000086,,,PASS
7591869,S20,U000105,,,PASS
7599449,S30,U000095,WELD_MISALIGNMENT,4,FAIL
7602096,S10,U000119,,,PASS
7640240,S40,U000087,,,PASS
7648494,S20,U000106,,,PASS
7661493,S10,U000120,,,PASS
7670784,S30,U000096,,,PASS
7693695,S40,U000088,,,PASS
7694392,S20,U000107,,,PASS
7719458,S10,U000121,,,PASS
7742856,S30,U000097,,,PASS
7748408,S40,U000089,,,PASS
7755210,S20,U000108,,,PASS
7792499,S30,U000098,,,PASS
7797702,S10,U000122,,,PASS
7811532,S40,U000090,,,PASS
7817331,S20,U000109,,,PASS
7842420,S30,U000099,,,PASS
7866202,S10,U000123,,,PASS
7871946,S20,U000110,,,PASS
7880894,S40,U000091,WELD_MISALIGNMENT,4,FAIL
7899725,S30,U000100,,,PASS
7914818,S10,U000124,,,PASS
7931466,S20,U000111,,,PASS
7936411,S40,U000092,,,PASS
7961560,S30,U000101,,,PASS
7987897,S20,U000112,,,PASS
7992270,S10,U000125,,,PASS
8010838,S30,U000102,,,PASS
8019848,S40,U000093,WELD_MISALIGNMENT,4,FAIL
8048245,S20,U000113,,,PASS
8058358,S30,U000103,,,PASS
8061529,S10,U000126,WELD_MISALIGNMENT,4,FAIL
8087909,S40,U000094,WELD_MISALIGNMENT,4,FAIL
8115541,S10,U000127,,,PASS
8117100,S20,U000114,,,PASS
8117530,S30,U000104,,,PASS
8133418,S40,U000095,,,PASS
8173971,S20,U000115,,,PASS
8174086,S10,U000128,,,PASS
8176476,S40,U000096,,,PASS
8179590,S30,U000105,,,PASS
8234139,S10,U000129,,,PASS
8236664,S30,U000106,,,PASS
8253742,S40,U000097,,,PASS
8257116,S20,U000116,,,PASS
8283273,S10,U000130,,,PASS
8297884,S30,U000107,,,PASS
8298558,S40,U000098,,,PASS
8303257,S20,U000117,,,PASS
8335391,S10,U000131,,,PASS
8347819,S30,U000108,,,PASS
8355578,S40,U000099,,,PASS
8360909,S20,U000118,,,PASS
8385216,S10,U000132,,,PASS
8412386,S40,U000100,,,PASS
8416515,S20,U000119,,,PASS
8430319,S30,U000109,,,PASS
8462076,S10,U000133,,,PASS
8482059,S30,U000110,,,PASS
8487466,S40,U000101,,,PASS
8490196,S20,U000120,,,PASS
8505218,S10,U000134,,,PASS
8542785,S40,U000102,,,PASS
8546466,S30,U000111,,,PASS
8548994,S10,U000135,,,PASS
8553791,S20,U000121,,,PASS
8598486,S40,U000103,,,PASS
8606800,S30,U000112,,,PASS
8616664,S10,U000136,,,PASS
8623281,S20,U000122,,,PASS
8643403,S40,U000104,,,PASS
8661589,S10,U000137,,,PASS
8678152,S20,U000123,,,PASS
8701240,S30,U000113,,,PASS
8714786,S10,U000138,,,PASS
8740260,S40,U000105,,,PASS
8755143,S20,U000124,,,PASS
8762309,S30,U000114,,,PASS
8777972,S10,U000139,,,PASS
8793502,S40,U000106,,,PASS
8817066,S30,U000115,,,PASS
8824305,S20,U000125,,,PASS
8834733,S10,U000140,,,PASS
8842991,S40,U000107,,,PASS
8880505,S30,U000116,,,PASS
8881920,S20,U000126,WELD_MISALIGNMENT,4,FAIL
8895354,S10,U000141,,,PASS
8908947,S40,U000108,,,PASS
8937950,S20,U000127,,,PASS
8946362,S30,U000117,,,PASS
8963725,S10,U000142,,,PASS
8968502,S40,U000109,,,PASS
9005039,S30,U000118,,,PASS
9011072,S20,U000128,,,PASS
9020880,S10,U000143,,,PASS
9038697,S40,U000110,,,PASS
9057304,S30,U000119,,,PASS
9072094,S20,U000129,,,PASS
9095733,S40,U000111,,,PASS
9108719,S30,U000120,,,PASS
9114630,S10,U000144,,,PASS
9122750,S20,U000130,,,PASS
9143644,S40,U000112,,,PASS
9162064,S30,U000121,,,PASS
9175562,S20,U000131,,,PASS
9176570,S10,U000145,,,PASS
9211380,S40,U000113,,,PASS
9221614,S30,U000122,,,PASS
9235211,S10,U000146,,,PASS
9249037,S20,U000132,,,PASS
9259004,S40,U000114,,,PASS
9275515,S30,U000123,,,PASS
9281182,S10,U000147,,,PASS
9306203,S20,U000133,,,PASS
9330274,S30,U000124,WELD_MISALIGNMENT,4,FAIL
9342597,S40,U000115,,,PASS
9352353,S10,U000148,,,PASS
9368876,S20,U000134,,,PASS
9395463,S40,U000116,,,PASS
9414554,S20,U000135,,,PASS
9418044,S10,U000149,,,PASS
9426109,S30,U000125,,,PASS
9463342,S40,U000117,,,PASS
9470118,S20,U000136,,,PASS
9484628,S10,U000150,WELD_MISALIGNMENT,4,FAIL
9496471,S30,U000126,,,PASS
9517626,S40,U000118,,,PASS
9529412,S20,U000137,,,PASS
9547941,S30,U000127,,,PASS
9572310,S10,U000151,,,PASS
9583799,S20,U000138,WELD_MISALIGNMENT,4,FAIL
9586452,S40,U000119,,,PASS
9609220,S30,U000128,,,PASS
9621315,S10,U000152,,,PASS
9632914,S40,U000120,,,PASS
9659056,S20,U000139,,,PASS
9696856,S30,U000129,,,PASS
9701694,S10,U000153,,,PASS
9708072,S40,U000121,,,PASS
9708699,S20,U000140,,,PASS
9749612,S30,U000130,,,PASS
9769952,S10,U000154,,,PASS
9774266,S20,U000141,,,PASS
9786058,S40,U000122,,,PASS
9821861,S30,U000131,,,PASS
9829414,S20,U000142,,,PASS
9834646,S10,U000155,,,PASS
9836082,S40,U000123,,,PASS
9880914,S40,U000124,WELD_MISALIGNMENT,4,FAIL
9881256,S30,U000132,,,PASS
9889924,S20,U000143,,,PASS
9892893,S10,U000156,,,PASS
9933953,S30,U000133,,,PASS
9944337,S10,U000157,,,PASS
9961885,S20,U000144,,,PASS
9965470,S40,U000125,,,PASS
10000340,S10,U000158,,,PASS
10002993,S30,U000134,,,PASS
10027523,S20,U000145,,,PASS
10050206,S10,U000159,,,PASS
10062184,S40,U000126,WELD_MISALIGNMENT,4,FAIL
10073499,S20,U000146,,,PASS
10077892,S30,U000135,,,PASS
10092405,S10,U000160,,,PASS
10116000,S40,U000127,,,PASS
10128662,S20,U000147,,,PASS
10141947,S30,U000136,,,PASS
10188608,S40,U000128,,,PASS
10195441,S10,U000161,,,PASS
10196688,S20,U000148,,,PASS
10201538,S30,U000137,,,PASS
10246699,S10,U000162,,,PASS
10260507,S20,U000149,,,PASS
10267525,S30,U000138,,,PASS
10281977,S40,U000129,,,PASS
10302729,S10,U000163,WELD_MISALIGNMENT,4,FAIL
10322460,S20,U000150,WELD_MISALIGNMENT,4,FAIL
10328881,S40,U000130,,,PASS
10342615,S30,U000139,,,PASS
10364623,S10,U000164,,,PASS
10389817,S20,U000151,,,PASS
10395643,S40,U000131,,,PASS
10398018,S30,U000140,,,PASS
10415174,S10,U000165,,,PASS
10453116,S20,U000152,,,PASS
10465546,S40,U000132,,,PASS
10479262,S30,U000141,,,PASS
10482354,S10,U000166,,,PASS
10521442,S20,U000153,,,PASS
10531004,S40,U000133,,,PASS
10541512,S10,U000167,,,PASS
10542236,S30,U000142,,,PASS
10576400,S20,U000154,,,PASS
10594332,S40,U000134,,,PASS
10599186,S30,U000143,,,PASS
10608165,S10,U000168,,,PASS
10624258,S20,U000155,,,PASS
10643615,S40,U000135,,,PASS
10650476,S30,U000144,,,PASS
10691195,S10,U000169,,,PASS
10692305,S20,U000156,,,PASS
10712509,S30,U000145,,,PASS
10713147,S40,U000136,,,PASS
10748733,S20,U000157,,,PASS
10761586,S10,U000170,,,PASS
10767692,S30,U000146,,,PASS
10777884,S40,U000137,,,PASS
10815919,S20,U000158,,,PASS
10829883,S30,U000147,,,PASS
10832242,S40,U000138,,,PASS
10836319,S10,U000171,,,PASS
10871667,S20,U000159,,,PASS
10877260,S30,U000148,,,PASS
10885350,S40,U000139,,,PASS
10885400,S10,U000172,,,PASS
10928408,S20,U000160,,,PASS
10935574,S10,U000173,,,PASS
10947623,S40,U000140,,,PASS
10958184,S30,U000149,,,PASS
10988277,S20,U000161,,,PASS
11001185,S30,U000150,,,PASS
11008513,S40,U000141,,,PASS
11012017,S10,U000174,,,PASS
11037138,S20,U000162,,,PASS
11064269,S30,U000151,,,PASS
11067222,S40,U000142,,,PASS
11072314,S10,U000175,,,PASS
11104913,S20,U000163,WELD_MISALIGNMENT,4,FAIL
11114156,S10,U000176,,,PASS
11134185,S40,U000143,,,PASS
11136503,S30,U000152,,,PASS
11159161,S20,U000164,,,PASS
11169271,S10,U000177,,,PASS
11178151,S40,U000144,,,PASS
11204015,S30,U000153,,,PASS
11224566,S10,U000178,,,PASS
11230958,S20,U000165,,,PASS
11264485,S30,U000154,,,PASS
11279308,S40,U000145,,,PASS
11296274,S10,U000179,,,PASS
11297972,S20,U000166,,,PASS
11311366,S30,U000155,,,PASS
11329527,S40,U000146,,,PASS
11337352,S10,U000180,,,PASS
11362506,S20,U000167,,,PASS
11381996,S30,U000156,,,PASS
11390016,S40,U000147,,,PASS
11409640,S20,U000168,,,PASS
11409995,S10,U000181,,,PASS
11444193,S30,U000157,,,PASS
11456705,S10,U000182,,,PASS
11458457,S20,U000169,,,PASS
11462018,S40,U000148,,,PASS
11482185,S30,U000158,,,PASS
11514462,S40,U000149,,,PASS
11518797,S20,U000170,WELD_MISALIGNMENT,4,FAIL
11525967,S10,U000183,,,PASS
11567232,S20,U000171,,,PASS
11567582,S40,U000150,WELD_MISALIGNMENT,4,FAIL
11571836,S10,U000184,,,PASS
11580992,S30,U000159,,,PASS
11615781,S40,U000151,,,PASS
11621248,S20,U000172,,,PASS
11633020,S10,U000185,,,PASS
11639336,S30,U000160,,,PASS
11674673,S40,U000152,,,PASS
11683934,S20,U000173,,,PASS
11694927,S10,U000186,,,PASS
11699033,S30,U000161,,,PASS
11725099,S40,U000153,,,PASS
11728955,S20,U000174,,,PASS
11749426,S10,U000187,,,PASS
11749949,S30,U000162,,,PASS
11800708,S40,U000154,,,PASS
11804493,S10,U000188,,,PASS
11812094,S20,U000175,,,PASS
11829543,S30,U000163,WELD_MISALIGNMENT,4,FAIL
11848124,S40,U000155,,,PASS
11864157,S20,U000176,,,PASS
11899447,S30,U000164,,,PASS
11905588,S10,U000189,,,PASS
11914021,S40,U000156,,,PASS
11956506,S20,U000177,,,PASS
11958699,S10,U000190,,,PASS
11976463,S30,U000165,,,PASS
11988162,S40,U000157,,,PASS
12008344,S10,U000191,,,PASS
12018202,S20,U000178,,,PASS
12025443,S30,U000166,,,PASS
12043965,S40,U000158,,,PASS
12061940,S10,U000192,,,PASS
12068946,S20,U000179,,,PASS
12096889,S30,U000167,,,PASS
12098875,S40,U000159,,,PASS
12113631,S10,U000193,,,PASS
12125740,S20,U000180,,,PASS
12143092,S40,U000160,,,PASS
12169629,S20,U000181,,,PASS
12176185,S10,U000194,,,PASS
12191350,S30,U000168,,,PASS
12222278,S40,U000161,,,PASS
12222387,S20,U000182,WELD_MISALIGNMENT,4,FAIL
12230197,S10,U000195,,,PASS
12259118,S30,U000169,,,PASS
12283269,S40,U000162,,,PASS
12286797,S20,U000183,,,PASS
12291950,S10,U000196,,,PASS
12336521,S20,U000184,,,PASS
12337123,S30,U000170,WELD_MISALIGNMENT,4,FAIL
12352750,S10,U000197,,,PASS
12359525,S40,U000163,WELD_MISALIGNMENT,4,FAIL
12393011,S20,U000185,,,PASS
12400152,S30,U000171,,,PASS
12401219,S40,U000164,,,PASS
12406179,S10,U000198,,,PASS
12459651,S30,U000172,,,PASS
12460029,S10,U000199,,,PASS
12464790,S40,U000165,,,PASS
12470552,S20,U000186,,,PASS
12510641,S10,U000200,,,PASS
12519683,S20,U000187,,,PASS
12521621,S40,U000166,,,PASS
12525532,S30,U000173,,,PASS
12586294,S30,U000174,,,PASS
12586728,S20,U000188,,,PASS
12596650,S40,U000167,,,PASS
12601394,S10,U000201,,,PASS
12642671,S30,U000175,,,PASS
12657616,S40,U000168,,,PASS
12659166,S20,U000189,,,PASS
12661031,S10,U000202,,,PASS
12702445,S30,U000176,,,PASS
12707155,S20,U000190,,,PASS
12730012,S40,U000169,,,PASS
12738955,S10,U000203,,,PASS
12765436,S20,U000191,,,PASS
12778078,S10,U000204,,,PASS
12778975,S30,U000177,,,PASS
12824967,S40,U000170,WELD_MISALIGNMENT,4,FAIL
12828135,S30,U000178,,,PASS
12834171,S20,U000192,,,PASS
12848805,S10,U000205,,,PASS
12876571,S40,U000171,,,PASS
12892915,S10,U000206,,,PASS
12899172,S20,U000193,,,PASS
12905821,S30,U000179,,,PASS
12950783,S10,U000207,,,PASS
12955366,S40,U000172,,,PASS
12965500,S20,U000194,,,PASS
12978747,S30,U000180,,,PASS
12999617,S40,U000173,,,PASS
13002391,S10,U000208,,,PASS
13008042,S20,U000195,,,PASS
13025668,S30,U000181,,,PASS
13065411,S10,U000209,,,PASS
13068763,S40,U000174,,,PASS
13070087,S30,U000182,WELD_MISALIGNMENT,4,FAIL
13092506,S20,U000196,,,PASS
13114371,S10,U000210,,,PASS
13121863,S40,U000175,,,PASS
13138414,S30,U000183,,,PASS
13143555,S20,U000197,,,PASS
13167614,S10,U000211,,,PASS
13189027,S40,U000176,,,PASS
13200180,S20,U000198,,,PASS
13203050,S30,U000184,,,PASS
13220222,S10,U000212,,,PASS
13255486,S30,U000185,,,PASS
13258780,S40,U000177,,,PASS
13269810,S20,U000199,,,PASS
13279684,S10,U000213,WELD_MISALIGNMENT,4,FAIL
13303192,S30,U000186,,,PASS
13324729,S20,U000200,,,PASS
13357389,S10,U000214,,,PASS
13358013,S40,U000178,,,PASS
13368227,S30,U000187,,,PASS
13402183,S20,U000201,,,PASS
13407521,S10,U000215,,,PASS
13413728,S40,U000179,,,PASS
13433916,S30,U000188,,,PASS
13465398,S40,U000180,,,PASS
13472182,S20,U000202,,,PASS
13476892,S10,U000216,,,PASS
13477451,S30,U000189,,,PASS
13510191,S40,U000181,,,PASS
13520467,S20,U000203,,,PASS
13541579,S30,U000190,,,PASS
13556050,S10,U000217,,,PASS
13575736,S40,U000182,WELD_MISALIGNMENT,4,FAIL
13581526,S20,U000204,,,PASS
13590510,S30,U000191,,,PASS
13615489,S10,U000218,,,PASS
13634155,S40,U000183,,,PASS
13635544,S20,U000205,,,PASS
13660030,S30,U000192,,,PASS
13671165,S10,U000219,,,PASS
13687202,S40,U000184,,,PASS
13700214,S20,U000206,WELD_MISALIGNMENT,4,FAIL
13726948,S10,U000220,,,PASS
13734144,S30,U000193,,,PASS
13745148,S40,U000185,,,PASS
13746492,S20,U000207,,,PASS
13783077,S30,U000194,,,PASS
13804958,S10,U000221,,,PASS
13815282,S20,U000208,,,PASS
13819663,S40,U000186,,,PASS
13830458,S30,U000195,,,PASS
13866777,S10,U000222,,,PASS
13890519,S30,U000196,,,PASS
13892854,S40,U000187,,,PASS
13897478,S20,U000209,,,PASS
13919047,S10,U000223,,,PASS
13932144,S30,U000197,,,PASS
13939052,S20,U000210,,,PASS
13947495,S40,U000188,,,PASS
13966483,S10,U000224,,,PASS
14001370,S30,U000198,,,PASS
14010363,S40,U000189,,,PASS
14019131,S10,U000225,,,PASS
14019919,S20,U000211,,,PASS
14055807,S30,U000199,,,PASS
14064964,S10,U000226,,,PASS
14085649,S20,U000212,WELD_MISALIGNMENT,4,FAIL
14090563,S40,U000190,,,PASS
14115730,S10,U000227,,,PASS
14123026,S30,U000200,,,PASS
14143964,S40,U000191,,,PASS
14146829,S20,U000213,WELD_MISALIGNMENT,4,FAIL
14167029,S10,U000228,,,PASS
14174908,S30,U000201,,,PASS
14197705,S40,U000192,,,PASS
14202194,S20,U000214,,,PASS
14230870,S30,U000202,,,PASS
14246411,S10,U000229,,,PASS
14255858,S20,U000215,,,PASS
14261952,S40,U000193,,,PASS
14295814,S30,U000203,,,PASS
14299532,S10,U000230,,,PASS
14309489,S20,U000216,,,PASS
14315410,S40,U000194,,,PASS
14352602,S10,U000231,,,PASS
14361872,S30,U000204,,,PASS
14361903,S20,U000217,,,PASS
14362021,S40,U000195,,,PASS
14417288,S30,U000205,,,PASS
14417869,S20,U000218,,,PASS
14428564,S40,U000196,,,PASS
14429071,S10,U000232,,,PASS
14472920,S20,U000219,,,PASS
14485723,S10,U000233,,,PASS
14486238,S40,U000197,,,PASS
14488980,S30,U000206,WELD_MISALIGNMENT,4,FAIL
14530213,S20,U000220,,,PASS
14540639,S10,U000234,,,PASS
14542011,S40,U000198,,,PASS
14565045,S30,U000207,,,PASS
14583777,S20,U000221,,,PASS
14600976,S10,U000235,,,PASS
14623752,S30,U000208,,,PASS
14625186,S40,U000199,,,PASS
14630993,S20,U000222,,,PASS
14655452,S10,U000236,,,PASS
14669645,S30,U000209,,,PASS
14681181,S20,U000223,,,PASS
14688175,S40,U000200,,,PASS
14730040,S20,U000224,,,PASS
14730741,S30,U000210,,,PASS
14737383,S10,U000237,,,PASS
14744557,S40,U000201,,,PASS
14785814,S30,U000211,,,PASS
14790691,S20,U000225,,,PASS
14796105,S10,U000238,,,PASS
14818700,S40,U000202,,,PASS
14840187,S20,U000226,,,PASS
14851973,S30,U000212,,,PASS
14858781,S10,U000239,,,PASS
14881402,S40,U000203,,,PASS
14893568,S20,U000227,,,PASS
14904644,S30,U000213,,,PASS
14910015,S10,U000240,,,PASS
14938259,S40,U000204,,,PASS
14953078,S30,U000214,,,PASS
14968224,S10,U000241,,,PASS
14975039,S20,U000228,,,PASS
15015082,S40,U000205,,,PASS
15016227,S30,U000215,,,PASS
15031580,S10,U000242,,,PASS
15046433,S20,U000229,,,PASS
15066072,S30,U000216,,,PASS
15081512,S40,U000206,WELD_MISALIGNMENT,4,FAIL
15091326,S10,U000243,,,PASS
15111342,S20,U000230,,,PASS
15133467,S30,U000217,WELD_MISALIGNMENT,4,FAIL
15139606,S10,U000244,,,PASS
15147880,S40,U000207,,,PASS
15153674,S20,U000231,,,PASS
15191608,S40,U000208,,,PASS
15201277,S30,U000218,,,PASS
15209006,S10,U000245,,,PASS
15209660,S20,U000232,,,PASS
15242828,S40,U000209,,,PASS
15257720,S20,U000233,,,PASS
15259821,S30,U000219,,,PASS
15262205,S10,U000246,,,PASS
15304476,S40,U000210,,,PASS
15318519,S20,U000234,,,PASS
15327343,S10,U000247,,,PASS
15351552,S30,U000220,,,PASS
15374793,S40,U000211,,,PASS
15395904,S10,U000248,,,PASS
15401821,S20,U000235,,,PASS
15409419,S30,U000221,,,PASS
15445140,S40,U000212,,,PASS
15457146,S10,U000249,,,PASS
15464795,S30,U000222,,,PASS
15479170,S20,U000236,,,PASS
15511805,S40,U000213,WELD_MISALIGNMENT,4,FAIL
15526088,S30,U000223,,,PASS
15526393,S10,U000250,,,PASS
15539591,S20,U000237,,,PASS
15562369,S40,U000214,,,PASS
15592789,S10,U000251,,,PASS
15604041,S30,U000224,,,PASS
15606506,S20,U000238,,,PASS
15630880,S40,U000215,,,PASS
15648165,S20,U000239,WELD_MISALIGNMENT,4,FAIL
15656355,S10,U000252,,,PASS
15662719,S30,U000225,,,PASS
15690012,S40,U000216,,,PASS
15704305,S20,U000240,,,PASS
15719343,S30,U000226,,,PASS
15736523,S10,U000253,,,PASS
15737521,S40,U000217,WELD_MISALIGNMENT,4,FAIL
15771176,S30,U000227,,,PASS
15773145,S20,U000241,,,PASS
15783389,S10,U000254,,,PASS
15817433,S40,U000218,,,PASS
15828875,S20,U000242,,,PASS
15843487,S10,U000255,,,PASS
15843618,S30,U000228,,,PASS
15859146,S40,U000219,,,PASS
15878123,S20,U000243,,,PASS
15907063,S30,U000229,,,PASS
15908838,S10,U000256,,,PASS
15917851,S40,U000220,,,PASS
15931497,S20,U000244,,,PASS
15961833,S30,U000230,,,PASS
15966767,S10,U000257,,,PASS
15975172,S40,U000221,,,PASS
16001510,S20,U000245,,,PASS
16023168,S40,U000222,,,PASS
16027373,S30,U000231,,,PASS
16047290,S10,U000258,,,PASS
16060546,S20,U000246,,,PASS
16075937,S30,U000232,,,PASS
16078806,S40,U000223,,,PASS
16096116,S10,U000259,,,PASS
16125329,S20,U000247,,,PASS
16126714,S30,U000233,,,PASS
16139623,S10,U000260,,,PASS
16147487,S40,U000224,,,PASS
16183668,S20,U000248,,,PASS
16189758,S10,U000261,,,PASS
16203131,S30,U000234,,,PASS
16215727,S40,U000225,,,PASS
16229913,S20,U000249,,,PASS
16268328,S30,U000235,,,PASS
16272140,S10,U000262,,,PASS
16299230,S20,U000250,,,PASS
16313911,S40,U000226,,,PASS
16318886,S30,U000236,,,PASS
16322874,S10,U000263,,,PASS
16350429,S20,U000251,,,PASS
16358339,S40,U000227,,,PASS
16378833,S30,U000237,,,PASS
16405438,S20,U000252,WELD_MISALIGNMENT,4,FAIL
16409305,S40,U000228,,,PASS
16420629,S10,U000264,,,PASS
16442533,S30,U000238,,,PASS
16462887,S20,U000253,,,PASS
16463850,S40,U000229,,,PASS
16470504,S10,U000265,,,PASS
16506980,S20,U000254,,,PASS
16513603,S30,U000239,WELD_MISALIGNMENT,4,FAIL
16538177,S10,U000266,,,PASS
16539665,S40,U000230,,,PASS
16569233,S30,U000240,,,PASS
16581682,S20,U000255,,,PASS
16590418,S10,U000267,,,PASS
16603493,S40,U000231,,,PASS
16623277,S30,U000241,,,PASS
16631096,S20,U000256,,,PASS
16649083,S40,U000232,,,PASS
16651184,S10,U000268,,,PASS
16679918,S30,U000242,,,PASS
16700056,S10,U000269,,,PASS
16700630,S20,U000257,,,PASS
16721276,S40,U000233,,,PASS
16746342,S20,U000258,,,PASS
16747146,S30,U000243,,,PASS
16754028,S10,U000270,,,PASS
16771758,S40,U000234,,,PASS
16792737,S30,U000244,,,PASS
16808383,S10,U000271,,,PASS
16812627,S20,U000259,,,PASS
16819444,S40,U000235,,,PASS
16844219,S30,U000245,,,PASS
16858756,S10,U000272,,,PASS
16861979,S20,U000260,,,PASS
16897508,S30,U000246,,,PASS
16912903,S10,U000273,,,PASS
16916082,S40,U000236,,,PASS
16928426,S20,U000261,,,PASS
16955650,S40,U000237,,,PASS
16975829,S30,U000247,,,PASS
16989098,S10,U000274,,,PASS
16996031,S20,U000262,,,PASS
17019734,S40,U000238,,,PASS
17037564,S30,U000248,,,PASS
17043372,S10,U000275,WELD_MISALIGNMENT,4,FAIL
17067507,S40,U000239,WELD_MISALIGNMENT,4,FAIL
17076483,S20,U000263,,,PASS
17079610,S30,U000249,,,PASS
17095731,S10,U000276,,,PASS
17121342,S40,U000240,,,PASS
17136134,S20,U000264,,,PASS
17144800,S10,U000277,,,PASS
17165297,S30,U000250,,,PASS
17180861,S40,U000241,,,PASS
17184522,S20,U000265,,,PASS
17197772,S10,U000278,,,PASS
17238357,S30,U000251,,,PASS
17241900,S20,U000266,WELD_MISALIGNMENT,4,FAIL
17257359,S40,U000242,,,PASS
17267776,S10,U000279,,,PASS
17291815,S30,U000252,WELD_MISALIGNMENT,4,FAIL
17299070,S20,U000267,,,PASS
17313445,S40,U000243,,,PASS
17315828,S10,U000280,,,PASS
17354808,S20,U000268,,,PASS
17359845,S40,U000244,,,PASS
17372297,S30,U000253,,,PASS
17389971,S10,U000281,,,PASS
17418838,S20,U000269,,,PASS
17419985,S40,U000245,,,PASS
17434254,S30,U000254,,,PASS
17469727,S10,U000282,,,PASS
17472972,S20,U000270,,,PASS
17491381,S40,U000246,,,PASS
17508833,S30,U000255,,,PASS
17518817,S10,U000283,,,PASS
17528737,S20,U000271,,,PASS
17558248,S40,U000247,,,PASS
17560979,S30,U000256,,,PASS
17611448,S20,U000272,,,PASS
17611520,S10,U000284,,,PASS
17621665,S30,U000257,,,PASS
17622826,S40,U000248,,,PASS
17654905,S20,U000273,,,PASS
17671459,S10,U000285,,,PASS
17692194,S40,U000249,,,PASS
17702261,S30,U000258,,,PASS
17727051,S20,U000274,,,PASS
17738031,S10,U000286,,,PASS
17754541,S40,U000250,,,PASS
17755635,S30,U000259,,,PASS
17785583,S20,U000275,,,PASS
17801573,S10,U000287,WELD_MISALIGNMENT,4,FAIL
17806530,S40,U000251,,,PASS
17815097,S30,U000260,,,PASS
17846115,S20,U000276,,,PASS
17862955,S40,U000252,,,PASS
17864462,S10,U000288,,,PASS
17871155,S30,U000261,,,PASS
17905542,S20,U000277,,,PASS
17916526,S40,U000253,,,PASS
17921363,S30,U000262,,,PASS
17936349,S10,U000289,,,PASS
17949086,S20,U000278,,,PASS
17990760,S10,U000290,,,PASS
17992839,S40,U000254,,,PASS
17993125,S30,U000263,,,PASS
18010706,S20,U000279,,,PASS
18039047,S30,U000264,,,PASS
18051233,S40,U000255,,,PASS
18060843,S10,U000291,,,PASS
18066359,S20,U000280,,,PASS
18104427,S40,U000256,,,PASS
18106462,S10,U000292,,,PASS
18108664,S30,U000265,,,PASS
18113533,S20,U000281,,,PASS
18146414,S40,U000257,,,PASS
18165909,S30,U000266,WELD_MISALIGNMENT,4,FAIL
18183340,S10,U000293,,,PASS
18208541,S20,U000282,,,PASS
18218307,S40,U000258,,,PASS
18223057,S30,U000267,,,PASS
18248515,S10,U000294,,,PASS
18271951,S30,U000268,,,PASS
18279695,S40,U000259,,,PASS
18296700,S20,U000283,,,PASS
18335695,S40,U000260,,,PASS
18338398,S10,U000295,,,PASS
18346294,S30,U000269,,,PASS
18371565,S20,U000284,,,PASS
18386338,S10,U000296,,,PASS
18397726,S40,U000261,,,PASS
18401944,S30,U000270,,,PASS
18443925,S20,U000285,,,PASS
18456574,S10,U000297,,,PASS
18465351,S30,U000271,,,PASS
18467608,S40,U000262,,,PASS
18503157,S20,U000286,,,PASS
18513615,S10,U000298,,,PASS
18520193,S30,U000272,,,PASS
18551566,S40,U000263,,,PASS
18558531,S10,U000299,,,PASS
18562887,S20,U000287,WELD_MISALIGNMENT,4,FAIL
18589588,S30,U000273,,,PASS
18604493,S40,U000264,,,PASS
18607583,S10,U000300,,,PASS
18628118,S20,U000288,,,PASS
18647206,S30,U000274,,,PASS
18668108,S40,U000265,,,PASS
18672138,S10,U000301,,,PASS
18686146,S20,U000289,,,PASS
18699224,S30,U000275,WELD_MISALIGNMENT,4,FAIL
18719568,S40,U000266,WELD_MISALIGNMENT,4,FAIL
18724258,S10,U000302,,,PASS
18739236,S20,U000290,,,PASS
18766543,S30,U000276,,,PASS
18774111,S40,U000267,,,PASS
18778349,S10,U000303,,,PASS
18798887,S20,U000291,,,PASS
18839341,S40,U000268,,,PASS
18849050,S30,U000277,,,PASS
18851722,S10,U000304,,,PASS
18876312,S20,U000292,,,PASS
18892609,S40,U000269,,,PASS
18906399,S10,U000305,,,PASS
18907203,S30,U000278,,,PASS
18945596,S20,U000293,,,PASS
18955764,S30,U000279,,,PASS
18966100,S40,U000270,,,PASS
18981871,S10,U000306,WELD_MISALIGNMENT,4,FAIL
19004574,S20,U000294,,,PASS
19005019,S30,U000280,WELD_MISALIGNMENT,4,FAIL
19026354,S40,U000271,,,PASS
19029631,S10,U000307,,,PASS
19058078,S30,U000281,,,PASS
19064834,S20,U000295,,,PASS
19072688,S40,U000272,,,PASS
19076003,S10,U000308,,,PASS
19102753,S30,U000282,,,PASS
19124470,S20,U000296,,,PASS
19136700,S40,U000273,,,PASS
19143680,S10,U000309,,,PASS
19155105,S30,U000283,,,PASS
19192771,S20,U000297,,,PASS
19193567,S40,U000274,,,PASS
19207372,S10,U000310,,,PASS
19241108,S30,U000284,,,PASS
19263821,S40,U000275,,,PASS
19274868,S10,U000311,,,PASS
19275429,S20,U000298,,,PASS
19317698,S30,U000285,,,PASS
19319619,S40,U000276,,,PASS
19335324,S10,U000312,WELD_MISALIGNMENT,4,FAIL
19346741,S20,U000299,,,PASS
19365426,S30,U000286,,,PASS
19380544,S40,U000277,,,PASS
19388203,S20,U000300,,,PASS
19388889,S10,U000313,,,PASS
19433484,S30,U000287,WELD_MISALIGNMENT,4,FAIL
19442520,S40,U000278,,,PASS
19446974,S10,U000314,,,PASS
19456068,S20,U000301,,,PASS
19480968,S30,U000288,WELD_MISALIGNMENT,4,FAIL
19497010,S40,U000279,,,PASS
19520364,S20,U000302,,,PASS
19523976,S10,U000315,,,PASS
19555368,S30,U000289,,,PASS
19561012,S40,U000280,WELD_MISALIGNMENT,4,FAIL
19590355,S20,U000303,,,PASS
19593169,S10,U000316,,,PASS
19602988,S40,U000281,,,PASS
19618894,S30,U000290,,,PASS
19643518,S10,U000317,,,PASS
19665298,S20,U000304,,,PASS
19680174,S30,U000291,,,PASS
19680881,S40,U000282,,,PASS
19687036,S10,U000318,,,PASS
19723190,S20,U000305,,,PASS
19735639,S30,U000292,,,PASS
19741763,S10,U000319,,,PASS
19785416,S40,U000283,,,PASS
19787014,S20,U000306,,,PASS
19791022,S30,U000293,,,PASS
19819135,S10,U000320,,,PASS
19840553,S40,U000284,,,PASS
19844865,S20,U000307,,,PASS
19848825,S30,U000294,,,PASS
19872162,S10,U000321,,,PASS
19886437,S40,U000285,,,PASS
19918913,S10,U000322,,,PASS
19922856,S30,U000295,,,PASS
19923859,S20,U000308,,,PASS
19964825,S40,U000286,,,PASS
19966459,S30,U000296,,,PASS
19975146,S20,U000309,,,PASS
19983860,S10,U000323,,,PASS
20017223,S40,U000287,WELD_MISALIGNMENT,4,FAIL
20032849,S10,U000324,,,PASS
20040770,S20,U000310,,,PASS
20050368,S30,U000297,,,PASS
20059743,S40,U000288,WELD_MISALIGNMENT,4,FAIL
20100237,S30,U000298,,,PASS
20103538,S20,U000311,,,PASS
20123319,S10,U000325,,,PASS
20123545,S40,U000289,,,PASS
20142616,S30,U000299,,,PASS
20160554,S20,U000312,WELD_MISALIGNMENT,4,FAIL
20167698,S40,U000290,,,PASS
20190758,S10,U000326,,,PASS
20198402,S30,U000300,,,PASS
20211095,S20,U000313,WELD_MISALIGNMENT,4,FAIL
20241336,S40,U000291,,,PASS
20264320,S10,U000327,,,PASS
20267609,S20,U000314,,,PASS
20271930,S30,U000301,,,PASS
20298815,S40,U000292,,,PASS
20320975,S30,U000302,,,PASS
20322657,S10,U000328,WELD_MISALIGNMENT,4,FAIL
20326641,S20,U000315,,,PASS
20368759,S40,U000293,,,PASS
20383107,S10,U000329,WELD_MISALIGNMENT,4,FAIL
20389769,S30,U000303,,,PASS
20392068,S20,U000316,,,PASS
20438802,S30,U000304,,,PASS
20439645,S10,U000330,,,PASS
20443995,S40,U000294,,,PASS
20450511,S20,U000317,,,PASS
20496689,S10,U000331,,,PASS
20499082,S40,U000295,,,PASS
20512130,S20,U000318,,,PASS
20525581,S30,U000305,,,PASS
20551726,S10,U000332,,,PASS
20569926,S40,U000296,,,PASS
20573732,S30,U000306,WELD_MISALIGNMENT,4,FAIL
20584609,S20,U000319,,,PASS
20619623,S10,U000333,,,PASS
20634806,S40,U000297,,,PASS
20649151,S30,U000307,,,PASS
20654946,S20,U000320,,,PASS
20684111,S10,U000334,,,PASS
20690066,S40,U000298,,,PASS
20699112,S30,U000308,,,PASS
20701778,S20,U000321,,,PASS
20751053,S10,U000335,,,PASS
20754459,S40,U000299,,,PASS
20760768,S20,U000322,,,PASS
20766558,S30,U000309,,,PASS
20801569,S10,U000336,,,PASS
20812663,S40,U000300,,,PASS
20814771,S30,U000310,,,PASS
20815424,S20,U000323,,,PASS
20851619,S10,U000337,,,PASS
20864865,S20,U000324,,,PASS
20870895,S40,U000301,,,PASS
20881192,S30,U000311,,,PASS
20906150,S10,U000338,,,PASS
20917621,S40,U000302,,,PASS
20931351,S20,U000325,,,PASS
20931481,S30,U000312,WELD_MISALIGNMENT,4,FAIL
20961229,S10,U000339,,,PASS
20966953,S40,U000303,,,PASS
20998595,S20,U000326,,,PASS
21007662,S10,U000340,,,PASS
21009432,S30,U000313,WELD_MISALIGNMENT,4,FAIL
21034689,S40,U000304,,,PASS
21049952,S20,U000327,,,PASS
21061333,S30,U000314,,,PASS
21082179,S40,U000305,,,PASS
21086412,S10,U000341,,,PASS
21104229,S20,U000328,WELD_MISALIGNMENT,4,FAIL
21113502,S30,U000315,,,PASS
21139703,S40,U000306,WELD_MISALIGNMENT,4,FAIL
21142485,S10,U000342,,,PASS
21152566,S20,U000329,WELD_MISALIGNMENT,4,FAIL
21165515,S30,U000316,,,PASS
21207094,S20,U000330,,,PASS
21207683,S40,U000307,,,PASS
21212794,S10,U000343,,,PASS
21222361,S30,U000317,,,PASS
21259150,S20,U000331,,,PASS
21264878,S40,U000308,,,PASS
21282354,S30,U000318,,,PASS
21298082,S10,U000344,,,PASS
21323460,S40,U000309,,,PASS
21326356,S20,U000332,,,PASS
21351172,S30,U000319,,,PASS
21355360,S10,U000345,,,PASS
21376158,S20,U000333,,,PASS
21396887,S30,U000320,,,PASS
21414728,S40,U000310,,,PASS
21415963,S10,U000346,,,PASS
21444630,S20,U000334,,,PASS
21445626,S30,U000321,,,PASS
21468873,S40,U000311,,,PASS
21475747,S10,U000347,,,PASS
21496849,S30,U000322,,,PASS
21505700,S20,U000335,,,PASS
21541710,S40,U000312,WELD_MISALIGNMENT,4,FAIL
21557091,S20,U000336,,,PASS
21558843,S30,U000323,,,PASS
21566095,S10,U000348,,,PASS
21614729,S40,U000313,,,PASS
21626180,S30,U000324,,,PASS
21627811,S10,U000349,,,PASS
21643924,S20,U000337,,,PASS
21675892,S40,U000314,,,PASS
21687721,S30,U000325,,,PASS
21712151,S10,U000350,,,PASS
21716493,S20,U000338,,,PASS
21722954,S40,U000315,,,PASS
21742112,S30,U000326,,,PASS
21757764,S10,U000351,,,PASS
21783574,S20,U000339,,,PASS
21785803,S40,U000316,,,PASS
21821686,S30,U000327,,,PASS
21846736,S20,U000340,,,PASS
21849872,S10,U000352,,,PASS
21852658,S40,U000317,,,PASS
21879778,S30,U000328,WELD_MISALIGNMENT,4,FAIL
21899433,S20,U000341,WELD_MISALIGNMENT,4,FAIL
21904084,S40,U000318,,,PASS
21904478,S10,U000353,,,PASS
21927518,S30,U000329,,,PASS
21956269,S10,U000354,,,PASS
21956276,S40,U000319,,,PASS
21957796,S20,U000342,,,PASS
21991986,S30,U000330,,,PASS
22005660,S20,U000343,,,PASS
22015463,S10,U000355,,,PASS
22042190,S40,U000320,,,PASS
22052112,S30,U000331,,,PASS
22065563,S20,U000344,,,PASS
22083346,S10,U000356,,,PASS
22098655,S40,U000321,,,PASS
22120560,S20,U000345,,,PASS
22121999,S30,U000332,,,PASS
22149912,S10,U000357,,,PASS
22150229,S40,U000322,,,PASS
22162839,S20,U000346,,,PASS
22172636,S30,U000333,,,PASS
22204608,S10,U000358,,,PASS
22222148,S20,U000347,,,PASS
22227834,S40,U000323,,,PASS
22227888,S30,U000334,,,PASS
22281843,S30,U000335,,,PASS
22283849,S40,U000324,,,PASS
22285792,S10,U000359,,,PASS
22290937,S20,U000348,,,PASS
22343781,S10,U000360,,,PASS
22348484,S20,U000349,,,PASS
22356800,S40,U000325,,,PASS
22375119,S30,U000336,WELD_MISALIGNMENT,4,FAIL
22397197,S10,U000361,,,PASS
22416208,S20,U000350,,,PASS
22423706,S40,U000326,,,PASS
22429907,S30,U000337,,,PASS
22456681,S10,U000362,,,PASS
22482601,S20,U000351,,,PASS
22487211,S30,U000338,,,PASS
22501119,S10,U000363,,,PASS
22502545,S40,U000327,,,PASS
22538260,S20,U000352,,,PASS
22545920,S30,U000339,,,PASS
22551377,S10,U000364,,,PASS
22559296,S40,U000328,WELD_MISALIGNMENT,4,FAIL
22599209,S20,U000353,WELD_MISALIGNMENT,4,FAIL
22603748,S10,U000365,,,PASS
22605680,S40,U000329,,,PASS
22606544,S30,U000340,,,PASS
22648412,S20,U000354,,,PASS
22651383,S10,U000366,WELD_MISALIGNMENT,4,FAIL
22674778,S30,U000341,WELD_MISALIGNMENT,4,FAIL
22679226,S40,U000330,,,PASS
22722472,S20,U000355,,,PASS
22727392,S10,U000367,,,PASS
22729631,S40,U000331,,,PASS
22734704,S30,U000342,,,PASS
22774866,S10,U000368,,,PASS
22792081,S30,U000343,,,PASS
22793563,S20,U000356,,,PASS
22799753,S40,U000332,,,PASS
22823993,S10,U000369,,,PASS
22839059,S20,U000357,,,PASS
22854731,S40,U000333,,,PASS
22862794,S30,U000344,,,PASS
22912033,S40,U000334,,,PASS
22912967,S10,U000370,,,PASS
22918945,S20,U000358,,,PASS
22925294,S30,U000345,,,PASS
22958473,S10,U000371,,,PASS
22977801,S40,U000335,,,PASS
22979497,S20,U000359,,,PASS
23007399,S30,U000346,,,PASS
23013579,S10,U000372,,,PASS
23027514,S20,U000360,,,PASS
23046824,S40,U000336,WELD_MISALIGNMENT,4,FAIL
23060271,S30,U000347,,,PASS
23066296,S10,U000373,,,PASS
23079173,S20,U000361,,,PASS
23106235,S40,U000337,,,PASS
23130336,S20,U000362,,,PASS
23132323,S10,U000374,,,PASS
23134670,S30,U000348,,,PASS
23164251,S40,U000338,WELD_MISALIGNMENT,4,FAIL
23190218,S30,U000349,,,PASS
23197819,S10,U000375,,,PASS
23201140,S20,U000363,,,PASS
23225549,S40,U000339,,,PASS
23243144,S10,U000376,,,PASS
23255580,S20,U000364,,,PASS
23256259,S30,U000350,,,PASS
23283374,S40,U000340,,,PASS
23301065,S10,U000377,WELD_MISALIGNMENT,4,FAIL
23324103,S30,U000351,,,PASS
23347933,S40,U000341,,,PASS
23347953,S20,U000365,,,PASS
23369330,S30,U000352,,,PASS
23389555,S40,U000342,,,PASS
23398769,S20,U000366,WELD_MISALIGNMENT,4,FAIL
23400449,S10,U000378,,,PASS
23428132,S30,U000353,WELD_MISALIGNMENT,4,FAIL
23443269,S10,U000379,,,PASS
23447221,S40,U000343,,,PASS
23451161,S20,U000367,,,PASS
23493102,S10,U000380,,,PASS
23504987,S20,U000368,,,PASS
23505848,S30,U000354,,,PASS
23512481,S40,U000344,,,PASS
23554289,S10,U000381,,,PASS
23565989,S20,U000369,WELD_MISALIGNMENT,4,FAIL
23576148,S40,U000345,,,PASS
23586598,S30,U000355,,,PASS
23608392,S10,U000382,,,PASS
23620503,S20,U000370,,,PASS
23640515,S40,U000346,,,PASS
23656130,S30,U000356,,,PASS
23664572,S10,U000383,,,PASS
23676155,S20,U000371,,,PASS
23702834,S40,U000347,,,PASS
23713656,S30,U000357,,,PASS
23723454,S10,U000384,,,PASS
23743993,S20,U000372,,,PASS
23771441,S40,U000348,,,PASS
23774187,S10,U000385,,,PASS
23774868,S30,U000358,,,PASS
23812481,S20,U000373,,,PASS
23832468,S30,U000359,,,PASS
23835959,S10,U000386,,,PASS
23836598,S40,U000349,,,PASS
23875401,S20,U000374,,,PASS
23883483,S40,U000350,,,PASS
23904353,S10,U000387,,,PASS
23909341,S30,U000360,,,PASS
23950484,S40,U000351,,,PASS
23951653,S20,U000375,WELD_MISALIGNMENT,4,FAIL
23961010,S30,U000361,,,PASS
23962974,S10,U000388,,,PASS
24013060,S20,U000376,,,PASS
24015783,S30,U000362,,,PASS
24018904,S40,U000352,,,PASS
24023279,S10,U000389,,,PASS
24053052,S20,U000377,,,PASS
24085302,S10,U000390,,,PASS
24087971,S30,U000363,,,PASS
24097624,S40,U000353,WELD_MISALIGNMENT,4,FAIL
24128715,S20,U000378,,,PASS
24144574,S30,U000364,,,PASS
24150879,S40,U000354,,,PASS
24156737,S10,U000391,WELD_MISALIGNMENT,4,FAIL
24188594,S20,U000379,,,PASS
24198812,S30,U000365,,,PASS
24207523,S40,U000355,,,PASS
24244500,S10,U000392,,,PASS
24252832,S40,U000356,,,PASS
24254336,S30,U000366,WELD_MISALIGNMENT,4,FAIL
24258813,S20,U000380,WELD_MISALIGNMENT,4,FAIL
24297354,S10,U000393,,,PASS
24308615,S40,U000357,,,PASS
24321850,S20,U000381,,,PASS
24325076,S30,U000367,,,PASS
24367820,S30,U000368,,,PASS
24377167,S10,U000394,,,PASS
24381427,S40,U000358,,,PASS
24383142,S20,U000382,,,PASS
24431532,S30,U000369,WELD_MISALIGNMENT,4,FAIL
24431595,S40,U000359,,,PASS
24436311,S10,U000395,,,PASS
24438453,S20,U000383,,,PASS
24483487,S10,U000396,,,PASS
24485931,S20,U000384,,,PASS
24487359,S30,U000370,,,PASS
24502148,S40,U000360,,,PASS
24538851,S30,U000371,,,PASS
24540166,S10,U000397,,,PASS
24545254,S20,U000385,,,PASS
24564041,S40,U000361,,,PASS
24588719,S10,U000398,,,PASS
24597588,S30,U000372,,,PASS
24613512,S40,U000362,,,PASS
24633810,S10,U000399,,,PASS
24638507,S20,U000386,,,PASS
24647504,S30,U000373,,,PASS
24686760,S20,U000387,,,PASS
24699817,S30,U000374,,,PASS
24705803,S40,U000363,,,PASS
24714694,S10,U000400,,,PASS
24764844,S30,U000375,WELD_MISALIGNMENT,4,FAIL
24765456,S20,U000388,,,PASS
24766134,S10,U000401,,,PASS
24766208,S40,U000364,,,PASS
24815795,S40,U000365,,,PASS
24820637,S10,U000402,,,PASS
24822242,S30,U000376,,,PASS
24832258,S20,U000389,,,PASS
24876690,S30,U000377,WELD_MISALIGNMENT,4,FAIL
24881247,S10,U000403,,,PASS
24886480,S40,U000366,WELD_MISALIGNMENT,4,FAIL
24890854,S20,U000390,,,PASS
24929202,S30,U000378,,,PASS
24935480,S10,U000404,,,PASS
24941751,S20,U000391,,,PASS
24943226,S40,U000367,,,PASS
25005758,S30,U000379,,,PASS
25008713,S20,U000392,,,PASS
25011563,S40,U000368,,,PASS
25018912,S10,U000405,,,PASS
25055382,S20,U000393,,,PASS
25057645,S30,U000380,WELD_MISALIGNMENT,4,FAIL
25064328,S10,U000406,,,PASS
25086367,S40,U000369,WELD_MISALIGNMENT,4,FAIL
25122515,S20,U000394,,,PASS
25123393,S30,U000381,,,PASS
25145570,S40,U000370,,,PASS
25148379,S10,U000407,WELD_MISALIGNMENT,4,FAIL
25168785,S30,U000382,,,PASS
25186964,S20,U000395,,,PASS
25208011,S10,U000408,,,PASS
25222119,S40,U000371,,,PASS
25242366,S30,U000383,,,PASS
25245520,S20,U000396,,,PASS
25263019,S10,U000409,,,PASS
25263311,S40,U000372,,,PASS
25293241,S30,U000384,,,PASS
25298385,S20,U000397,,,PASS
25311758,S10,U000410,,,PASS
25318088,S40,U000373,,,PASS
25343919,S30,U000385,,,PASS
25352446,S20,U000398,,,PASS
25368015,S10,U000411,,,PASS
25382024,S40,U000374,,,PASS
25414472,S20,U000399,,,PASS
25420041,S30,U000386,,,PASS
25420398,S10,U000412,,,PASS
25444471,S40,U000375,,,PASS
25473278,S30,U000387,,,PASS
25477052,S20,U000400,,,PASS
25505121,S10,U000413,,,PASS
25511565,S40,U000376,,,PASS
25534788,S30,U000388,,,PASS
25546569,S20,U000401,WELD_MISALIGNMENT,4,FAIL
25562772,S40,U000377,WELD_MISALIGNMENT,4,FAIL
25565095,S10,U000414,,,PASS
25586408,S30,U000389,,,PASS
25604181,S20,U000402,,,PASS
25611904,S10,U000415,,,PASS
25625720,S40,U000378,,,PASS
25636901,S30,U000390,,,PASS
25680100,S20,U000403,,,PASS
25681113,S10,U000416,,,PASS
25690890,S40,U000379,,,PASS
25696842,S30,U000391,WELD_MISALIGNMENT,4,FAIL
25732439,S20,U000404,,,PASS
25741983,S40,U000380,WELD_MISALIGNMENT,4,FAIL
25766384,S30,U000392,,,PASS
25766403,S10,U000417,,,PASS
25792972,S20,U000405,,,PASS
25803280,S40,U000381,,,PASS
25818871,S30,U000393,,,PASS
25829243,S10,U000418,WELD_MISALIGNMENT,4,FAIL
25865884,S40,U000382,,,PASS
25868044,S20,U000406,,,PASS
25878434,S10,U000419,,,PASS
25914523,S40,U000383,,,PASS
25919486,S20,U000407,,,PASS
25922507,S30,U000394,,,PASS
25941704,S10,U000420,,,PASS
25968571,S20,U000408,,,PASS
25984112,S30,U000395,,,PASS
25987612,S10,U000421,,,PASS
25998787,S40,U000384,,,PASS
26034901,S20,U000409,,,PASS
26036887,S10,U000422,,,PASS
26038789,S30,U000396,,,PASS
26043976,S40,U000385,,,PASS
26093497,S10,U000423,WELD_MISALIGNMENT,4,FAIL
26099685,S30,U000397,,,PASS
26102033,S20,U000410,,,PASS
26108521,S40,U000386,,,PASS
26148015,S30,U000398,,,PASS
26150381,S40,U000387,,,PASS
26169408,S10,U000424,,,PASS
26169921,S20,U000411,,,PASS
26216769,S10,U000425,,,PASS
26227746,S40,U000388,,,PASS
26228993,S30,U000399,,,PASS
26231740,S20,U000412,,,PASS
26278860,S10,U000426,,,PASS
26288772,S30,U000400,,,PASS
26297160,S40,U000389,,,PASS
26300827,S20,U000413,,,PASS
26329241,S10,U000427,,,PASS
26340361,S40,U000390,,,PASS
26359382,S20,U000414,,,PASS
26360599,S30,U000401,,,PASS
26375280,S10,U000428,,,PASS
26408918,S30,U000402,,,PASS
26413923,S40,U000391,WELD_MISALIGNMENT,4,FAIL
26428645,S20,U000415,,,PASS
26454286,S10,U000429,,,PASS
26467861,S30,U000403,,,PASS
26494276,S20,U000416,,,PASS
26506438,S40,U000392,,,PASS
26515096,S30,U000404,,,PASS
26526700,S10,U000430,,,PASS
26538674,S20,U000417,WELD_MISALIGNMENT,4,FAIL
26553381,S40,U000393,,,PASS
26567344,S30,U000405,,,PASS
26584494,S10,U000431,WELD_MISALIGNMENT,4,FAIL
26589887,S20,U000418,WELD_MISALIGNMENT,4,FAIL
26597755,S40,U000394,,,PASS
26624463,S30,U000406,,,PASS
26645723,S20,U000419,,,PASS
26661747,S40,U000395,,,PASS
26666125,S30,U000407,WELD_MISALIGNMENT,4,FAIL
26676398,S10,U000432,,,PASS
26712021,S20,U000420,,,PASS
26716387,S40,U000396,,,PASS
26726449,S10,U000433,,,PASS
26727526,S30,U000408,,,PASS
26765703,S20,U000421,WELD_MISALIGNMENT,4,FAIL
26767757,S40,U000397,,,PASS
26771333,S10,U000434,,,PASS
26810823,S30,U000409,,,PASS
26833856,S20,U000422,,,PASS
26840288,S40,U000398,,,PASS
26848954,S10,U000435,,,PASS
26852749,S30,U000410,,,PASS
26899775,S20,U000423,WELD_MISALIGNMENT,4,FAIL
26907848,S40,U000399,,,PASS
26921927,S10,U000436,,,PASS
26936692,S30,U000411,,,PASS
26944700,S20,U000424,,,PASS
26966765,S10,U000437,,,PASS
26977206,S40,U000400,,,PASS
26985049,S30,U000412,,,PASS
27007014,S20,U000425,,,PASS
27011600,S10,U000438,,,PASS
27035295,S40,U000401,WELD_MISALIGNMENT,4,FAIL
27043085,S30,U000413,,,PASS
27045396,S20,U000426,,,PASS
27096794,S40,U000402,,,PASS
27097172,S10,U000439,,,PASS
27118132,S20,U000427,,,PASS
27121752,S30,U000414,,,PASS
27143826,S40,U000403,,,PASS
27144268,S10,U000440,WELD_MISALIGNMENT,4,FAIL
27170055,S20,U000428,,,PASS
27183305,S30,U000415,,,PASS
27216445,S10,U000441,,,PASS
27230629,S40,U000404,,,PASS
27239058,S20,U000429,,,PASS
27246128,S30,U000416,,,PASS
27268750,S10,U000442,,,PASS
27285876,S40,U000405,,,PASS
27296674,S20,U000430,,,PASS
27301053,S30,U000417,,,PASS
27321356,S10,U000443,,,PASS
27343375,S40,U000406,,,PASS
27356612,S20,U000431,,,PASS
27360841,S30,U000418,WELD_MISALIGNMENT,4,FAIL
27379979,S10,U000444,,,PASS
27411906,S40,U000407,WELD_MISALIGNMENT,4,FAIL
27413341,S30,U000419,,,PASS
27430975,S10,U000445,,,PASS
27431453,S20,U000432,,,PASS
27471571,S40,U000408,,,PASS
27475642,S20,U000433,,,PASS
27475722,S30,U000420,WELD_MISALIGNMENT,4,FAIL
27530444,S30,U000421,WELD_MISALIGNMENT,4,FAIL
27530702,S10,U000446,WELD_MISALIGNMENT,4,FAIL
27539428,S40,U000409,,,PASS
27541221,S20,U000434,,,PASS
27591497,S10,U000447,,,PASS
27593786,S30,U000422,,,PASS
27600309,S20,U000435,,,PASS
27605229,S40,U000410,,,PASS
27635336,S10,U000448,WELD_MISALIGNMENT,4,FAIL
27638003,S30,U000423,WELD_MISALIGNMENT,4,FAIL
27662412,S40,U000411,,,PASS
27666329,S20,U000436,,,PASS
27698536,S30,U000424,,,PASS
27704974,S10,U000449,,,PASS
27724788,S40,U000412,,,PASS
27737730,S20,U000437,,,PASS
27750021,S30,U000425,,,PASS
27770224,S10,U000450,,,PASS
27780473,S40,U000413,,,PASS
27786731,S20,U000438,,,PASS
27800944,S30,U000426,,,PASS
27824923,S40,U000414,,,PASS
27832650,S10,U000451,,,PASS
27841231,S20,U000439,,,PASS
27853598,S30,U000427,,,PASS
27876861,S40,U000415,,,PASS
27894834,S20,U000440,WELD_MISALIGNMENT,4,FAIL
27924409,S30,U000428,,,PASS
27941715,S10,U000452,,,PASS
27952957,S40,U000416,,,PASS
27965280,S20,U000441,WELD_MISALIGNMENT,4,FAIL
27984419,S30,U000429,,,PASS
27986654,S10,U000453,,,PASS
28020734,S40,U000417,,,PASS
28034098,S20,U000442,,,PASS
28044241,S10,U000454,,,PASS
28045629,S30,U000430,,,PASS
28062953,S40,U000418,WELD_MISALIGNMENT,4,FAIL
28082235,S20,U000443,,,PASS
28098794,S10,U000455,,,PASS
28106016,S30,U000431,,,PASS
28120441,S40,U000419,,,PASS
28146572,S10,U000456,,,PASS
28148037,S20,U000444,,,PASS
28167456,S30,U000432,,,PASS
28200713,S40,U000420,,,PASS
28201727,S20,U000445,,,PASS
28223723,S30,U000433,,,PASS
28224323,S10,U000457,,,PASS
28275897,S20,U000446,,,PASS
28284217,S40,U000421,WELD_MISALIGNMENT,4,FAIL
28293145,S30,U000434,,,PASS
28298736,S10,U000458,,,PASS
28326990,S20,U000447,,,PASS
28330023,S40,U000422,,,PASS
28350963,S30,U000435,,,PASS
28357593,S10,U000459,,,PASS
28376811,S40,U000423,WELD_MISALIGNMENT,4,FAIL
28385244,S20,U000448,WELD_MISALIGNMENT,4,FAIL
28406384,S30,U000436,,,PASS
28407993,S10,U000460,,,PASS
28438038,S40,U000424,,,PASS
28439060,S20,U000449,,,PASS
28458231,S10,U000461,,,PASS
28472628,S30,U000437,,,PASS
28488895,S20,U000450,,,PASS
28493955,S40,U000425,,,PASS
28507151,S10,U000462,,,PASS
28518696,S30,U000438,,,PASS
28541633,S40,U000426,,,PASS
28543045,S20,U000451,,,PASS
28563289,S10,U000463,,,PASS
28587148,S40,U000427,,,PASS
28593853,S30,U000439,,,PASS
28611343,S20,U000452,,,PASS
28617655,S10,U000464,WELD_MISALIGNMENT,4,FAIL
28636068,S40,U000428,,,PASS
28655475,S30,U000440,,,PASS
28675908,S20,U000453,,,PASS
28676726,S10,U000465,WELD_MISALIGNMENT,4,FAIL
28693969,S40,U000429,,,PASS
28709903,S30,U000441,WELD_MISALIGNMENT,4,FAIL
28734203,S20,U000454,,,PASS
28737932,S10,U000466,,,PASS
28768042,S40,U000430,,,PASS
28768571,S30,U000442,,,PASS
28799894,S20,U000455,,,PASS
