timestamp_ms,station_id,unit_id,check_type,result
368460,S07,U000001,VISUAL_ALIGNMENT,PASS
439106,S07,U000002,VISUAL_ALIGNMENT,PASS
493796,S07,U000003,VISUAL_ALIGNMENT,PASS
547692,S07,U000004,VISUAL_ALIGNMENT,PASS
621262,S07,U000005,VISUAL_ALIGNMENT,PASS
675277,S07,U000006,VISUAL_ALIGNMENT,PASS
744930,S07,U000007,VISUAL_ALIGNMENT,PASS
748902,S14,U000001,VISUAL_ALIGNMENT,PASS
798180,S07,U000008,VISUAL_ALIGNMENT,PASS
816782,S14,U000002,VISUAL_ALIGNMENT,PASS
858053,S07,U000009,VISUAL_ALIGNMENT,PASS
864051,S14,U000003,VISUAL_ALIGNMENT,PASS
905896,S07,U000010,VISUAL_ALIGNMENT,PASS
940735,S14,U000004,VISUAL_ALIGNMENT,PASS
977034,S07,U000011,VISUAL_ALIGNMENT,PASS
994491,S14,U000005,VISUAL_ALIGNMENT,PASS
1041594,S14,U000006,VISUAL_ALIGNMENT,PASS
1078462,S07,U000012,VISUAL_ALIGNMENT,PASS
1111700,S21,U000001,VISUAL_ALIGNMENT,PASS
1124430,S14,U000007,VISUAL_ALIGNMENT,PASS
1142233,S07,U000013,VISUAL_ALIGNMENT,PASS
1185320,S14,U000008,VISUAL_ALIGNMENT,PASS
1206215,S21,U000002,VISUAL_ALIGNMENT,PASS
1209985,S07,U000014,VISUAL_ALIGNMENT,PASS
1251248,S14,U000009,VISUAL_ALIGNMENT,PASS
1271385,S21,U000003,VISUAL_ALIGNMENT,PASS
1281542,S07,U000015,VISUAL_ALIGNMENT,PASS
1303392,S14,U000010,VISUAL_ALIGNMENT,FAIL
1329668,S21,U000004,VISUAL_ALIGNMENT,PASS
1335828,S07,U000016,VISUAL_ALIGNMENT,PASS
1366908,S14,U000011,VISUAL_ALIGNMENT,PASS
1383514,S21,U000005,VISUAL_ALIGNMENT,PASS
1399256,S07,U000017,VISUAL_ALIGNMENT,PASS
1412428,S14,U000012,VISUAL_ALIGNMENT,PASS
1439489,S21,U000006,VISUAL_ALIGNMENT,PASS
1447886,S28,U000001,VISUAL_ALIGNMENT,PASS
1471582,S07,U000018,VISUAL_ALIGNMENT,FAIL
1502229,S14,U000013,VISUAL_ALIGNMENT,PASS
1505869,S21,U000007,VISUAL_ALIGNMENT,PASS
1525951,S07,U000019,VISUAL_ALIGNMENT,PASS
1548739,S28,U000002,VISUAL_ALIGNMENT,PASS
1560812,S14,U000014,VISUAL_ALIGNMENT,PASS
1561692,S21,U000008,VISUAL_ALIGNMENT,PASS
1598337,S07,U000020,VISUAL_ALIGNMENT,PASS
1626653,S28,U000003,VISUAL_ALIGNMENT,PASS
1631256,S14,U000015,VISUAL_ALIGNMENT,PASS
1645129,S21,U000009,VISUAL_ALIGNMENT,PASS
1664564,S07,U000021,VISUAL_ALIGNMENT,PASS
1693895,S14,U000016,VISUAL_ALIGNMENT,PASS
1706759,S28,U000004,VISUAL_ALIGNMENT,PASS
1729625,S21,U000010,VISUAL_ALIGNMENT,PASS
1731137,S07,U000022,VISUAL_ALIGNMENT,PASS
1762132,S14,U000017,VISUAL_ALIGNMENT,PASS
1765858,S28,U000005,VISUAL_ALIGNMENT,PASS
1782166,S07,U000023,VISUAL_ALIGNMENT,PASS
1783580,S21,U000011,VISUAL_ALIGNMENT,PASS
1795960,S35,U000001,VISUAL_ALIGNMENT,PASS
1824654,S28,U000006,VISUAL_ALIGNMENT,PASS
1838067,S14,U000018,VISUAL_ALIGNMENT,PASS
1839333,S21,U000012,VISUAL_ALIGNMENT,PASS
1841924,S07,U000024,VISUAL_ALIGNMENT,PASS
1883396,S35,U000002,VISUAL_ALIGNMENT,PASS
1896237,S07,U000025,VISUAL_ALIGNMENT,PASS
1899087,S21,U000013,VISUAL_ALIGNMENT,PASS
1906329,S14,U000019,VISUAL_ALIGNMENT,PASS
1915136,S28,U000007,VISUAL_ALIGNMENT,PASS
1937516,S07,U000026,VISUAL_ALIGNMENT,PASS
1949597,S21,U000014,VISUAL_ALIGNMENT,PASS
1965640,S35,U000003,VISUAL_ALIGNMENT,PASS
1973019,S28,U000008,VISUAL_ALIGNMENT,PASS
1991229,S14,U000020,VISUAL_ALIGNMENT,PASS
2007513,S21,U000015,VISUAL_ALIGNMENT,PASS
2011100,S07,U000027,VISUAL_ALIGNMENT,PASS
2025871,S28,U000009,VISUAL_ALIGNMENT,PASS
2033665,S14,U000021,VISUAL_ALIGNMENT,PASS
2050052,S21,U000016,VISUAL_ALIGNMENT,PASS
2050288,S35,U000004,VISUAL_ALIGNMENT,PASS
2066865,S07,U000028,VISUAL_ALIGNMENT,PASS
2078895,S28,U000010,VISUAL_ALIGNMENT,PASS
2115628,S35,U000005,VISUAL_ALIGNMENT,PASS
2116883,S14,U000022,VISUAL_ALIGNMENT,PASS
2126946,S21,U000017,VISUAL_ALIGNMENT,PASS
2139399,S28,U000011,VISUAL_ALIGNMENT,PASS
2139600,S07,U000029,VISUAL_ALIGNMENT,PASS
2172628,S14,U000023,VISUAL_ALIGNMENT,PASS
2179803,S21,U000018,VISUAL_ALIGNMENT,PASS
2189356,S35,U000006,VISUAL_ALIGNMENT,PASS
2191830,S28,U000012,VISUAL_ALIGNMENT,PASS
2194512,S07,U000030,VISUAL_ALIGNMENT,PASS
2217924,S14,U000024,VISUAL_ALIGNMENT,PASS
2246403,S21,U000019,VISUAL_ALIGNMENT,PASS
2251297,S28,U000013,VISUAL_ALIGNMENT,PASS
2252752,S07,U000031,VISUAL_ALIGNMENT,PASS
2265142,S14,U000025,VISUAL_ALIGNMENT,PASS
2268355,S35,U000007,VISUAL_ALIGNMENT,PASS
2294807,S07,U000032,VISUAL_ALIGNMENT,PASS
2319346,S28,U000014,VISUAL_ALIGNMENT,PASS
2337125,S14,U000026,VISUAL_ALIGNMENT,PASS
2339576,S35,U000008,VISUAL_ALIGNMENT,PASS
2368420,S07,U000033,VISUAL_ALIGNMENT,PASS
2370761,S21,U000020,VISUAL_ALIGNMENT,PASS
2372623,S28,U000015,VISUAL_ALIGNMENT,PASS
2394616,S35,U000009,VISUAL_ALIGNMENT,PASS
2415837,S07,U000034,VISUAL_ALIGNMENT,PASS
2422040,S14,U000027,VISUAL_ALIGNMENT,PASS
2427877,S21,U000021,VISUAL_ALIGNMENT,PASS
2448194,S35,U000010,VISUAL_ALIGNMENT,PASS
2453046,S28,U000016,VISUAL_ALIGNMENT,PASS
2462455,S07,U000035,VISUAL_ALIGNMENT,PASS
2482914,S14,U000028,VISUAL_ALIGNMENT,PASS
2485357,S21,U000022,VISUAL_ALIGNMENT,PASS
2513554,S35,U000011,VISUAL_ALIGNMENT,PASS
2519229,S28,U000017,VISUAL_ALIGNMENT,PASS
2524533,S07,U000036,VISUAL_ALIGNMENT,PASS
2535969,S21,U000023,VISUAL_ALIGNMENT,PASS
2558073,S14,U000029,VISUAL_ALIGNMENT,PASS
2574093,S07,U000037,VISUAL_ALIGNMENT,PASS
2575951,S35,U000012,VISUAL_ALIGNMENT,PASS
2578381,S28,U000018,VISUAL_ALIGNMENT,PASS
2608943,S21,U000024,VISUAL_ALIGNMENT,PASS
2624420,S14,U000030,VISUAL_ALIGNMENT,PASS
2627276,S35,U000013,VISUAL_ALIGNMENT,PASS
2643934,S07,U000038,VISUAL_ALIGNMENT,PASS
2655756,S28,U000019,VISUAL_ALIGNMENT,PASS
2671455,S21,U000025,VISUAL_ALIGNMENT,PASS
2672651,S14,U000031,VISUAL_ALIGNMENT,PASS
2683409,S35,U000014,VISUAL_ALIGNMENT,PASS
2701458,S07,U000039,VISUAL_ALIGNMENT,PASS
2723241,S21,U000026,VISUAL_ALIGNMENT,PASS
2730030,S14,U000032,VISUAL_ALIGNMENT,PASS
2731504,S28,U000020,VISUAL_ALIGNMENT,PASS
2732452,S35,U000015,VISUAL_ALIGNMENT,PASS
2749911,S07,U000040,VISUAL_ALIGNMENT,PASS
2802092,S14,U000033,VISUAL_ALIGNMENT,PASS
2805471,S28,U000021,VISUAL_ALIGNMENT,PASS
2805969,S35,U000016,VISUAL_ALIGNMENT,PASS
2820506,S07,U000041,VISUAL_ALIGNMENT,PASS
2822601,S21,U000027,VISUAL_ALIGNMENT,PASS
2852253,S28,U000022,VISUAL_ALIGNMENT,PASS
2860287,S35,U000017,VISUAL_ALIGNMENT,PASS
2872400,S07,U000042,VISUAL_ALIGNMENT,PASS
2892790,S14,U000034,VISUAL_ALIGNMENT,PASS
2909796,S35,U000018,VISUAL_ALIGNMENT,PASS
2925162,S28,U000023,VISUAL_ALIGNMENT,PASS
2928202,S21,U000028,VISUAL_ALIGNMENT,PASS
2938630,S14,U000035,VISUAL_ALIGNMENT,PASS
2945459,S07,U000043,VISUAL_ALIGNMENT,PASS
2980714,S28,U000024,VISUAL_ALIGNMENT,PASS
2987782,S21,U000029,VISUAL_ALIGNMENT,PASS
3009285,S07,U000044,VISUAL_ALIGNMENT,PASS
3009608,S14,U000036,VISUAL_ALIGNMENT,PASS
3018926,S35,U000019,VISUAL_ALIGNMENT,PASS
3048956,S21,U000030,VISUAL_ALIGNMENT,PASS
3049631,S28,U000025,VISUAL_ALIGNMENT,PASS
3069897,S07,U000045,VISUAL_ALIGNMENT,PASS
3070202,S35,U000020,VISUAL_ALIGNMENT,PASS
3070767,S14,U000037,VISUAL_ALIGNMENT,PASS
3106181,S21,U000031,VISUAL_ALIGNMENT,PASS
3113563,S28,U000026,VISUAL_ALIGNMENT,PASS
3121645,S07,U000046,VISUAL_ALIGNMENT,PASS
3133212,S14,U000038,VISUAL_ALIGNMENT,PASS
3135661,S35,U000021,VISUAL_ALIGNMENT,PASS
3165326,S28,U000027,VISUAL_ALIGNMENT,PASS
3178883,S21,U000032,VISUAL_ALIGNMENT,PASS
3179733,S07,U000047,VISUAL_ALIGNMENT,PASS
3184480,S14,U000039,VISUAL_ALIGNMENT,PASS
3209879,S35,U000022,VISUAL_ALIGNMENT,PASS
3227239,S21,U000033,VISUAL_ALIGNMENT,PASS
3239730,S07,U000048,VISUAL_ALIGNMENT,PASS
3249964,S14,U000040,VISUAL_ALIGNMENT,PASS
3263662,S35,U000023,VISUAL_ALIGNMENT,PASS
3286719,S21,U000034,VISUAL_ALIGNMENT,PASS
3299927,S28,U000028,VISUAL_ALIGNMENT,PASS
3309393,S07,U000049,VISUAL_ALIGNMENT,FAIL
3324195,S35,U000024,VISUAL_ALIGNMENT,PASS
3330095,S14,U000041,VISUAL_ALIGNMENT,PASS
3354452,S28,U000029,VISUAL_ALIGNMENT,PASS
3362209,S07,U000050,VISUAL_ALIGNMENT,PASS
3372758,S21,U000035,VISUAL_ALIGNMENT,PASS
3392228,S14,U000042,VISUAL_ALIGNMENT,PASS
3399597,S35,U000025,VISUAL_ALIGNMENT,PASS
3426401,S07,U000051,VISUAL_ALIGNMENT,PASS
3431298,S21,U000036,VISUAL_ALIGNMENT,PASS
3441242,S28,U000030,VISUAL_ALIGNMENT,PASS
3460194,S14,U000043,VISUAL_ALIGNMENT,PASS
3468675,S35,U000026,VISUAL_ALIGNMENT,PASS
3487256,S07,U000052,VISUAL_ALIGNMENT,PASS
3496714,S21,U000037,VISUAL_ALIGNMENT,PASS
3500567,S28,U000031,VISUAL_ALIGNMENT,PASS
3520100,S14,U000044,VISUAL_ALIGNMENT,PASS
3530703,S07,U000053,VISUAL_ALIGNMENT,PASS
3548579,S35,U000027,VISUAL_ALIGNMENT,PASS
3549607,S21,U000038,VISUAL_ALIGNMENT,PASS
3570660,S14,U000045,VISUAL_ALIGNMENT,PASS
3570735,S28,U000032,VISUAL_ALIGNMENT,PASS
3582929,S07,U000054,VISUAL_ALIGNMENT,PASS
3612072,S21,U000039,VISUAL_ALIGNMENT,PASS
3632243,S14,U000046,VISUAL_ALIGNMENT,PASS
3632447,S28,U000033,VISUAL_ALIGNMENT,PASS
3634238,S07,U000055,VISUAL_ALIGNMENT,FAIL
3646881,S35,U000028,VISUAL_ALIGNMENT,PASS
3653109,S21,U000040,VISUAL_ALIGNMENT,PASS
3669260,S14,U000047,VISUAL_ALIGNMENT,PASS
3686102,S07,U000056,VISUAL_ALIGNMENT,PASS
3693420,S28,U000034,VISUAL_ALIGNMENT,PASS
3693899,S35,U000029,VISUAL_ALIGNMENT,PASS
3723860,S21,U000041,VISUAL_ALIGNMENT,PASS
3742141,S14,U000048,VISUAL_ALIGNMENT,PASS
3748684,S07,U000057,VISUAL_ALIGNMENT,PASS
3765728,S28,U000035,VISUAL_ALIGNMENT,PASS
3794115,S21,U000042,VISUAL_ALIGNMENT,PASS
3802558,S07,U000058,VISUAL_ALIGNMENT,PASS
3803001,S35,U000030,VISUAL_ALIGNMENT,PASS
3806225,S14,U000049,VISUAL_ALIGNMENT,PASS
3815673,S28,U000036,VISUAL_ALIGNMENT,PASS
3841710,S21,U000043,VISUAL_ALIGNMENT,PASS
3863632,S14,U000050,VISUAL_ALIGNMENT,PASS
3866238,S07,U000059,VISUAL_ALIGNMENT,PASS
3871818,S35,U000031,VISUAL_ALIGNMENT,PASS
3881069,S28,U000037,VISUAL_ALIGNMENT,PASS
3907542,S14,U000051,VISUAL_ALIGNMENT,PASS
3916264,S21,U000044,VISUAL_ALIGNMENT,PASS
3916446,S07,U000060,VISUAL_ALIGNMENT,PASS
3918097,S35,U000032,VISUAL_ALIGNMENT,PASS
3936485,S28,U000038,VISUAL_ALIGNMENT,PASS
3958367,S14,U000052,VISUAL_ALIGNMENT,PASS
3980610,S07,U000061,VISUAL_ALIGNMENT,PASS
3990896,S28,U000039,VISUAL_ALIGNMENT,FAIL
3999266,S21,U000045,VISUAL_ALIGNMENT,PASS
4010809,S35,U000033,VISUAL_ALIGNMENT,PASS
4019552,S14,U000053,VISUAL_ALIGNMENT,PASS
4033001,S28,U000040,VISUAL_ALIGNMENT,PASS
4042800,S21,U000046,VISUAL_ALIGNMENT,PASS
4054904,S07,U000062,VISUAL_ALIGNMENT,PASS
4075318,S35,U000034,VISUAL_ALIGNMENT,PASS
4083790,S14,U000054,VISUAL_ALIGNMENT,PASS
4105638,S07,U000063,VISUAL_ALIGNMENT,PASS
4108166,S21,U000047,VISUAL_ALIGNMENT,PASS
4111038,S28,U000041,VISUAL_ALIGNMENT,PASS
4136556,S35,U000035,VISUAL_ALIGNMENT,PASS
4151916,S14,U000055,VISUAL_ALIGNMENT,PASS
4155190,S21,U000048,VISUAL_ALIGNMENT,PASS
4172105,S07,U000064,VISUAL_ALIGNMENT,PASS
4189023,S28,U000042,VISUAL_ALIGNMENT,PASS
4196435,S35,U000036,VISUAL_ALIGNMENT,PASS
4222733,S07,U000065,VISUAL_ALIGNMENT,PASS
4224664,S14,U000056,VISUAL_ALIGNMENT,PASS
4226558,S21,U000049,VISUAL_ALIGNMENT,PASS
4251136,S28,U000043,VISUAL_ALIGNMENT,PASS
4252830,S35,U000037,VISUAL_ALIGNMENT,PASS
4270122,S07,U000066,VISUAL_ALIGNMENT,PASS
4280317,S14,U000057,VISUAL_ALIGNMENT,PASS
4291084,S21,U000050,VISUAL_ALIGNMENT,PASS
4307233,S35,U000038,VISUAL_ALIGNMENT,PASS
4314813,S28,U000044,VISUAL_ALIGNMENT,PASS
4329648,S07,U000067,VISUAL_ALIGNMENT,PASS
4331153,S14,U000058,VISUAL_ALIGNMENT,PASS
4342540,S21,U000051,VISUAL_ALIGNMENT,PASS
4375061,S35,U000039,VISUAL_ALIGNMENT,PASS
4375689,S28,U000045,VISUAL_ALIGNMENT,PASS
4390115,S14,U000059,VISUAL_ALIGNMENT,PASS
4392806,S07,U000068,VISUAL_ALIGNMENT,PASS
4393237,S21,U000052,VISUAL_ALIGNMENT,PASS
4427822,S35,U000040,VISUAL_ALIGNMENT,PASS
4432961,S28,U000046,VISUAL_ALIGNMENT,PASS
4442223,S21,U000053,VISUAL_ALIGNMENT,PASS
4449818,S14,U000060,VISUAL_ALIGNMENT,PASS
4467213,S07,U000069,VISUAL_ALIGNMENT,PASS
4486710,S35,U000041,VISUAL_ALIGNMENT,PASS
4503354,S28,U000047,VISUAL_ALIGNMENT,PASS
4506691,S14,U000061,VISUAL_ALIGNMENT,PASS
4510125,S21,U000054,VISUAL_ALIGNMENT,PASS
4516698,S07,U000070,VISUAL_ALIGNMENT,PASS
4556199,S28,U000048,VISUAL_ALIGNMENT,PASS
4559317,S35,U000042,VISUAL_ALIGNMENT,PASS
4568113,S14,U000062,VISUAL_ALIGNMENT,PASS
4586340,S07,U000071,VISUAL_ALIGNMENT,PASS
4594597,S21,U000055,VISUAL_ALIGNMENT,PASS
4614980,S35,U000043,VISUAL_ALIGNMENT,PASS
4616136,S28,U000049,VISUAL_ALIGNMENT,PASS
4629896,S07,U000072,VISUAL_ALIGNMENT,PASS
4649423,S21,U000056,VISUAL_ALIGNMENT,PASS
4656188,S14,U000063,VISUAL_ALIGNMENT,PASS
4666324,S35,U000044,VISUAL_ALIGNMENT,PASS
4690806,S07,U000073,VISUAL_ALIGNMENT,PASS
4696913,S28,U000050,VISUAL_ALIGNMENT,PASS
4709163,S14,U000064,VISUAL_ALIGNMENT,PASS
4717700,S21,U000057,VISUAL_ALIGNMENT,PASS
4725170,S35,U000045,VISUAL_ALIGNMENT,PASS
4748800,S07,U000074,VISUAL_ALIGNMENT,PASS
4757205,S28,U000051,VISUAL_ALIGNMENT,PASS
4775234,S35,U000046,VISUAL_ALIGNMENT,FAIL
4779206,S14,U000065,VISUAL_ALIGNMENT,PASS
4783211,S21,U000058,VISUAL_ALIGNMENT,PASS
4803406,S28,U000052,VISUAL_ALIGNMENT,PASS
4818646,S14,U000066,VISUAL_ALIGNMENT,PASS
4818818,S07,U000075,VISUAL_ALIGNMENT,PASS
4839840,S21,U000059,VISUAL_ALIGNMENT,PASS
4857143,S35,U000047,VISUAL_ALIGNMENT,PASS
4867791,S14,U000067,VISUAL_ALIGNMENT,PASS
4871280,S07,U000076,VISUAL_ALIGNMENT,PASS
4872974,S28,U000053,VISUAL_ALIGNMENT,PASS
4912345,S28,U000054,VISUAL_ALIGNMENT,PASS
4916089,S21,U000060,VISUAL_ALIGNMENT,PASS
4916705,S35,U000048,VISUAL_ALIGNMENT,PASS
4919891,S14,U000068,VISUAL_ALIGNMENT,PASS
4935794,S07,U000077,VISUAL_ALIGNMENT,PASS
4971423,S28,U000055,VISUAL_ALIGNMENT,PASS
4975162,S21,U000061,VISUAL_ALIGNMENT,PASS
4983319,S14,U000069,VISUAL_ALIGNMENT,PASS
4983378,S35,U000049,VISUAL_ALIGNMENT,PASS
4998225,S07,U000078,VISUAL_ALIGNMENT,PASS
5028694,S21,U000062,VISUAL_ALIGNMENT,PASS
5028855,S28,U000056,VISUAL_ALIGNMENT,PASS
5045798,S14,U000070,VISUAL_ALIGNMENT,PASS
5046896,S35,U000050,VISUAL_ALIGNMENT,PASS
5048723,S07,U000079,VISUAL_ALIGNMENT,PASS
5082197,S28,U000057,VISUAL_ALIGNMENT,PASS
5091628,S14,U000071,VISUAL_ALIGNMENT,PASS
5093698,S21,U000063,VISUAL_ALIGNMENT,PASS
5119914,S35,U000051,VISUAL_ALIGNMENT,PASS
5144695,S07,U000080,VISUAL_ALIGNMENT,PASS
5146348,S28,U000058,VISUAL_ALIGNMENT,PASS
5147034,S14,U000072,VISUAL_ALIGNMENT,PASS
5174174,S35,U000052,VISUAL_ALIGNMENT,PASS
5179983,S21,U000064,VISUAL_ALIGNMENT,PASS
5190206,S07,U000081,VISUAL_ALIGNMENT,PASS
5200815,S14,U000073,VISUAL_ALIGNMENT,PASS
5202416,S28,U000059,VISUAL_ALIGNMENT,PASS
5234588,S35,U000053,VISUAL_ALIGNMENT,PASS
5234897,S21,U000065,VISUAL_ALIGNMENT,PASS
5257024,S07,U000082,VISUAL_ALIGNMENT,PASS
5262587,S14,U000074,VISUAL_ALIGNMENT,PASS
5263912,S28,U000060,VISUAL_ALIGNMENT,PASS
5292692,S35,U000054,VISUAL_ALIGNMENT,PASS
5317975,S21,U000066,VISUAL_ALIGNMENT,PASS
5325076,S07,U000083,VISUAL_ALIGNMENT,PASS
5330310,S14,U000075,VISUAL_ALIGNMENT,PASS
5350706,S28,U000061,VISUAL_ALIGNMENT,PASS
5368652,S35,U000055,VISUAL_ALIGNMENT,PASS
5374411,S21,U000067,VISUAL_ALIGNMENT,PASS
5378728,S07,U000084,VISUAL_ALIGNMENT,PASS
5384229,S14,U000076,VISUAL_ALIGNMENT,PASS
5412537,S28,U000062,VISUAL_ALIGNMENT,FAIL
5425767,S21,U000068,VISUAL_ALIGNMENT,PASS
5425880,S35,U000056,VISUAL_ALIGNMENT,PASS
5438261,S07,U000085,VISUAL_ALIGNMENT,PASS
5471908,S21,U000069,VISUAL_ALIGNMENT,PASS
5474031,S14,U000077,VISUAL_ALIGNMENT,PASS
5481576,S28,U000063,VISUAL_ALIGNMENT,PASS
5495001,S35,U000057,VISUAL_ALIGNMENT,PASS
5519338,S07,U000086,VISUAL_ALIGNMENT,PASS
5522812,S21,U000070,VISUAL_ALIGNMENT,PASS
5524076,S14,U000078,VISUAL_ALIGNMENT,PASS
5541062,S28,U000064,VISUAL_ALIGNMENT,PASS
5579475,S07,U000087,VISUAL_ALIGNMENT,PASS
5582105,S35,U000058,VISUAL_ALIGNMENT,PASS
5586856,S21,U000071,VISUAL_ALIGNMENT,PASS
5602982,S14,U000079,VISUAL_ALIGNMENT,PASS
5614407,S28,U000065,VISUAL_ALIGNMENT,PASS
5641452,S07,U000088,VISUAL_ALIGNMENT,PASS
5646729,S35,U000059,VISUAL_ALIGNMENT,PASS
5660285,S21,U000072,VISUAL_ALIGNMENT,PASS
5674803,S14,U000080,VISUAL_ALIGNMENT,PASS
5675215,S28,U000066,VISUAL_ALIGNMENT,PASS
5685557,S07,U000089,VISUAL_ALIGNMENT,PASS
5692167,S35,U000060,VISUAL_ALIGNMENT,PASS
5728697,S14,U000081,VISUAL_ALIGNMENT,PASS
5733128,S21,U000073,VISUAL_ALIGNMENT,PASS
5736582,S07,U000090,VISUAL_ALIGNMENT,PASS
5747949,S35,U000061,VISUAL_ALIGNMENT,PASS
5750944,S28,U000067,VISUAL_ALIGNMENT,PASS
5805436,S14,U000082,VISUAL_ALIGNMENT,PASS
5808608,S07,U000091,VISUAL_ALIGNMENT,FAIL
5811122,S21,U000074,VISUAL_ALIGNMENT,PASS
5830598,S28,U000068,VISUAL_ALIGNMENT,PASS
5834975,S35,U000062,VISUAL_ALIGNMENT,PASS
5862319,S07,U000092,VISUAL_ALIGNMENT,PASS
5862451,S21,U000075,VISUAL_ALIGNMENT,PASS
5875209,S14,U000083,VISUAL_ALIGNMENT,PASS
5887195,S28,U000069,VISUAL_ALIGNMENT,PASS
5908470,S35,U000063,VISUAL_ALIGNMENT,PASS
5911789,S21,U000076,VISUAL_ALIGNMENT,PASS
5926301,S07,U000093,VISUAL_ALIGNMENT,PASS
5934791,S14,U000084,VISUAL_ALIGNMENT,PASS
5946741,S28,U000070,VISUAL_ALIGNMENT,PASS
5955126,S35,U000064,VISUAL_ALIGNMENT,PASS
5965579,S21,U000077,VISUAL_ALIGNMENT,PASS
5990915,S07,U000094,VISUAL_ALIGNMENT,PASS
5999457,S14,U000085,VISUAL_ALIGNMENT,PASS
6014479,S35,U000065,VISUAL_ALIGNMENT,PASS
6020772,S28,U000071,VISUAL_ALIGNMENT,PASS
6040183,S21,U000078,VISUAL_ALIGNMENT,PASS
6041517,S07,U000095,VISUAL_ALIGNMENT,PASS
6060381,S14,U000086,VISUAL_ALIGNMENT,PASS
6071212,S35,U000066,VISUAL_ALIGNMENT,PASS
6081232,S28,U000072,VISUAL_ALIGNMENT,PASS
6093069,S07,U000096,VISUAL_ALIGNMENT,PASS
6094637,S21,U000079,VISUAL_ALIGNMENT,PASS
6121740,S35,U000067,VISUAL_ALIGNMENT,PASS
6133161,S14,U000087,VISUAL_ALIGNMENT,PASS
6153653,S28,U000073,VISUAL_ALIGNMENT,PASS
6164380,S07,U000097,VISUAL_ALIGNMENT,PASS
6185716,S21,U000080,VISUAL_ALIGNMENT,PASS
6187302,S35,U000068,VISUAL_ALIGNMENT,PASS
6196294,S14,U000088,VISUAL_ALIGNMENT,PASS
6213294,S28,U000074,VISUAL_ALIGNMENT,PASS
6233870,S07,U000098,VISUAL_ALIGNMENT,PASS
6241769,S35,U000069,VISUAL_ALIGNMENT,PASS
6246941,S21,U000081,VISUAL_ALIGNMENT,PASS
6263940,S14,U000089,VISUAL_ALIGNMENT,PASS
6271876,S28,U000075,VISUAL_ALIGNMENT,PASS
6279220,S07,U000099,VISUAL_ALIGNMENT,PASS
6301292,S35,U000070,VISUAL_ALIGNMENT,PASS
6311575,S21,U000082,VISUAL_ALIGNMENT,PASS
6318847,S14,U000090,VISUAL_ALIGNMENT,FAIL
6329729,S28,U000076,VISUAL_ALIGNMENT,PASS
6335123,S07,U000100,VISUAL_ALIGNMENT,PASS
6355523,S21,U000083,VISUAL_ALIGNMENT,PASS
6369040,S35,U000071,VISUAL_ALIGNMENT,PASS
6391553,S28,U000077,VISUAL_ALIGNMENT,FAIL
6396233,S14,U000091,VISUAL_ALIGNMENT,PASS
6398594,S07,U000101,VISUAL_ALIGNMENT,PASS
6398943,S21,U000084,VISUAL_ALIGNMENT,PASS
6437006,S35,U000072,VISUAL_ALIGNMENT,PASS
6449391,S14,U000092,VISUAL_ALIGNMENT,PASS
6450805,S28,U000078,VISUAL_ALIGNMENT,PASS
6463154,S07,U000102,VISUAL_ALIGNMENT,PASS
6464025,S21,U000085,VISUAL_ALIGNMENT,PASS
6512792,S35,U000073,VISUAL_ALIGNMENT,PASS
6516637,S28,U000079,VISUAL_ALIGNMENT,PASS
6519337,S07,U000103,VISUAL_ALIGNMENT,PASS
6524592,S14,U000093,VISUAL_ALIGNMENT,PASS
6531281,S21,U000086,VISUAL_ALIGNMENT,PASS
6560811,S35,U000074,VISUAL_ALIGNMENT,PASS
6570053,S28,U000080,VISUAL_ALIGNMENT,FAIL
6574557,S07,U000104,VISUAL_ALIGNMENT,PASS
6576786,S14,U000094,VISUAL_ALIGNMENT,PASS
6587379,S21,U000087,VISUAL_ALIGNMENT,PASS
6615716,S35,U000075,VISUAL_ALIGNMENT,PASS
6625327,S28,U000081,VISUAL_ALIGNMENT,PASS
6630273,S21,U000088,VISUAL_ALIGNMENT,PASS
6637145,S14,U000095,VISUAL_ALIGNMENT,PASS
6639026,S07,U000105,VISUAL_ALIGNMENT,PASS
6677038,S28,U000082,VISUAL_ALIGNMENT,FAIL
6681992,S35,U000076,VISUAL_ALIGNMENT,PASS
6691589,S14,U000096,VISUAL_ALIGNMENT,PASS
6699866,S07,U000106,VISUAL_ALIGNMENT,FAIL
6713727,S21,U000089,VISUAL_ALIGNMENT,PASS
6733135,S35,U000077,VISUAL_ALIGNMENT,PASS
6748823,S28,U000083,VISUAL_ALIGNMENT,PASS
6755194,S14,U000097,VISUAL_ALIGNMENT,PASS
6757143,S07,U000107,VISUAL_ALIGNMENT,PASS
6777276,S21,U000090,VISUAL_ALIGNMENT,PASS
6781069,S35,U000078,VISUAL_ALIGNMENT,PASS
6805074,S14,U000098,VISUAL_ALIGNMENT,PASS
6806797,S07,U000108,VISUAL_ALIGNMENT,PASS
6811321,S28,U000084,VISUAL_ALIGNMENT,PASS
6835266,S21,U000091,VISUAL_ALIGNMENT,PASS
6863838,S07,U000109,VISUAL_ALIGNMENT,PASS
6866964,S14,U000099,VISUAL_ALIGNMENT,PASS
6883496,S28,U000085,VISUAL_ALIGNMENT,PASS
6897682,S21,U000092,VISUAL_ALIGNMENT,PASS
6901249,S35,U000079,VISUAL_ALIGNMENT,PASS
6937984,S14,U000100,VISUAL_ALIGNMENT,PASS
6946554,S28,U000086,VISUAL_ALIGNMENT,PASS
6950253,S07,U000110,VISUAL_ALIGNMENT,PASS
6953105,S21,U000093,VISUAL_ALIGNMENT,FAIL
6957093,S35,U000080,VISUAL_ALIGNMENT,PASS
6999459,S14,U000101,VISUAL_ALIGNMENT,PASS
7000731,S07,U000111,VISUAL_ALIGNMENT,PASS
7017334,S35,U000081,VISUAL_ALIGNMENT,PASS
7017342,S28,U000087,VISUAL_ALIGNMENT,PASS
7030721,S21,U000094,VISUAL_ALIGNMENT,FAIL
7056951,S14,U000102,VISUAL_ALIGNMENT,PASS
7064924,S28,U000088,VISUAL_ALIGNMENT,PASS
7080842,S07,U000112,VISUAL_ALIGNMENT,PASS
7083072,S35,U000082,VISUAL_ALIGNMENT,PASS
7095441,S21,U000095,VISUAL_ALIGNMENT,PASS
7107533,S14,U000103,VISUAL_ALIGNMENT,PASS
7127305,S28,U000089,VISUAL_ALIGNMENT,PASS
7136610,S35,U000083,VISUAL_ALIGNMENT,PASS
7140839,S07,U000113,VISUAL_ALIGNMENT,PASS
7145286,S21,U000096,VISUAL_ALIGNMENT,PASS
7171665,S14,U000104,VISUAL_ALIGNMENT,PASS
7178274,S28,U000090,VISUAL_ALIGNMENT,PASS
7184685,S07,U000114,VISUAL_ALIGNMENT,PASS
7194064,S35,U000084,VISUAL_ALIGNMENT,PASS
7206628,S21,U000097,VISUAL_ALIGNMENT,PASS
7217961,S14,U000105,VISUAL_ALIGNMENT,PASS
7234350,S07,U000115,VISUAL_ALIGNMENT,PASS
7238033,S28,U000091,VISUAL_ALIGNMENT,PASS
7244328,S35,U000085,VISUAL_ALIGNMENT,PASS
7268766,S21,U000098,VISUAL_ALIGNMENT,PASS
7282990,S14,U000106,VISUAL_ALIGNMENT,PASS
7293397,S07,U000116,VISUAL_ALIGNMENT,PASS
7296206,S35,U000086,VISUAL_ALIGNMENT,PASS
7300336,S28,U000092,VISUAL_ALIGNMENT,PASS
7333229,S21,U000099,VISUAL_ALIGNMENT,PASS
7346686,S14,U000107,VISUAL_ALIGNMENT,PASS
7356733,S07,U000117,VISUAL_ALIGNMENT,PASS
7359347,S28,U000093,VISUAL_ALIGNMENT,FAIL
7364852,S35,U000087,VISUAL_ALIGNMENT,PASS
7381561,S21,U000100,VISUAL_ALIGNMENT,PASS
7393131,S14,U000108,VISUAL_ALIGNMENT,PASS
7409051,S07,U000118,VISUAL_ALIGNMENT,PASS
7435917,S28,U000094,VISUAL_ALIGNMENT,PASS
7436963,S35,U000088,VISUAL_ALIGNMENT,PASS
7449883,S14,U000109,VISUAL_ALIGNMENT,PASS
7468765,S07,U000119,VISUAL_ALIGNMENT,PASS
7471914,S21,U000101,VISUAL_ALIGNMENT,PASS
7484582,S35,U000089,VISUAL_ALIGNMENT,PASS
7492252,S28,U000095,VISUAL_ALIGNMENT,PASS
7512888,S14,U000110,VISUAL_ALIGNMENT,PASS
7519630,S07,U000120,VISUAL_ALIGNMENT,PASS
7522319,S21,U000102,VISUAL_ALIGNMENT,PASS
7523648,S35,U000090,VISUAL_ALIGNMENT,PASS
7554749,S28,U000096,VISUAL_ALIGNMENT,PASS
7576097,S21,U000103,VISUAL_ALIGNMENT,PASS
7581271,S07,U000121,VISUAL_ALIGNMENT,PASS
7589159,S35,U000091,VISUAL_ALIGNMENT,FAIL
7593959,S14,U000111,VISUAL_ALIGNMENT,PASS
7602897,S28,U000097,VISUAL_ALIGNMENT,FAIL
7619901,S21,U000104,VISUAL_ALIGNMENT,PASS
7645623,S14,U000112,VISUAL_ALIGNMENT,PASS
7652496,S28,U000098,VISUAL_ALIGNMENT,PASS
7652598,S07,U000122,VISUAL_ALIGNMENT,PASS
7673076,S21,U000105,VISUAL_ALIGNMENT,PASS
7680735,S35,U000092,VISUAL_ALIGNMENT,PASS
7699479,S14,U000113,VISUAL_ALIGNMENT,PASS
7711250,S28,U000099,VISUAL_ALIGNMENT,PASS
7723784,S07,U000123,VISUAL_ALIGNMENT,PASS
7727430,S21,U000106,VISUAL_ALIGNMENT,PASS
7733746,S35,U000093,VISUAL_ALIGNMENT,FAIL
7764683,S14,U000114,VISUAL_ALIGNMENT,PASS
7776313,S21,U000107,VISUAL_ALIGNMENT,PASS
7779467,S07,U000124,VISUAL_ALIGNMENT,PASS
7786664,S28,U000100,VISUAL_ALIGNMENT,PASS
7806892,S35,U000094,VISUAL_ALIGNMENT,PASS
7817102,S21,U000108,VISUAL_ALIGNMENT,PASS
7820880,S14,U000115,VISUAL_ALIGNMENT,PASS
7832429,S28,U000101,VISUAL_ALIGNMENT,PASS
7852517,S07,U000125,VISUAL_ALIGNMENT,PASS
7867056,S35,U000095,VISUAL_ALIGNMENT,PASS
7870302,S21,U000109,VISUAL_ALIGNMENT,PASS
7881823,S28,U000102,VISUAL_ALIGNMENT,PASS
7888688,S14,U000116,VISUAL_ALIGNMENT,PASS
7907076,S07,U000126,VISUAL_ALIGNMENT,PASS
7924934,S21,U000110,VISUAL_ALIGNMENT,PASS
7926160,S35,U000096,VISUAL_ALIGNMENT,PASS
7936788,S14,U000117,VISUAL_ALIGNMENT,PASS
7953119,S07,U000127,VISUAL_ALIGNMENT,PASS
7955291,S28,U000103,VISUAL_ALIGNMENT,PASS
7979684,S14,U000118,VISUAL_ALIGNMENT,PASS
7980737,S35,U000097,VISUAL_ALIGNMENT,PASS
8000155,S07,U000128,VISUAL_ALIGNMENT,PASS
8003886,S21,U000111,VISUAL_ALIGNMENT,PASS
8006246,S28,U000104,VISUAL_ALIGNMENT,PASS
8046555,S14,U000119,VISUAL_ALIGNMENT,PASS
8049277,S35,U000098,VISUAL_ALIGNMENT,FAIL
8061885,S21,U000112,VISUAL_ALIGNMENT,PASS
8068768,S28,U000105,VISUAL_ALIGNMENT,PASS
8082878,S07,U000129,VISUAL_ALIGNMENT,PASS
8091539,S14,U000120,VISUAL_ALIGNMENT,PASS
8116607,S21,U000113,VISUAL_ALIGNMENT,PASS
8120777,S35,U000099,VISUAL_ALIGNMENT,PASS
8121114,S28,U000106,VISUAL_ALIGNMENT,PASS
8125366,S07,U000130,VISUAL_ALIGNMENT,PASS
8147830,S14,U000121,VISUAL_ALIGNMENT,PASS
8170243,S28,U000107,VISUAL_ALIGNMENT,PASS
8175072,S35,U000100,VISUAL_ALIGNMENT,PASS
8179949,S07,U000131,VISUAL_ALIGNMENT,PASS
8188648,S21,U000114,VISUAL_ALIGNMENT,PASS
8214317,S14,U000122,VISUAL_ALIGNMENT,FAIL
8235094,S21,U000115,VISUAL_ALIGNMENT,PASS
8243648,S35,U000101,VISUAL_ALIGNMENT,PASS
8244490,S07,U000132,VISUAL_ALIGNMENT,PASS
8245122,S28,U000108,VISUAL_ALIGNMENT,PASS
8277101,S14,U000123,VISUAL_ALIGNMENT,PASS
8292262,S35,U000102,VISUAL_ALIGNMENT,PASS
8308917,S07,U000133,VISUAL_ALIGNMENT,PASS
8311961,S28,U000109,VISUAL_ALIGNMENT,PASS
8332464,S21,U000116,VISUAL_ALIGNMENT,PASS
8336642,S14,U000124,VISUAL_ALIGNMENT,PASS
8350523,S35,U000103,VISUAL_ALIGNMENT,PASS
8355186,S07,U000134,VISUAL_ALIGNMENT,PASS
8380494,S28,U000110,VISUAL_ALIGNMENT,PASS
8386394,S21,U000117,VISUAL_ALIGNMENT,PASS
8398942,S14,U000125,VISUAL_ALIGNMENT,PASS
8412650,S07,U000135,VISUAL_ALIGNMENT,PASS
8419758,S35,U000104,VISUAL_ALIGNMENT,PASS
8440630,S28,U000111,VISUAL_ALIGNMENT,PASS
8448766,S14,U000126,VISUAL_ALIGNMENT,PASS
8459333,S07,U000136,VISUAL_ALIGNMENT,FAIL
8460199,S21,U000118,VISUAL_ALIGNMENT,PASS
8475948,S35,U000105,VISUAL_ALIGNMENT,PASS
8496879,S28,U000112,VISUAL_ALIGNMENT,PASS
8511436,S14,U000127,VISUAL_ALIGNMENT,PASS
8516070,S21,U000119,VISUAL_ALIGNMENT,PASS
8520066,S07,U000137,VISUAL_ALIGNMENT,PASS
8526874,S35,U000106,VISUAL_ALIGNMENT,PASS
8563258,S21,U000120,VISUAL_ALIGNMENT,PASS
8564636,S07,U000138,VISUAL_ALIGNMENT,PASS
8585369,S14,U000128,VISUAL_ALIGNMENT,PASS
8586565,S35,U000107,VISUAL_ALIGNMENT,PASS
8586776,S28,U000113,VISUAL_ALIGNMENT,PASS
8618633,S21,U000121,VISUAL_ALIGNMENT,PASS
8626275,S28,U000114,VISUAL_ALIGNMENT,PASS
8641964,S07,U000139,VISUAL_ALIGNMENT,PASS
8642167,S14,U000129,VISUAL_ALIGNMENT,PASS
8664118,S35,U000108,VISUAL_ALIGNMENT,PASS
8688501,S21,U000122,VISUAL_ALIGNMENT,FAIL
8690291,S14,U000130,VISUAL_ALIGNMENT,PASS
8691452,S07,U000140,VISUAL_ALIGNMENT,PASS
8695820,S28,U000115,VISUAL_ALIGNMENT,PASS
8726375,S35,U000109,VISUAL_ALIGNMENT,PASS
8746214,S14,U000131,VISUAL_ALIGNMENT,PASS
8761294,S28,U000116,VISUAL_ALIGNMENT,PASS
8761406,S21,U000123,VISUAL_ALIGNMENT,PASS
8765228,S07,U000141,VISUAL_ALIGNMENT,PASS
8785909,S35,U000110,VISUAL_ALIGNMENT,PASS
8796996,S14,U000132,VISUAL_ALIGNMENT,PASS
8820924,S07,U000142,VISUAL_ALIGNMENT,PASS
8823074,S28,U000117,VISUAL_ALIGNMENT,PASS
8824141,S21,U000124,VISUAL_ALIGNMENT,FAIL
8837421,S14,U000133,VISUAL_ALIGNMENT,FAIL
8842530,S35,U000111,VISUAL_ALIGNMENT,PASS
8866218,S28,U000118,VISUAL_ALIGNMENT,PASS
8873866,S21,U000125,VISUAL_ALIGNMENT,PASS
8877142,S07,U000143,VISUAL_ALIGNMENT,PASS
8893013,S14,U000134,VISUAL_ALIGNMENT,PASS
8898913,S35,U000112,VISUAL_ALIGNMENT,PASS
8925966,S28,U000119,VISUAL_ALIGNMENT,PASS
8936878,S21,U000126,VISUAL_ALIGNMENT,PASS
8949272,S35,U000113,VISUAL_ALIGNMENT,PASS
8960714,S14,U000135,VISUAL_ALIGNMENT,PASS
8973658,S07,U000144,VISUAL_ALIGNMENT,PASS
8978678,S28,U000120,VISUAL_ALIGNMENT,PASS
9002902,S14,U000136,VISUAL_ALIGNMENT,PASS
9018285,S35,U000114,VISUAL_ALIGNMENT,PASS
9022562,S21,U000127,VISUAL_ALIGNMENT,PASS
9029017,S28,U000121,VISUAL_ALIGNMENT,PASS
9032486,S07,U000145,VISUAL_ALIGNMENT,PASS
9058315,S14,U000137,VISUAL_ALIGNMENT,PASS
9068802,S35,U000115,VISUAL_ALIGNMENT,PASS
9071240,S21,U000128,VISUAL_ALIGNMENT,PASS
9096248,S07,U000146,VISUAL_ALIGNMENT,PASS
9109879,S28,U000122,VISUAL_ALIGNMENT,FAIL
9113234,S14,U000138,VISUAL_ALIGNMENT,FAIL
9122022,S21,U000129,VISUAL_ALIGNMENT,PASS
9140116,S35,U000116,VISUAL_ALIGNMENT,PASS
9152676,S07,U000147,VISUAL_ALIGNMENT,PASS
9170632,S28,U000123,VISUAL_ALIGNMENT,PASS
9179795,S14,U000139,VISUAL_ALIGNMENT,PASS
9200093,S35,U000117,VISUAL_ALIGNMENT,PASS
9202453,S21,U000130,VISUAL_ALIGNMENT,PASS
9209443,S28,U000124,VISUAL_ALIGNMENT,PASS
9210096,S07,U000148,VISUAL_ALIGNMENT,PASS
9240952,S14,U000140,VISUAL_ALIGNMENT,PASS
9275063,S35,U000118,VISUAL_ALIGNMENT,PASS
9280529,S07,U000149,VISUAL_ALIGNMENT,PASS
9298003,S14,U000141,VISUAL_ALIGNMENT,PASS
9301215,S21,U000131,VISUAL_ALIGNMENT,PASS
9315631,S28,U000125,VISUAL_ALIGNMENT,PASS
9340755,S35,U000119,VISUAL_ALIGNMENT,PASS
9344006,S07,U000150,VISUAL_ALIGNMENT,FAIL
9356049,S14,U000142,VISUAL_ALIGNMENT,PASS
9361596,S21,U000132,VISUAL_ALIGNMENT,PASS
9383555,S28,U000126,VISUAL_ALIGNMENT,PASS
9402639,S35,U000120,VISUAL_ALIGNMENT,PASS
9420374,S21,U000133,VISUAL_ALIGNMENT,PASS
9429943,S07,U000151,VISUAL_ALIGNMENT,PASS
9434434,S28,U000127,VISUAL_ALIGNMENT,PASS
9454369,S14,U000143,VISUAL_ALIGNMENT,PASS
9465517,S35,U000121,VISUAL_ALIGNMENT,PASS
9476537,S07,U000152,VISUAL_ALIGNMENT,PASS
9484209,S21,U000134,VISUAL_ALIGNMENT,PASS
9499927,S28,U000128,VISUAL_ALIGNMENT,PASS
9528249,S14,U000144,VISUAL_ALIGNMENT,PASS
9538658,S35,U000122,VISUAL_ALIGNMENT,PASS
9546246,S21,U000135,VISUAL_ALIGNMENT,PASS
9562047,S07,U000153,VISUAL_ALIGNMENT,PASS
9587582,S28,U000129,VISUAL_ALIGNMENT,PASS
9588310,S35,U000123,VISUAL_ALIGNMENT,PASS
9590697,S14,U000145,VISUAL_ALIGNMENT,PASS
9605171,S21,U000136,VISUAL_ALIGNMENT,PASS
9621680,S07,U000154,VISUAL_ALIGNMENT,PASS
9646450,S28,U000130,VISUAL_ALIGNMENT,PASS
9654396,S35,U000124,VISUAL_ALIGNMENT,FAIL
9662748,S14,U000146,VISUAL_ALIGNMENT,PASS
9674177,S07,U000155,VISUAL_ALIGNMENT,PASS
9680256,S21,U000137,VISUAL_ALIGNMENT,PASS
9700461,S28,U000131,VISUAL_ALIGNMENT,PASS
9723501,S14,U000147,VISUAL_ALIGNMENT,PASS
9724656,S35,U000125,VISUAL_ALIGNMENT,PASS
9725395,S07,U000156,VISUAL_ALIGNMENT,PASS
9758293,S21,U000138,VISUAL_ALIGNMENT,FAIL
9773900,S28,U000132,VISUAL_ALIGNMENT,PASS
9781968,S14,U000148,VISUAL_ALIGNMENT,PASS
9787342,S07,U000157,VISUAL_ALIGNMENT,PASS
9791249,S35,U000126,VISUAL_ALIGNMENT,FAIL
9828668,S28,U000133,VISUAL_ALIGNMENT,PASS
9832730,S14,U000149,VISUAL_ALIGNMENT,PASS
9833928,S21,U000139,VISUAL_ALIGNMENT,PASS
9856471,S07,U000158,VISUAL_ALIGNMENT,PASS
9869609,S35,U000127,VISUAL_ALIGNMENT,PASS
9883955,S28,U000134,VISUAL_ALIGNMENT,PASS
9901874,S21,U000140,VISUAL_ALIGNMENT,PASS
9906525,S07,U000159,VISUAL_ALIGNMENT,PASS
9913403,S14,U000150,VISUAL_ALIGNMENT,FAIL
9937690,S35,U000128,VISUAL_ALIGNMENT,PASS
9960926,S07,U000160,VISUAL_ALIGNMENT,FAIL
9963289,S14,U000151,VISUAL_ALIGNMENT,PASS
9964723,S28,U000135,VISUAL_ALIGNMENT,PASS
9964802,S21,U000141,VISUAL_ALIGNMENT,PASS
10020800,S21,U000142,VISUAL_ALIGNMENT,PASS
10021348,S14,U000152,VISUAL_ALIGNMENT,PASS
10026168,S35,U000129,VISUAL_ALIGNMENT,PASS
10031613,S28,U000136,VISUAL_ALIGNMENT,PASS
10046039,S07,U000161,VISUAL_ALIGNMENT,PASS
10081431,S14,U000153,VISUAL_ALIGNMENT,PASS
10081635,S21,U000143,VISUAL_ALIGNMENT,PASS
10088965,S35,U000130,VISUAL_ALIGNMENT,PASS
10098324,S28,U000137,VISUAL_ALIGNMENT,PASS
10109519,S07,U000162,VISUAL_ALIGNMENT,PASS
10124420,S14,U000154,VISUAL_ALIGNMENT,PASS
10139533,S35,U000131,VISUAL_ALIGNMENT,PASS
10152352,S21,U000144,VISUAL_ALIGNMENT,PASS
10161713,S28,U000138,VISUAL_ALIGNMENT,PASS
10168796,S07,U000163,VISUAL_ALIGNMENT,PASS
10186430,S35,U000132,VISUAL_ALIGNMENT,PASS
10190842,S14,U000155,VISUAL_ALIGNMENT,PASS
10212757,S21,U000145,VISUAL_ALIGNMENT,PASS
10220643,S28,U000139,VISUAL_ALIGNMENT,PASS
10228777,S07,U000164,VISUAL_ALIGNMENT,PASS
10243051,S35,U000133,VISUAL_ALIGNMENT,PASS
10248287,S14,U000156,VISUAL_ALIGNMENT,PASS
10271420,S21,U000146,VISUAL_ALIGNMENT,PASS
10284517,S07,U000165,VISUAL_ALIGNMENT,PASS
10291293,S28,U000140,VISUAL_ALIGNMENT,PASS
10304902,S35,U000134,VISUAL_ALIGNMENT,PASS
10315170,S14,U000157,VISUAL_ALIGNMENT,PASS
10335484,S21,U000147,VISUAL_ALIGNMENT,FAIL
10349850,S07,U000166,VISUAL_ALIGNMENT,PASS
10363666,S35,U000135,VISUAL_ALIGNMENT,PASS
10369573,S28,U000141,VISUAL_ALIGNMENT,PASS
10380024,S14,U000158,VISUAL_ALIGNMENT,PASS
10401964,S07,U000167,VISUAL_ALIGNMENT,PASS
10405968,S21,U000148,VISUAL_ALIGNMENT,PASS
10426282,S35,U000136,VISUAL_ALIGNMENT,FAIL
10435655,S28,U000142,VISUAL_ALIGNMENT,PASS
10442909,S14,U000159,VISUAL_ALIGNMENT,PASS
10471781,S21,U000149,VISUAL_ALIGNMENT,PASS
10481317,S07,U000168,VISUAL_ALIGNMENT,PASS
10486910,S28,U000143,VISUAL_ALIGNMENT,PASS
10489702,S35,U000137,VISUAL_ALIGNMENT,PASS
10509585,S14,U000160,VISUAL_ALIGNMENT,PASS
10514333,S21,U000150,VISUAL_ALIGNMENT,PASS
10539325,S35,U000138,VISUAL_ALIGNMENT,PASS
10540695,S07,U000169,VISUAL_ALIGNMENT,PASS
10540861,S28,U000144,VISUAL_ALIGNMENT,PASS
10559849,S14,U000161,VISUAL_ALIGNMENT,PASS
10574743,S21,U000151,VISUAL_ALIGNMENT,PASS
10594315,S28,U000145,VISUAL_ALIGNMENT,PASS
10603834,S35,U000139,VISUAL_ALIGNMENT,PASS
10627389,S14,U000162,VISUAL_ALIGNMENT,PASS
10632452,S07,U000170,VISUAL_ALIGNMENT,PASS
10644362,S21,U000152,VISUAL_ALIGNMENT,PASS
10656596,S28,U000146,VISUAL_ALIGNMENT,PASS
10660372,S35,U000140,VISUAL_ALIGNMENT,PASS
10683602,S14,U000163,VISUAL_ALIGNMENT,PASS
10691179,S07,U000171,VISUAL_ALIGNMENT,PASS
10701083,S21,U000153,VISUAL_ALIGNMENT,PASS
10716023,S28,U000147,VISUAL_ALIGNMENT,PASS
10721853,S35,U000141,VISUAL_ALIGNMENT,PASS
10740762,S07,U000172,VISUAL_ALIGNMENT,PASS
10745081,S14,U000164,VISUAL_ALIGNMENT,PASS
10758651,S21,U000154,VISUAL_ALIGNMENT,PASS
10766538,S35,U000142,VISUAL_ALIGNMENT,PASS
10767297,S28,U000148,VISUAL_ALIGNMENT,PASS
10802043,S07,U000173,VISUAL_ALIGNMENT,PASS
10804191,S14,U000165,VISUAL_ALIGNMENT,PASS
10810026,S21,U000155,VISUAL_ALIGNMENT,PASS
10824821,S35,U000143,VISUAL_ALIGNMENT,PASS
10842113,S28,U000149,VISUAL_ALIGNMENT,PASS
10865345,S07,U000174,VISUAL_ALIGNMENT,PASS
10872522,S14,U000166,VISUAL_ALIGNMENT,PASS
10874510,S21,U000156,VISUAL_ALIGNMENT,PASS
10895008,S35,U000144,VISUAL_ALIGNMENT,PASS
10902826,S28,U000150,VISUAL_ALIGNMENT,FAIL
10916118,S07,U000175,VISUAL_ALIGNMENT,PASS
10921794,S14,U000167,VISUAL_ALIGNMENT,PASS
10931747,S21,U000157,VISUAL_ALIGNMENT,PASS
10952701,S28,U000151,VISUAL_ALIGNMENT,PASS
10960642,S35,U000145,VISUAL_ALIGNMENT,PASS
10969541,S07,U000176,VISUAL_ALIGNMENT,PASS
10990911,S21,U000158,VISUAL_ALIGNMENT,PASS
10994913,S14,U000168,VISUAL_ALIGNMENT,PASS
11019917,S35,U000146,VISUAL_ALIGNMENT,PASS
11026393,S07,U000177,VISUAL_ALIGNMENT,PASS
11030290,S28,U000152,VISUAL_ALIGNMENT,PASS
11044757,S21,U000159,VISUAL_ALIGNMENT,PASS
11050256,S14,U000169,VISUAL_ALIGNMENT,PASS
11082773,S35,U000147,VISUAL_ALIGNMENT,PASS
11090889,S07,U000178,VISUAL_ALIGNMENT,PASS
11094953,S28,U000153,VISUAL_ALIGNMENT,PASS
11101779,S21,U000160,VISUAL_ALIGNMENT,PASS
11105767,S14,U000170,VISUAL_ALIGNMENT,PASS
11132434,S35,U000148,VISUAL_ALIGNMENT,PASS
11144422,S28,U000154,VISUAL_ALIGNMENT,PASS
11155659,S14,U000171,VISUAL_ALIGNMENT,PASS
11156213,S07,U000179,VISUAL_ALIGNMENT,PASS
11172782,S21,U000161,VISUAL_ALIGNMENT,PASS
11180738,S35,U000149,VISUAL_ALIGNMENT,PASS
11197473,S28,U000155,VISUAL_ALIGNMENT,PASS
11211319,S07,U000180,VISUAL_ALIGNMENT,PASS
11217978,S14,U000172,VISUAL_ALIGNMENT,PASS
11229182,S21,U000162,VISUAL_ALIGNMENT,PASS
11247483,S35,U000150,VISUAL_ALIGNMENT,PASS
11262201,S14,U000173,VISUAL_ALIGNMENT,PASS
11267114,S07,U000181,VISUAL_ALIGNMENT,PASS
11275443,S28,U000156,VISUAL_ALIGNMENT,PASS
11282355,S21,U000163,VISUAL_ALIGNMENT,FAIL
11313214,S07,U000182,VISUAL_ALIGNMENT,PASS
11313329,S35,U000151,VISUAL_ALIGNMENT,PASS
11321092,S28,U000157,VISUAL_ALIGNMENT,PASS
11334860,S21,U000164,VISUAL_ALIGNMENT,PASS
11337372,S14,U000174,VISUAL_ALIGNMENT,PASS
11363449,S35,U000152,VISUAL_ALIGNMENT,PASS
11375394,S07,U000183,VISUAL_ALIGNMENT,PASS
11375500,S28,U000158,VISUAL_ALIGNMENT,PASS
11392783,S14,U000175,VISUAL_ALIGNMENT,PASS
11398415,S21,U000165,VISUAL_ALIGNMENT,PASS
11423374,S07,U000184,VISUAL_ALIGNMENT,PASS
11430844,S14,U000176,VISUAL_ALIGNMENT,PASS
11432952,S35,U000153,VISUAL_ALIGNMENT,PASS
11449917,S21,U000166,VISUAL_ALIGNMENT,PASS
11459444,S28,U000159,VISUAL_ALIGNMENT,PASS
11486990,S35,U000154,VISUAL_ALIGNMENT,PASS
11493735,S07,U000185,VISUAL_ALIGNMENT,PASS
11506257,S14,U000177,VISUAL_ALIGNMENT,PASS
11507405,S21,U000167,VISUAL_ALIGNMENT,PASS
11514518,S28,U000160,VISUAL_ALIGNMENT,PASS
11548172,S21,U000168,VISUAL_ALIGNMENT,PASS
11550815,S35,U000155,VISUAL_ALIGNMENT,PASS
11553091,S07,U000186,VISUAL_ALIGNMENT,PASS
11562380,S28,U000161,VISUAL_ALIGNMENT,PASS
11571755,S14,U000178,VISUAL_ALIGNMENT,PASS
11596558,S21,U000169,VISUAL_ALIGNMENT,PASS
11613093,S07,U000187,VISUAL_ALIGNMENT,PASS
11615993,S14,U000179,VISUAL_ALIGNMENT,PASS
11628614,S35,U000156,VISUAL_ALIGNMENT,PASS
11634157,S28,U000162,VISUAL_ALIGNMENT,PASS
11637164,S21,U000170,VISUAL_ALIGNMENT,FAIL
11666022,S07,U000188,VISUAL_ALIGNMENT,PASS
11682874,S35,U000157,VISUAL_ALIGNMENT,PASS
11691003,S14,U000180,VISUAL_ALIGNMENT,PASS
11694382,S21,U000171,VISUAL_ALIGNMENT,PASS
11721533,S28,U000163,VISUAL_ALIGNMENT,PASS
11741668,S35,U000158,VISUAL_ALIGNMENT,PASS
11742912,S21,U000172,VISUAL_ALIGNMENT,PASS
11752862,S07,U000189,VISUAL_ALIGNMENT,PASS
11757747,S14,U000181,VISUAL_ALIGNMENT,PASS
11794012,S21,U000173,VISUAL_ALIGNMENT,PASS
11797443,S28,U000164,VISUAL_ALIGNMENT,PASS
11799872,S07,U000190,VISUAL_ALIGNMENT,PASS
11809046,S35,U000159,VISUAL_ALIGNMENT,PASS
11825074,S14,U000182,VISUAL_ALIGNMENT,PASS
11843595,S21,U000174,VISUAL_ALIGNMENT,PASS
11849561,S07,U000191,VISUAL_ALIGNMENT,PASS
11862552,S28,U000165,VISUAL_ALIGNMENT,PASS
11874219,S35,U000160,VISUAL_ALIGNMENT,PASS
11877533,S14,U000183,VISUAL_ALIGNMENT,PASS
11902088,S07,U000192,VISUAL_ALIGNMENT,PASS
11915176,S21,U000175,VISUAL_ALIGNMENT,PASS
11917050,S28,U000166,VISUAL_ALIGNMENT,PASS
11932256,S35,U000161,VISUAL_ALIGNMENT,PASS
11933551,S14,U000184,VISUAL_ALIGNMENT,PASS
11942705,S07,U000193,VISUAL_ALIGNMENT,PASS
11976106,S28,U000167,VISUAL_ALIGNMENT,PASS
11986030,S21,U000176,VISUAL_ALIGNMENT,PASS
11997693,S07,U000194,VISUAL_ALIGNMENT,PASS
12002354,S35,U000162,VISUAL_ALIGNMENT,PASS
12010000,S14,U000185,VISUAL_ALIGNMENT,PASS
12052353,S21,U000177,VISUAL_ALIGNMENT,PASS
12061555,S07,U000195,VISUAL_ALIGNMENT,PASS
12063374,S35,U000163,VISUAL_ALIGNMENT,FAIL
12073257,S14,U000186,VISUAL_ALIGNMENT,PASS
12081891,S28,U000168,VISUAL_ALIGNMENT,PASS
12113580,S21,U000178,VISUAL_ALIGNMENT,PASS
12145060,S35,U000164,VISUAL_ALIGNMENT,PASS
12146255,S07,U000196,VISUAL_ALIGNMENT,PASS
12156057,S14,U000187,VISUAL_ALIGNMENT,PASS
12165889,S28,U000169,VISUAL_ALIGNMENT,PASS
12180187,S21,U000179,VISUAL_ALIGNMENT,PASS
12192832,S07,U000197,VISUAL_ALIGNMENT,PASS
12213233,S35,U000165,VISUAL_ALIGNMENT,PASS
12216457,S14,U000188,VISUAL_ALIGNMENT,PASS
12218503,S21,U000180,VISUAL_ALIGNMENT,PASS
12235484,S28,U000170,VISUAL_ALIGNMENT,PASS
12265469,S07,U000198,VISUAL_ALIGNMENT,FAIL
12267332,S35,U000166,VISUAL_ALIGNMENT,PASS
12270911,S14,U000189,VISUAL_ALIGNMENT,PASS
12274625,S21,U000181,VISUAL_ALIGNMENT,PASS
12291237,S28,U000171,VISUAL_ALIGNMENT,PASS
12312773,S07,U000199,VISUAL_ALIGNMENT,PASS
12324468,S21,U000182,VISUAL_ALIGNMENT,PASS
12324556,S14,U000190,VISUAL_ALIGNMENT,PASS
12358959,S35,U000167,VISUAL_ALIGNMENT,PASS
12361918,S28,U000172,VISUAL_ALIGNMENT,PASS
12367632,S07,U000200,VISUAL_ALIGNMENT,PASS
12380967,S14,U000191,VISUAL_ALIGNMENT,PASS
12391157,S21,U000183,VISUAL_ALIGNMENT,PASS
12414314,S28,U000173,VISUAL_ALIGNMENT,PASS
12430921,S35,U000168,VISUAL_ALIGNMENT,PASS
12431063,S14,U000192,VISUAL_ALIGNMENT,PASS
12444175,S21,U000184,VISUAL_ALIGNMENT,PASS
12459578,S07,U000201,VISUAL_ALIGNMENT,PASS
12468732,S28,U000174,VISUAL_ALIGNMENT,PASS
12472297,S14,U000193,VISUAL_ALIGNMENT,PASS
12482196,S35,U000169,VISUAL_ALIGNMENT,PASS
12498786,S21,U000185,VISUAL_ALIGNMENT,PASS
12525132,S07,U000202,VISUAL_ALIGNMENT,PASS
12530664,S14,U000194,VISUAL_ALIGNMENT,PASS
12540963,S28,U000175,VISUAL_ALIGNMENT,PASS
12578329,S21,U000186,VISUAL_ALIGNMENT,PASS
12579266,S35,U000170,VISUAL_ALIGNMENT,FAIL
12583467,S07,U000203,VISUAL_ALIGNMENT,PASS
12591386,S28,U000176,VISUAL_ALIGNMENT,PASS
12615759,S14,U000195,VISUAL_ALIGNMENT,PASS
12639572,S35,U000171,VISUAL_ALIGNMENT,PASS
12643754,S07,U000204,VISUAL_ALIGNMENT,PASS
12652851,S21,U000187,VISUAL_ALIGNMENT,PASS
12661723,S28,U000177,VISUAL_ALIGNMENT,PASS
12690221,S35,U000172,VISUAL_ALIGNMENT,PASS
12699328,S14,U000196,VISUAL_ALIGNMENT,PASS
12707721,S07,U000205,VISUAL_ALIGNMENT,PASS
12719055,S21,U000188,VISUAL_ALIGNMENT,PASS
12728594,S28,U000178,VISUAL_ALIGNMENT,PASS
12753226,S14,U000197,VISUAL_ALIGNMENT,PASS
12762278,S07,U000206,VISUAL_ALIGNMENT,PASS
12766040,S21,U000189,VISUAL_ALIGNMENT,PASS
12766916,S35,U000173,VISUAL_ALIGNMENT,PASS
12796432,S28,U000179,VISUAL_ALIGNMENT,PASS
12800545,S14,U000198,VISUAL_ALIGNMENT,PASS
12809355,S07,U000207,VISUAL_ALIGNMENT,PASS
12823556,S21,U000190,VISUAL_ALIGNMENT,PASS
12830316,S35,U000174,VISUAL_ALIGNMENT,PASS
12847014,S28,U000180,VISUAL_ALIGNMENT,PASS
12855361,S14,U000199,VISUAL_ALIGNMENT,PASS
12861576,S07,U000208,VISUAL_ALIGNMENT,PASS
12889993,S35,U000175,VISUAL_ALIGNMENT,PASS
12891710,S21,U000191,VISUAL_ALIGNMENT,PASS
12906374,S28,U000181,VISUAL_ALIGNMENT,PASS
12917661,S14,U000200,VISUAL_ALIGNMENT,PASS
12922440,S07,U000209,VISUAL_ALIGNMENT,PASS
12947922,S21,U000192,VISUAL_ALIGNMENT,PASS
12948728,S35,U000176,VISUAL_ALIGNMENT,PASS
12970461,S14,U000201,VISUAL_ALIGNMENT,PASS
12971908,S28,U000182,VISUAL_ALIGNMENT,PASS
12975916,S07,U000210,VISUAL_ALIGNMENT,PASS
13009380,S28,U000183,VISUAL_ALIGNMENT,PASS
13017363,S14,U000202,VISUAL_ALIGNMENT,PASS
13017366,S35,U000177,VISUAL_ALIGNMENT,PASS
13018760,S21,U000193,VISUAL_ALIGNMENT,PASS
13037152,S07,U000211,VISUAL_ALIGNMENT,PASS
13056632,S28,U000184,VISUAL_ALIGNMENT,PASS
13075179,S14,U000203,VISUAL_ALIGNMENT,PASS
13085851,S21,U000194,VISUAL_ALIGNMENT,PASS
13090225,S28,U000185,VISUAL_ALIGNMENT,FAIL
13090687,S35,U000178,VISUAL_ALIGNMENT,PASS
13096981,S07,U000212,VISUAL_ALIGNMENT,PASS
13138037,S14,U000204,VISUAL_ALIGNMENT,PASS
13139070,S07,U000213,VISUAL_ALIGNMENT,PASS
13142913,S28,U000186,VISUAL_ALIGNMENT,PASS
13149130,S35,U000179,VISUAL_ALIGNMENT,PASS
13168360,S21,U000195,VISUAL_ALIGNMENT,PASS
13201444,S28,U000187,VISUAL_ALIGNMENT,FAIL
13204540,S07,U000214,VISUAL_ALIGNMENT,PASS
13206093,S35,U000180,VISUAL_ALIGNMENT,PASS
13207615,S14,U000205,VISUAL_ALIGNMENT,PASS
13259899,S14,U000206,VISUAL_ALIGNMENT,PASS
13265341,S21,U000196,VISUAL_ALIGNMENT,PASS
13265809,S35,U000181,VISUAL_ALIGNMENT,PASS
13272606,S07,U000215,VISUAL_ALIGNMENT,PASS
13281603,S28,U000188,VISUAL_ALIGNMENT,PASS
13310685,S35,U000182,VISUAL_ALIGNMENT,PASS
13311955,S14,U000207,VISUAL_ALIGNMENT,PASS
13338050,S07,U000216,VISUAL_ALIGNMENT,PASS
13341036,S28,U000189,VISUAL_ALIGNMENT,PASS
13353693,S21,U000197,VISUAL_ALIGNMENT,PASS
13366674,S14,U000208,VISUAL_ALIGNMENT,PASS
13384432,S35,U000183,VISUAL_ALIGNMENT,PASS
13390304,S28,U000190,VISUAL_ALIGNMENT,PASS
13412923,S14,U000209,VISUAL_ALIGNMENT,PASS
13415480,S07,U000217,VISUAL_ALIGNMENT,PASS
13424339,S21,U000198,VISUAL_ALIGNMENT,PASS
13444008,S28,U000191,VISUAL_ALIGNMENT,PASS
13448281,S35,U000184,VISUAL_ALIGNMENT,PASS
13470109,S14,U000210,VISUAL_ALIGNMENT,PASS
13472774,S21,U000199,VISUAL_ALIGNMENT,PASS
13480270,S07,U000218,VISUAL_ALIGNMENT,PASS
13496014,S28,U000192,VISUAL_ALIGNMENT,PASS
13509590,S35,U000185,VISUAL_ALIGNMENT,PASS
13528024,S14,U000211,VISUAL_ALIGNMENT,PASS
13533667,S21,U000200,VISUAL_ALIGNMENT,PASS
13536264,S07,U000219,VISUAL_ALIGNMENT,PASS
13565915,S28,U000193,VISUAL_ALIGNMENT,PASS
13571784,S35,U000186,VISUAL_ALIGNMENT,PASS
13582894,S21,U000201,VISUAL_ALIGNMENT,PASS
13592490,S07,U000220,VISUAL_ALIGNMENT,PASS
13593521,S14,U000212,VISUAL_ALIGNMENT,PASS
13617337,S28,U000194,VISUAL_ALIGNMENT,PASS
13631299,S35,U000187,VISUAL_ALIGNMENT,PASS
13632440,S14,U000213,VISUAL_ALIGNMENT,PASS
13645156,S21,U000202,VISUAL_ALIGNMENT,PASS
13661081,S07,U000221,VISUAL_ALIGNMENT,PASS
13679273,S28,U000195,VISUAL_ALIGNMENT,PASS
13681306,S35,U000188,VISUAL_ALIGNMENT,PASS
13695711,S21,U000203,VISUAL_ALIGNMENT,PASS
13702044,S14,U000214,VISUAL_ALIGNMENT,PASS
13715271,S07,U000222,VISUAL_ALIGNMENT,PASS
13747762,S35,U000189,VISUAL_ALIGNMENT,PASS
13749901,S28,U000196,VISUAL_ALIGNMENT,PASS
13762974,S14,U000215,VISUAL_ALIGNMENT,PASS
13770535,S07,U000223,VISUAL_ALIGNMENT,PASS
13771668,S21,U000204,VISUAL_ALIGNMENT,PASS
13799160,S28,U000197,VISUAL_ALIGNMENT,PASS
13809714,S35,U000190,VISUAL_ALIGNMENT,PASS
13814303,S07,U000224,VISUAL_ALIGNMENT,PASS
13824390,S14,U000216,VISUAL_ALIGNMENT,PASS
13834608,S21,U000205,VISUAL_ALIGNMENT,PASS
13852250,S28,U000198,VISUAL_ALIGNMENT,PASS
13859089,S07,U000225,VISUAL_ALIGNMENT,PASS
13864024,S35,U000191,VISUAL_ALIGNMENT,PASS
13892908,S21,U000206,VISUAL_ALIGNMENT,FAIL
13919151,S14,U000217,VISUAL_ALIGNMENT,PASS
13925729,S07,U000226,VISUAL_ALIGNMENT,PASS
13936214,S35,U000192,VISUAL_ALIGNMENT,PASS
13954258,S28,U000199,VISUAL_ALIGNMENT,PASS
13965883,S14,U000218,VISUAL_ALIGNMENT,PASS
13967130,S21,U000207,VISUAL_ALIGNMENT,PASS
13970004,S07,U000227,VISUAL_ALIGNMENT,PASS
14002213,S28,U000200,VISUAL_ALIGNMENT,PASS
14002258,S35,U000193,VISUAL_ALIGNMENT,PASS
14019783,S21,U000208,VISUAL_ALIGNMENT,PASS
14031875,S07,U000228,VISUAL_ALIGNMENT,PASS
14043544,S14,U000219,VISUAL_ALIGNMENT,PASS
14050994,S28,U000201,VISUAL_ALIGNMENT,PASS
14054084,S35,U000194,VISUAL_ALIGNMENT,PASS
14086012,S14,U000220,VISUAL_ALIGNMENT,PASS
14090896,S21,U000209,VISUAL_ALIGNMENT,PASS
14109445,S07,U000229,VISUAL_ALIGNMENT,PASS
14114283,S28,U000202,VISUAL_ALIGNMENT,PASS
14122610,S35,U000195,VISUAL_ALIGNMENT,PASS
14134612,S14,U000221,VISUAL_ALIGNMENT,PASS
14143720,S21,U000210,VISUAL_ALIGNMENT,PASS
14148767,S28,U000203,VISUAL_ALIGNMENT,PASS
14162683,S07,U000230,VISUAL_ALIGNMENT,PASS
14179958,S14,U000222,VISUAL_ALIGNMENT,PASS
14187997,S35,U000196,VISUAL_ALIGNMENT,PASS
14201015,S21,U000211,VISUAL_ALIGNMENT,PASS
14220543,S07,U000231,VISUAL_ALIGNMENT,PASS
14243296,S28,U000204,VISUAL_ALIGNMENT,PASS
14251003,S21,U000212,VISUAL_ALIGNMENT,FAIL
14251596,S35,U000197,VISUAL_ALIGNMENT,PASS
14261126,S14,U000223,VISUAL_ALIGNMENT,PASS
14282294,S07,U000232,VISUAL_ALIGNMENT,PASS
14303749,S28,U000205,VISUAL_ALIGNMENT,PASS
14311199,S35,U000198,VISUAL_ALIGNMENT,PASS
14314169,S14,U000224,VISUAL_ALIGNMENT,PASS
14315103,S21,U000213,VISUAL_ALIGNMENT,PASS
14355474,S07,U000233,VISUAL_ALIGNMENT,PASS
14368342,S21,U000214,VISUAL_ALIGNMENT,PASS
14371161,S28,U000206,VISUAL_ALIGNMENT,PASS
14372967,S14,U000225,VISUAL_ALIGNMENT,PASS
14377473,S35,U000199,VISUAL_ALIGNMENT,PASS
14408961,S07,U000234,VISUAL_ALIGNMENT,PASS
14409235,S21,U000215,VISUAL_ALIGNMENT,PASS
14424114,S35,U000200,VISUAL_ALIGNMENT,PASS
14426367,S14,U000226,VISUAL_ALIGNMENT,PASS
14441766,S28,U000207,VISUAL_ALIGNMENT,PASS
14463225,S07,U000235,VISUAL_ALIGNMENT,PASS
14473445,S21,U000216,VISUAL_ALIGNMENT,PASS
14482828,S28,U000208,VISUAL_ALIGNMENT,PASS
14494753,S35,U000201,VISUAL_ALIGNMENT,PASS
14496407,S14,U000227,VISUAL_ALIGNMENT,PASS
14508923,S21,U000217,VISUAL_ALIGNMENT,PASS
14522143,S07,U000236,VISUAL_ALIGNMENT,PASS
14537666,S28,U000209,VISUAL_ALIGNMENT,PASS
14552288,S14,U000228,VISUAL_ALIGNMENT,PASS
14557922,S21,U000218,VISUAL_ALIGNMENT,PASS
14558477,S35,U000202,VISUAL_ALIGNMENT,PASS
14594261,S28,U000210,VISUAL_ALIGNMENT,PASS
14601459,S07,U000237,VISUAL_ALIGNMENT,PASS
14604612,S21,U000219,VISUAL_ALIGNMENT,PASS
14614025,S14,U000229,VISUAL_ALIGNMENT,PASS
14616281,S35,U000203,VISUAL_ALIGNMENT,PASS
14640677,S28,U000211,VISUAL_ALIGNMENT,PASS
14663328,S21,U000220,VISUAL_ALIGNMENT,PASS
14663843,S07,U000238,VISUAL_ALIGNMENT,PASS
14673084,S35,U000204,VISUAL_ALIGNMENT,PASS
14679323,S14,U000230,VISUAL_ALIGNMENT,PASS
14713555,S28,U000212,VISUAL_ALIGNMENT,PASS
14715967,S21,U000221,VISUAL_ALIGNMENT,PASS
14724090,S07,U000239,VISUAL_ALIGNMENT,FAIL
14733758,S35,U000205,VISUAL_ALIGNMENT,PASS
14749449,S14,U000231,VISUAL_ALIGNMENT,PASS
14774035,S21,U000222,VISUAL_ALIGNMENT,PASS
14776640,S07,U000240,VISUAL_ALIGNMENT,PASS
14789687,S28,U000213,VISUAL_ALIGNMENT,PASS
14803999,S35,U000206,VISUAL_ALIGNMENT,PASS
14820028,S14,U000232,VISUAL_ALIGNMENT,PASS
14826831,S07,U000241,VISUAL_ALIGNMENT,PASS
14829491,S21,U000223,VISUAL_ALIGNMENT,PASS
14851271,S28,U000214,VISUAL_ALIGNMENT,PASS
14868071,S35,U000207,VISUAL_ALIGNMENT,PASS
14869841,S14,U000233,VISUAL_ALIGNMENT,PASS
14884342,S21,U000224,VISUAL_ALIGNMENT,PASS
14885300,S07,U000242,VISUAL_ALIGNMENT,PASS
14900560,S28,U000215,VISUAL_ALIGNMENT,PASS
14921182,S14,U000234,VISUAL_ALIGNMENT,PASS
14926314,S35,U000208,VISUAL_ALIGNMENT,PASS
14935544,S21,U000225,VISUAL_ALIGNMENT,PASS
14942606,S07,U000243,VISUAL_ALIGNMENT,PASS
14956601,S28,U000216,VISUAL_ALIGNMENT,PASS
14988476,S35,U000209,VISUAL_ALIGNMENT,PASS
15000715,S14,U000235,VISUAL_ALIGNMENT,PASS
15005768,S07,U000244,VISUAL_ALIGNMENT,PASS
15006840,S28,U000217,VISUAL_ALIGNMENT,PASS
15028238,S21,U000226,VISUAL_ALIGNMENT,PASS
15044366,S35,U000210,VISUAL_ALIGNMENT,PASS
15057145,S14,U000236,VISUAL_ALIGNMENT,PASS
15064436,S07,U000245,VISUAL_ALIGNMENT,PASS
15090797,S28,U000218,VISUAL_ALIGNMENT,PASS
15092616,S21,U000227,VISUAL_ALIGNMENT,PASS
15111549,S14,U000237,VISUAL_ALIGNMENT,PASS
15113578,S07,U000246,VISUAL_ALIGNMENT,PASS
15132077,S35,U000211,VISUAL_ALIGNMENT,PASS
15148456,S21,U000228,VISUAL_ALIGNMENT,PASS
15150552,S28,U000219,VISUAL_ALIGNMENT,PASS
15175635,S14,U000238,VISUAL_ALIGNMENT,PASS
15179596,S07,U000247,VISUAL_ALIGNMENT,PASS
15188147,S35,U000212,VISUAL_ALIGNMENT,PASS
15201261,S21,U000229,VISUAL_ALIGNMENT,PASS
15228268,S14,U000239,VISUAL_ALIGNMENT,FAIL
15229503,S28,U000220,VISUAL_ALIGNMENT,PASS
15250440,S35,U000213,VISUAL_ALIGNMENT,FAIL
15250616,S07,U000248,VISUAL_ALIGNMENT,PASS
15256514,S21,U000230,VISUAL_ALIGNMENT,PASS
15279352,S14,U000240,VISUAL_ALIGNMENT,PASS
15296246,S28,U000221,VISUAL_ALIGNMENT,PASS
15311490,S21,U000231,VISUAL_ALIGNMENT,PASS
15315054,S35,U000214,VISUAL_ALIGNMENT,PASS
15316247,S07,U000249,VISUAL_ALIGNMENT,PASS
15357039,S21,U000232,VISUAL_ALIGNMENT,PASS
15362542,S28,U000222,VISUAL_ALIGNMENT,PASS
15365966,S14,U000241,VISUAL_ALIGNMENT,PASS
15373560,S35,U000215,VISUAL_ALIGNMENT,PASS
15394427,S07,U000250,VISUAL_ALIGNMENT,PASS
15411037,S21,U000233,VISUAL_ALIGNMENT,PASS
15424434,S14,U000242,VISUAL_ALIGNMENT,PASS
15428733,S28,U000223,VISUAL_ALIGNMENT,PASS
15440830,S35,U000216,VISUAL_ALIGNMENT,PASS
15463317,S07,U000251,VISUAL_ALIGNMENT,PASS
15468862,S21,U000234,VISUAL_ALIGNMENT,PASS
15490432,S35,U000217,VISUAL_ALIGNMENT,PASS
15496482,S14,U000243,VISUAL_ALIGNMENT,PASS
15499848,S28,U000224,VISUAL_ALIGNMENT,PASS
15530286,S35,U000218,VISUAL_ALIGNMENT,PASS
15531638,S07,U000252,VISUAL_ALIGNMENT,PASS
15537545,S21,U000235,VISUAL_ALIGNMENT,PASS
15555150,S14,U000244,VISUAL_ALIGNMENT,PASS
15555679,S28,U000225,VISUAL_ALIGNMENT,PASS
15583449,S35,U000219,VISUAL_ALIGNMENT,PASS
15588273,S07,U000253,VISUAL_ALIGNMENT,PASS
15603592,S21,U000236,VISUAL_ALIGNMENT,PASS
15605319,S28,U000226,VISUAL_ALIGNMENT,PASS
15606299,S14,U000245,VISUAL_ALIGNMENT,PASS
15630587,S35,U000220,VISUAL_ALIGNMENT,PASS
15639312,S07,U000254,VISUAL_ALIGNMENT,PASS
15649293,S21,U000237,VISUAL_ALIGNMENT,PASS
15665119,S28,U000227,VISUAL_ALIGNMENT,PASS
15676721,S14,U000246,VISUAL_ALIGNMENT,PASS
15705195,S21,U000238,VISUAL_ALIGNMENT,PASS
15705700,S07,U000255,VISUAL_ALIGNMENT,PASS
15715967,S28,U000228,VISUAL_ALIGNMENT,PASS
15718373,S35,U000221,VISUAL_ALIGNMENT,PASS
15737503,S14,U000247,VISUAL_ALIGNMENT,PASS
15760729,S28,U000229,VISUAL_ALIGNMENT,PASS
15769052,S21,U000239,VISUAL_ALIGNMENT,PASS
15769318,S07,U000256,VISUAL_ALIGNMENT,PASS
15789689,S35,U000222,VISUAL_ALIGNMENT,PASS
15804706,S14,U000248,VISUAL_ALIGNMENT,PASS
15831457,S35,U000223,VISUAL_ALIGNMENT,PASS
15833435,S07,U000257,VISUAL_ALIGNMENT,PASS
15839545,S21,U000240,VISUAL_ALIGNMENT,PASS
15841146,S28,U000230,VISUAL_ALIGNMENT,PASS
15847770,S14,U000249,VISUAL_ALIGNMENT,PASS
15883220,S35,U000224,VISUAL_ALIGNMENT,PASS
15892666,S28,U000231,VISUAL_ALIGNMENT,PASS
15896569,S21,U000241,VISUAL_ALIGNMENT,PASS
15900792,S14,U000250,VISUAL_ALIGNMENT,PASS
15903486,S07,U000258,VISUAL_ALIGNMENT,PASS
15935412,S35,U000225,VISUAL_ALIGNMENT,PASS
15941705,S21,U000242,VISUAL_ALIGNMENT,PASS
15944820,S07,U000259,VISUAL_ALIGNMENT,PASS
15959946,S28,U000232,VISUAL_ALIGNMENT,PASS
15975137,S14,U000251,VISUAL_ALIGNMENT,PASS
15989260,S35,U000226,VISUAL_ALIGNMENT,PASS
15992922,S07,U000260,VISUAL_ALIGNMENT,PASS
15995070,S21,U000243,VISUAL_ALIGNMENT,PASS
16022938,S28,U000233,VISUAL_ALIGNMENT,FAIL
16047777,S14,U000252,VISUAL_ALIGNMENT,PASS
16050403,S35,U000227,VISUAL_ALIGNMENT,PASS
16054379,S21,U000244,VISUAL_ALIGNMENT,PASS
16063729,S07,U000261,VISUAL_ALIGNMENT,PASS
16087281,S28,U000234,VISUAL_ALIGNMENT,PASS
16090054,S14,U000253,VISUAL_ALIGNMENT,PASS
16113980,S21,U000245,VISUAL_ALIGNMENT,PASS
16127256,S07,U000262,VISUAL_ALIGNMENT,PASS
16129867,S35,U000228,VISUAL_ALIGNMENT,PASS
16142636,S14,U000254,VISUAL_ALIGNMENT,PASS
16159163,S28,U000235,VISUAL_ALIGNMENT,PASS
16171589,S21,U000246,VISUAL_ALIGNMENT,FAIL
16183706,S07,U000263,VISUAL_ALIGNMENT,PASS
16203156,S35,U000229,VISUAL_ALIGNMENT,PASS
16213422,S28,U000236,VISUAL_ALIGNMENT,PASS
16228973,S14,U000255,VISUAL_ALIGNMENT,PASS
16230143,S21,U000247,VISUAL_ALIGNMENT,PASS
16253491,S35,U000230,VISUAL_ALIGNMENT,PASS
16272291,S28,U000237,VISUAL_ALIGNMENT,PASS
16279889,S14,U000256,VISUAL_ALIGNMENT,PASS
16288447,S07,U000264,VISUAL_ALIGNMENT,PASS
16291344,S21,U000248,VISUAL_ALIGNMENT,PASS
16315357,S35,U000231,VISUAL_ALIGNMENT,PASS
16329277,S28,U000238,VISUAL_ALIGNMENT,PASS
16334864,S07,U000265,VISUAL_ALIGNMENT,PASS
16347038,S21,U000249,VISUAL_ALIGNMENT,PASS
16349488,S14,U000257,VISUAL_ALIGNMENT,PASS
16374656,S35,U000232,VISUAL_ALIGNMENT,PASS
16378887,S28,U000239,VISUAL_ALIGNMENT,FAIL
16399518,S07,U000266,VISUAL_ALIGNMENT,PASS
16406426,S14,U000258,VISUAL_ALIGNMENT,PASS
16417286,S21,U000250,VISUAL_ALIGNMENT,FAIL
16427812,S35,U000233,VISUAL_ALIGNMENT,PASS
16429701,S28,U000240,VISUAL_ALIGNMENT,PASS
16437880,S07,U000267,VISUAL_ALIGNMENT,PASS
16467859,S14,U000259,VISUAL_ALIGNMENT,PASS
16475538,S21,U000251,VISUAL_ALIGNMENT,PASS
16481283,S28,U000241,VISUAL_ALIGNMENT,PASS
16501440,S07,U000268,VISUAL_ALIGNMENT,PASS
16506685,S35,U000234,VISUAL_ALIGNMENT,PASS
16519229,S14,U000260,VISUAL_ALIGNMENT,PASS
16529102,S21,U000252,VISUAL_ALIGNMENT,FAIL
16530185,S28,U000242,VISUAL_ALIGNMENT,PASS
16549368,S07,U000269,VISUAL_ALIGNMENT,PASS
16563392,S14,U000261,VISUAL_ALIGNMENT,PASS
16571044,S35,U000235,VISUAL_ALIGNMENT,PASS
16592677,S21,U000253,VISUAL_ALIGNMENT,PASS
16604078,S28,U000243,VISUAL_ALIGNMENT,PASS
16617445,S07,U000270,VISUAL_ALIGNMENT,PASS
16638050,S35,U000236,VISUAL_ALIGNMENT,PASS
16638808,S14,U000262,VISUAL_ALIGNMENT,PASS
16654792,S21,U000254,VISUAL_ALIGNMENT,PASS
16666776,S07,U000271,VISUAL_ALIGNMENT,PASS
16678293,S28,U000244,VISUAL_ALIGNMENT,PASS
16698743,S35,U000237,VISUAL_ALIGNMENT,PASS
16704833,S14,U000263,VISUAL_ALIGNMENT,PASS
16717974,S07,U000272,VISUAL_ALIGNMENT,PASS
16722589,S21,U000255,VISUAL_ALIGNMENT,PASS
16731452,S28,U000245,VISUAL_ALIGNMENT,PASS
16754971,S35,U000238,VISUAL_ALIGNMENT,PASS
16772530,S14,U000264,VISUAL_ALIGNMENT,PASS
16777066,S07,U000273,VISUAL_ALIGNMENT,PASS
16779273,S28,U000246,VISUAL_ALIGNMENT,PASS
16781514,S21,U000256,VISUAL_ALIGNMENT,PASS
16810401,S35,U000239,VISUAL_ALIGNMENT,FAIL
16821769,S14,U000265,VISUAL_ALIGNMENT,PASS
16827791,S28,U000247,VISUAL_ALIGNMENT,PASS
16837479,S21,U000257,VISUAL_ALIGNMENT,PASS
16838081,S07,U000274,VISUAL_ALIGNMENT,PASS
16875600,S35,U000240,VISUAL_ALIGNMENT,PASS
16879620,S28,U000248,VISUAL_ALIGNMENT,PASS
16892994,S21,U000258,VISUAL_ALIGNMENT,PASS
16897198,S14,U000266,VISUAL_ALIGNMENT,PASS
16902728,S07,U000275,VISUAL_ALIGNMENT,FAIL
16937308,S35,U000241,VISUAL_ALIGNMENT,PASS
16947884,S07,U000276,VISUAL_ALIGNMENT,PASS
16953336,S21,U000259,VISUAL_ALIGNMENT,PASS
16963345,S14,U000267,VISUAL_ALIGNMENT,PASS
16970839,S28,U000249,VISUAL_ALIGNMENT,PASS
16998687,S35,U000242,VISUAL_ALIGNMENT,PASS
17004365,S07,U000277,VISUAL_ALIGNMENT,PASS
17018111,S21,U000260,VISUAL_ALIGNMENT,PASS
17021079,S14,U000268,VISUAL_ALIGNMENT,PASS
17062845,S07,U000278,VISUAL_ALIGNMENT,PASS
17062873,S21,U000261,VISUAL_ALIGNMENT,PASS
17066733,S28,U000250,VISUAL_ALIGNMENT,PASS
17067014,S35,U000243,VISUAL_ALIGNMENT,PASS
17077384,S14,U000269,VISUAL_ALIGNMENT,PASS
17114300,S35,U000244,VISUAL_ALIGNMENT,PASS
17128266,S21,U000262,VISUAL_ALIGNMENT,PASS
17131941,S28,U000251,VISUAL_ALIGNMENT,PASS
17132127,S07,U000279,VISUAL_ALIGNMENT,PASS
17165785,S35,U000245,VISUAL_ALIGNMENT,PASS
17179818,S14,U000270,VISUAL_ALIGNMENT,PASS
17181540,S07,U000280,VISUAL_ALIGNMENT,PASS
17188913,S21,U000263,VISUAL_ALIGNMENT,PASS
17194642,S28,U000252,VISUAL_ALIGNMENT,PASS
17236961,S14,U000271,VISUAL_ALIGNMENT,PASS
17249009,S07,U000281,VISUAL_ALIGNMENT,PASS
17249712,S21,U000264,VISUAL_ALIGNMENT,FAIL
17252311,S35,U000246,VISUAL_ALIGNMENT,PASS
17252917,S28,U000253,VISUAL_ALIGNMENT,PASS
17285955,S14,U000272,VISUAL_ALIGNMENT,PASS
17306721,S35,U000247,VISUAL_ALIGNMENT,PASS
17315040,S21,U000265,VISUAL_ALIGNMENT,PASS
17316109,S07,U000282,VISUAL_ALIGNMENT,PASS
17332744,S28,U000254,VISUAL_ALIGNMENT,PASS
17349066,S14,U000273,VISUAL_ALIGNMENT,PASS
17366129,S35,U000248,VISUAL_ALIGNMENT,PASS
17376063,S21,U000266,VISUAL_ALIGNMENT,FAIL
17380697,S07,U000283,VISUAL_ALIGNMENT,PASS
17398916,S28,U000255,VISUAL_ALIGNMENT,PASS
17407535,S14,U000274,VISUAL_ALIGNMENT,PASS
17429449,S21,U000267,VISUAL_ALIGNMENT,PASS
17430128,S35,U000249,VISUAL_ALIGNMENT,PASS
17451382,S28,U000256,VISUAL_ALIGNMENT,PASS
17456610,S14,U000275,VISUAL_ALIGNMENT,PASS
17473189,S35,U000250,VISUAL_ALIGNMENT,PASS
17474098,S07,U000284,VISUAL_ALIGNMENT,PASS
17489174,S21,U000268,VISUAL_ALIGNMENT,PASS
17507239,S14,U000276,VISUAL_ALIGNMENT,PASS
17524707,S28,U000257,VISUAL_ALIGNMENT,PASS
17535840,S35,U000251,VISUAL_ALIGNMENT,PASS
17541678,S07,U000285,VISUAL_ALIGNMENT,PASS
17549314,S21,U000269,VISUAL_ALIGNMENT,PASS
17574762,S14,U000277,VISUAL_ALIGNMENT,PASS
17592486,S35,U000252,VISUAL_ALIGNMENT,PASS
17597209,S28,U000258,VISUAL_ALIGNMENT,PASS
17599795,S07,U000286,VISUAL_ALIGNMENT,PASS
17608852,S21,U000270,VISUAL_ALIGNMENT,PASS
17640108,S14,U000278,VISUAL_ALIGNMENT,PASS
17648027,S35,U000253,VISUAL_ALIGNMENT,PASS
17650026,S28,U000259,VISUAL_ALIGNMENT,PASS
17661344,S21,U000271,VISUAL_ALIGNMENT,PASS
17673394,S07,U000287,VISUAL_ALIGNMENT,PASS
17691611,S14,U000279,VISUAL_ALIGNMENT,PASS
17700019,S35,U000254,VISUAL_ALIGNMENT,PASS
17716914,S28,U000260,VISUAL_ALIGNMENT,PASS
17727276,S07,U000288,VISUAL_ALIGNMENT,PASS
17729155,S21,U000272,VISUAL_ALIGNMENT,PASS
17740108,S35,U000255,VISUAL_ALIGNMENT,PASS
17759296,S14,U000280,VISUAL_ALIGNMENT,FAIL
17767673,S28,U000261,VISUAL_ALIGNMENT,FAIL
17776118,S21,U000273,VISUAL_ALIGNMENT,PASS
17783643,S35,U000256,VISUAL_ALIGNMENT,PASS
17793309,S07,U000289,VISUAL_ALIGNMENT,PASS
17823066,S28,U000262,VISUAL_ALIGNMENT,PASS
17829269,S14,U000281,VISUAL_ALIGNMENT,PASS
17840021,S21,U000274,VISUAL_ALIGNMENT,PASS
17853719,S35,U000257,VISUAL_ALIGNMENT,PASS
17854317,S07,U000290,VISUAL_ALIGNMENT,PASS
17888413,S28,U000263,VISUAL_ALIGNMENT,PASS
17899585,S21,U000275,VISUAL_ALIGNMENT,FAIL
17910372,S14,U000282,VISUAL_ALIGNMENT,PASS
17925716,S07,U000291,VISUAL_ALIGNMENT,PASS
17932033,S35,U000258,VISUAL_ALIGNMENT,PASS
17933980,S28,U000264,VISUAL_ALIGNMENT,PASS
17960542,S21,U000276,VISUAL_ALIGNMENT,PASS
17967414,S07,U000292,VISUAL_ALIGNMENT,PASS
17979175,S14,U000283,VISUAL_ALIGNMENT,PASS
17995150,S35,U000259,VISUAL_ALIGNMENT,PASS
17997246,S28,U000265,VISUAL_ALIGNMENT,PASS
18023166,S21,U000277,VISUAL_ALIGNMENT,PASS
18029069,S07,U000293,VISUAL_ALIGNMENT,PASS
18041300,S14,U000284,VISUAL_ALIGNMENT,PASS
18056088,S35,U000260,VISUAL_ALIGNMENT,PASS
18058479,S28,U000266,VISUAL_ALIGNMENT,FAIL
18078157,S21,U000278,VISUAL_ALIGNMENT,PASS
18090590,S14,U000285,VISUAL_ALIGNMENT,PASS
18110106,S07,U000294,VISUAL_ALIGNMENT,PASS
18113397,S35,U000261,VISUAL_ALIGNMENT,PASS
18121868,S28,U000267,VISUAL_ALIGNMENT,PASS
18124232,S14,U000286,VISUAL_ALIGNMENT,PASS
18150390,S21,U000279,VISUAL_ALIGNMENT,PASS
18171548,S28,U000268,VISUAL_ALIGNMENT,PASS
18177373,S35,U000262,VISUAL_ALIGNMENT,PASS
18193718,S07,U000295,VISUAL_ALIGNMENT,PASS
18198347,S14,U000287,VISUAL_ALIGNMENT,PASS
18201044,S21,U000280,VISUAL_ALIGNMENT,PASS
18236916,S35,U000263,VISUAL_ALIGNMENT,PASS
18236963,S28,U000269,VISUAL_ALIGNMENT,PASS
18250393,S07,U000296,VISUAL_ALIGNMENT,PASS
18262759,S14,U000288,VISUAL_ALIGNMENT,PASS
18266715,S21,U000281,VISUAL_ALIGNMENT,PASS
18292549,S35,U000264,VISUAL_ALIGNMENT,PASS
18293313,S28,U000270,VISUAL_ALIGNMENT,PASS
18303495,S14,U000289,VISUAL_ALIGNMENT,PASS
18312877,S07,U000297,VISUAL_ALIGNMENT,PASS
18338303,S21,U000282,VISUAL_ALIGNMENT,PASS
18357982,S28,U000271,VISUAL_ALIGNMENT,PASS
18359958,S07,U000298,VISUAL_ALIGNMENT,PASS
18376493,S35,U000265,VISUAL_ALIGNMENT,PASS
18388126,S14,U000290,VISUAL_ALIGNMENT,PASS
18413245,S28,U000272,VISUAL_ALIGNMENT,PASS
18418256,S21,U000283,VISUAL_ALIGNMENT,PASS
18420267,S07,U000299,VISUAL_ALIGNMENT,PASS
18439376,S35,U000266,VISUAL_ALIGNMENT,FAIL
18444925,S14,U000291,VISUAL_ALIGNMENT,PASS
18461809,S07,U000300,VISUAL_ALIGNMENT,PASS
18480587,S28,U000273,VISUAL_ALIGNMENT,PASS
18484321,S21,U000284,VISUAL_ALIGNMENT,PASS
18500596,S35,U000267,VISUAL_ALIGNMENT,PASS
18502454,S14,U000292,VISUAL_ALIGNMENT,PASS
18517007,S07,U000301,VISUAL_ALIGNMENT,PASS
18532432,S28,U000274,VISUAL_ALIGNMENT,PASS
18535426,S21,U000285,VISUAL_ALIGNMENT,PASS
18554189,S35,U000268,VISUAL_ALIGNMENT,PASS
18562853,S07,U000302,VISUAL_ALIGNMENT,PASS
18565041,S14,U000293,VISUAL_ALIGNMENT,PASS
18590785,S28,U000275,VISUAL_ALIGNMENT,PASS
18595337,S21,U000286,VISUAL_ALIGNMENT,PASS
18610033,S35,U000269,VISUAL_ALIGNMENT,PASS
18626462,S14,U000294,VISUAL_ALIGNMENT,PASS
18642030,S07,U000303,VISUAL_ALIGNMENT,PASS
18657011,S21,U000287,VISUAL_ALIGNMENT,PASS
18659742,S28,U000276,VISUAL_ALIGNMENT,PASS
18665215,S35,U000270,VISUAL_ALIGNMENT,PASS
18691933,S14,U000295,VISUAL_ALIGNMENT,PASS
18718030,S21,U000288,VISUAL_ALIGNMENT,PASS
18720641,S07,U000304,VISUAL_ALIGNMENT,PASS
18722303,S35,U000271,VISUAL_ALIGNMENT,PASS
18737461,S28,U000277,VISUAL_ALIGNMENT,PASS
18747342,S14,U000296,VISUAL_ALIGNMENT,PASS
18770929,S21,U000289,VISUAL_ALIGNMENT,PASS
18774034,S07,U000305,VISUAL_ALIGNMENT,FAIL
18780286,S35,U000272,VISUAL_ALIGNMENT,PASS
18787322,S28,U000278,VISUAL_ALIGNMENT,PASS
18816342,S14,U000297,VISUAL_ALIGNMENT,PASS
18828014,S21,U000290,VISUAL_ALIGNMENT,FAIL
18837995,S07,U000306,VISUAL_ALIGNMENT,PASS
18842753,S35,U000273,VISUAL_ALIGNMENT,PASS
18843036,S28,U000279,VISUAL_ALIGNMENT,PASS
18877066,S21,U000291,VISUAL_ALIGNMENT,PASS
18879741,S14,U000298,VISUAL_ALIGNMENT,PASS
18886162,S07,U000307,VISUAL_ALIGNMENT,PASS
18895326,S28,U000280,VISUAL_ALIGNMENT,FAIL
18899530,S35,U000274,VISUAL_ALIGNMENT,PASS
18934313,S21,U000292,VISUAL_ALIGNMENT,PASS
18935396,S07,U000308,VISUAL_ALIGNMENT,PASS
18946190,S28,U000281,VISUAL_ALIGNMENT,PASS
18954321,S35,U000275,VISUAL_ALIGNMENT,PASS
18956747,S14,U000299,VISUAL_ALIGNMENT,PASS
18989182,S07,U000309,VISUAL_ALIGNMENT,PASS
19002331,S28,U000282,VISUAL_ALIGNMENT,PASS
19005430,S35,U000276,VISUAL_ALIGNMENT,PASS
19010265,S21,U000293,VISUAL_ALIGNMENT,PASS
19030673,S14,U000300,VISUAL_ALIGNMENT,PASS
19042875,S28,U000283,VISUAL_ALIGNMENT,PASS
19069681,S07,U000310,VISUAL_ALIGNMENT,PASS
19083196,S14,U000301,VISUAL_ALIGNMENT,PASS
19088031,S21,U000294,VISUAL_ALIGNMENT,PASS
19117799,S35,U000277,VISUAL_ALIGNMENT,PASS
19126035,S07,U000311,VISUAL_ALIGNMENT,PASS
19134690,S14,U000302,VISUAL_ALIGNMENT,PASS
19136699,S28,U000284,VISUAL_ALIGNMENT,PASS
19152615,S21,U000295,VISUAL_ALIGNMENT,PASS
19176611,S35,U000278,VISUAL_ALIGNMENT,PASS
19180488,S14,U000303,VISUAL_ALIGNMENT,PASS
19183376,S28,U000285,VISUAL_ALIGNMENT,PASS
19192603,S07,U000312,VISUAL_ALIGNMENT,FAIL
19206890,S21,U000296,VISUAL_ALIGNMENT,PASS
19244263,S07,U000313,VISUAL_ALIGNMENT,PASS
19247282,S35,U000279,VISUAL_ALIGNMENT,PASS
19248683,S28,U000286,VISUAL_ALIGNMENT,PASS
19251760,S14,U000304,VISUAL_ALIGNMENT,PASS
19272049,S21,U000297,VISUAL_ALIGNMENT,PASS
19304130,S35,U000280,VISUAL_ALIGNMENT,PASS
19304498,S14,U000305,VISUAL_ALIGNMENT,PASS
19304874,S07,U000314,VISUAL_ALIGNMENT,PASS
19327344,S28,U000287,VISUAL_ALIGNMENT,PASS
19342405,S21,U000298,VISUAL_ALIGNMENT,PASS
19349562,S14,U000306,VISUAL_ALIGNMENT,PASS
19381310,S35,U000281,VISUAL_ALIGNMENT,PASS
19388454,S28,U000288,VISUAL_ALIGNMENT,PASS
19391125,S07,U000315,VISUAL_ALIGNMENT,PASS
19398582,S21,U000299,VISUAL_ALIGNMENT,PASS
19403604,S14,U000307,VISUAL_ALIGNMENT,PASS
19446558,S28,U000289,VISUAL_ALIGNMENT,PASS
19450473,S07,U000316,VISUAL_ALIGNMENT,PASS
19456504,S35,U000282,VISUAL_ALIGNMENT,PASS
19460984,S14,U000308,VISUAL_ALIGNMENT,PASS
19473759,S21,U000300,VISUAL_ALIGNMENT,PASS
19495350,S28,U000290,VISUAL_ALIGNMENT,PASS
19498432,S07,U000317,VISUAL_ALIGNMENT,PASS
19507245,S14,U000309,VISUAL_ALIGNMENT,PASS
19521581,S35,U000283,VISUAL_ALIGNMENT,PASS
19529153,S21,U000301,VISUAL_ALIGNMENT,PASS
19549997,S28,U000291,VISUAL_ALIGNMENT,PASS
19558441,S07,U000318,VISUAL_ALIGNMENT,PASS
19560520,S14,U000310,VISUAL_ALIGNMENT,PASS
19591481,S21,U000302,VISUAL_ALIGNMENT,PASS
19593811,S35,U000284,VISUAL_ALIGNMENT,PASS
19597509,S28,U000292,VISUAL_ALIGNMENT,PASS
19615302,S07,U000319,VISUAL_ALIGNMENT,PASS
19620784,S14,U000311,VISUAL_ALIGNMENT,PASS
19643578,S28,U000293,VISUAL_ALIGNMENT,PASS
19648112,S21,U000303,VISUAL_ALIGNMENT,PASS
19649913,S35,U000285,VISUAL_ALIGNMENT,PASS
19673479,S14,U000312,VISUAL_ALIGNMENT,PASS
19677315,S07,U000320,VISUAL_ALIGNMENT,PASS
19708870,S35,U000286,VISUAL_ALIGNMENT,PASS
19721606,S14,U000313,VISUAL_ALIGNMENT,FAIL
19721834,S21,U000304,VISUAL_ALIGNMENT,PASS
19726192,S07,U000321,VISUAL_ALIGNMENT,PASS
19732477,S28,U000294,VISUAL_ALIGNMENT,PASS
19760626,S35,U000287,VISUAL_ALIGNMENT,PASS
19771439,S21,U000305,VISUAL_ALIGNMENT,PASS
19773959,S14,U000314,VISUAL_ALIGNMENT,PASS
19784080,S07,U000322,VISUAL_ALIGNMENT,PASS
19792566,S28,U000295,VISUAL_ALIGNMENT,PASS
19814767,S35,U000288,VISUAL_ALIGNMENT,PASS
19828517,S28,U000296,VISUAL_ALIGNMENT,PASS
19834533,S14,U000315,VISUAL_ALIGNMENT,PASS
19836207,S21,U000306,VISUAL_ALIGNMENT,PASS
19842552,S07,U000323,VISUAL_ALIGNMENT,PASS
19879267,S35,U000289,VISUAL_ALIGNMENT,PASS
19885248,S28,U000297,VISUAL_ALIGNMENT,PASS
19900217,S14,U000316,VISUAL_ALIGNMENT,PASS
19903887,S07,U000324,VISUAL_ALIGNMENT,PASS
19909738,S21,U000307,VISUAL_ALIGNMENT,PASS
19938097,S28,U000298,VISUAL_ALIGNMENT,PASS
19941642,S35,U000290,VISUAL_ALIGNMENT,PASS
19946245,S14,U000317,VISUAL_ALIGNMENT,PASS
19979874,S21,U000308,VISUAL_ALIGNMENT,PASS
19982048,S07,U000325,VISUAL_ALIGNMENT,PASS
19998282,S35,U000291,VISUAL_ALIGNMENT,PASS
20012199,S28,U000299,VISUAL_ALIGNMENT,PASS
20026883,S14,U000318,VISUAL_ALIGNMENT,PASS
20045624,S21,U000309,VISUAL_ALIGNMENT,PASS
20055415,S07,U000326,VISUAL_ALIGNMENT,PASS
20063710,S35,U000292,VISUAL_ALIGNMENT,PASS
20064640,S28,U000300,VISUAL_ALIGNMENT,PASS
20095147,S14,U000319,VISUAL_ALIGNMENT,PASS
20106723,S21,U000310,VISUAL_ALIGNMENT,PASS
20111314,S07,U000327,VISUAL_ALIGNMENT,PASS
20125697,S35,U000293,VISUAL_ALIGNMENT,PASS
20154364,S28,U000301,VISUAL_ALIGNMENT,PASS
20159424,S14,U000320,VISUAL_ALIGNMENT,PASS
20167533,S21,U000311,VISUAL_ALIGNMENT,PASS
20176354,S07,U000328,VISUAL_ALIGNMENT,PASS
20189942,S35,U000294,VISUAL_ALIGNMENT,PASS
20218962,S28,U000302,VISUAL_ALIGNMENT,PASS
20222122,S21,U000312,VISUAL_ALIGNMENT,PASS
20231313,S14,U000321,VISUAL_ALIGNMENT,PASS
20236095,S35,U000295,VISUAL_ALIGNMENT,PASS
20245272,S07,U000329,VISUAL_ALIGNMENT,FAIL
20262164,S21,U000313,VISUAL_ALIGNMENT,PASS
20273724,S28,U000303,VISUAL_ALIGNMENT,PASS
20292564,S14,U000322,VISUAL_ALIGNMENT,PASS
20297405,S07,U000330,VISUAL_ALIGNMENT,PASS
20305467,S35,U000296,VISUAL_ALIGNMENT,PASS
20305777,S21,U000314,VISUAL_ALIGNMENT,PASS
20330418,S28,U000304,VISUAL_ALIGNMENT,PASS
20346407,S14,U000323,VISUAL_ALIGNMENT,PASS
20351108,S07,U000331,VISUAL_ALIGNMENT,PASS
20358084,S35,U000297,VISUAL_ALIGNMENT,PASS
20390726,S21,U000315,VISUAL_ALIGNMENT,PASS
20402461,S07,U000332,VISUAL_ALIGNMENT,PASS
20405274,S28,U000305,VISUAL_ALIGNMENT,PASS
20410776,S14,U000324,VISUAL_ALIGNMENT,PASS
20416125,S35,U000298,VISUAL_ALIGNMENT,PASS
20444005,S21,U000316,VISUAL_ALIGNMENT,PASS
20471329,S07,U000333,VISUAL_ALIGNMENT,PASS
20474011,S28,U000306,VISUAL_ALIGNMENT,PASS
20474135,S35,U000299,VISUAL_ALIGNMENT,PASS
20491361,S14,U000325,VISUAL_ALIGNMENT,PASS
20497466,S21,U000317,VISUAL_ALIGNMENT,PASS
20522417,S35,U000300,VISUAL_ALIGNMENT,PASS
20540857,S28,U000307,VISUAL_ALIGNMENT,PASS
20542738,S07,U000334,VISUAL_ALIGNMENT,PASS
20554499,S14,U000326,VISUAL_ALIGNMENT,PASS
20580153,S35,U000301,VISUAL_ALIGNMENT,PASS
20581638,S21,U000318,VISUAL_ALIGNMENT,PASS
20593685,S28,U000308,VISUAL_ALIGNMENT,PASS
20603526,S07,U000335,VISUAL_ALIGNMENT,PASS
20605313,S14,U000327,VISUAL_ALIGNMENT,PASS
20643204,S35,U000302,VISUAL_ALIGNMENT,PASS
20645071,S21,U000319,VISUAL_ALIGNMENT,PASS
20651575,S07,U000336,VISUAL_ALIGNMENT,PASS
20662352,S28,U000309,VISUAL_ALIGNMENT,PASS
20668752,S14,U000328,VISUAL_ALIGNMENT,FAIL
20700473,S07,U000337,VISUAL_ALIGNMENT,PASS
20706015,S28,U000310,VISUAL_ALIGNMENT,PASS
20708031,S21,U000320,VISUAL_ALIGNMENT,PASS
20715816,S14,U000329,VISUAL_ALIGNMENT,PASS
20725593,S35,U000303,VISUAL_ALIGNMENT,PASS
20751139,S07,U000338,VISUAL_ALIGNMENT,PASS
20765765,S28,U000311,VISUAL_ALIGNMENT,PASS
20775084,S21,U000321,VISUAL_ALIGNMENT,PASS
20776936,S35,U000304,VISUAL_ALIGNMENT,PASS
20783737,S14,U000330,VISUAL_ALIGNMENT,PASS
20810995,S07,U000339,VISUAL_ALIGNMENT,PASS
20833217,S35,U000305,VISUAL_ALIGNMENT,PASS
20833603,S21,U000322,VISUAL_ALIGNMENT,PASS
20837310,S28,U000312,VISUAL_ALIGNMENT,PASS
20861107,S14,U000331,VISUAL_ALIGNMENT,PASS
20870189,S07,U000340,VISUAL_ALIGNMENT,PASS
20880352,S28,U000313,VISUAL_ALIGNMENT,PASS
20892144,S35,U000306,VISUAL_ALIGNMENT,PASS
20903386,S21,U000323,VISUAL_ALIGNMENT,PASS
20924505,S14,U000332,VISUAL_ALIGNMENT,PASS
20945417,S07,U000341,VISUAL_ALIGNMENT,PASS
20946480,S28,U000314,VISUAL_ALIGNMENT,PASS
20950159,S21,U000324,VISUAL_ALIGNMENT,PASS
20950196,S35,U000307,VISUAL_ALIGNMENT,PASS
20960569,S14,U000333,VISUAL_ALIGNMENT,PASS
20998880,S07,U000342,VISUAL_ALIGNMENT,PASS
21003154,S28,U000315,VISUAL_ALIGNMENT,PASS
21009412,S14,U000334,VISUAL_ALIGNMENT,PASS
21012798,S35,U000308,VISUAL_ALIGNMENT,PASS
21039992,S21,U000325,VISUAL_ALIGNMENT,PASS
21067645,S28,U000316,VISUAL_ALIGNMENT,PASS
21069213,S14,U000335,VISUAL_ALIGNMENT,PASS
21082630,S07,U000343,VISUAL_ALIGNMENT,PASS
21087620,S35,U000309,VISUAL_ALIGNMENT,PASS
21103191,S21,U000326,VISUAL_ALIGNMENT,PASS
21124018,S28,U000317,VISUAL_ALIGNMENT,PASS
21133184,S14,U000336,VISUAL_ALIGNMENT,FAIL
21144282,S07,U000344,VISUAL_ALIGNMENT,PASS
21162564,S21,U000327,VISUAL_ALIGNMENT,PASS
21174540,S35,U000310,VISUAL_ALIGNMENT,PASS
21185233,S28,U000318,VISUAL_ALIGNMENT,PASS
21187189,S14,U000337,VISUAL_ALIGNMENT,PASS
21202216,S21,U000328,VISUAL_ALIGNMENT,PASS
21220483,S07,U000345,VISUAL_ALIGNMENT,PASS
21236881,S35,U000311,VISUAL_ALIGNMENT,PASS
21244390,S14,U000338,VISUAL_ALIGNMENT,PASS
21245108,S28,U000319,VISUAL_ALIGNMENT,PASS
21258444,S21,U000329,VISUAL_ALIGNMENT,PASS
21281674,S07,U000346,VISUAL_ALIGNMENT,PASS
21289257,S28,U000320,VISUAL_ALIGNMENT,PASS
21291935,S35,U000312,VISUAL_ALIGNMENT,PASS
21302244,S14,U000339,VISUAL_ALIGNMENT,PASS
21318858,S21,U000330,VISUAL_ALIGNMENT,PASS
21331233,S28,U000321,VISUAL_ALIGNMENT,PASS
21335596,S07,U000347,VISUAL_ALIGNMENT,PASS
21362993,S35,U000313,VISUAL_ALIGNMENT,FAIL
21377122,S21,U000331,VISUAL_ALIGNMENT,PASS
21387143,S14,U000340,VISUAL_ALIGNMENT,PASS
21388270,S28,U000322,VISUAL_ALIGNMENT,PASS
21413792,S07,U000348,VISUAL_ALIGNMENT,PASS
21431026,S35,U000314,VISUAL_ALIGNMENT,PASS
21438259,S28,U000323,VISUAL_ALIGNMENT,PASS
21443640,S21,U000332,VISUAL_ALIGNMENT,PASS
21448851,S14,U000341,VISUAL_ALIGNMENT,PASS
21475962,S35,U000315,VISUAL_ALIGNMENT,PASS
21489452,S07,U000349,VISUAL_ALIGNMENT,PASS
21496475,S14,U000342,VISUAL_ALIGNMENT,PASS
21502000,S21,U000333,VISUAL_ALIGNMENT,PASS
21515552,S35,U000316,VISUAL_ALIGNMENT,PASS
21520270,S28,U000324,VISUAL_ALIGNMENT,PASS
21571507,S07,U000350,VISUAL_ALIGNMENT,PASS
21572971,S21,U000334,VISUAL_ALIGNMENT,PASS
21575898,S28,U000325,VISUAL_ALIGNMENT,PASS
21576694,S35,U000317,VISUAL_ALIGNMENT,PASS
21585637,S14,U000343,VISUAL_ALIGNMENT,PASS
21621750,S07,U000351,VISUAL_ALIGNMENT,PASS
21635280,S28,U000326,VISUAL_ALIGNMENT,PASS
21646426,S21,U000335,VISUAL_ALIGNMENT,PASS
21647491,S35,U000318,VISUAL_ALIGNMENT,PASS
21647999,S14,U000344,VISUAL_ALIGNMENT,PASS
21688123,S07,U000352,VISUAL_ALIGNMENT,PASS
21691131,S35,U000319,VISUAL_ALIGNMENT,PASS
21698675,S28,U000327,VISUAL_ALIGNMENT,PASS
21703415,S21,U000336,VISUAL_ALIGNMENT,PASS
21724282,S07,U000353,VISUAL_ALIGNMENT,PASS
21729591,S14,U000345,VISUAL_ALIGNMENT,PASS
21742560,S35,U000320,VISUAL_ALIGNMENT,PASS
21752613,S28,U000328,VISUAL_ALIGNMENT,FAIL
21778422,S21,U000337,VISUAL_ALIGNMENT,PASS
21780776,S14,U000346,VISUAL_ALIGNMENT,PASS
21791698,S07,U000354,VISUAL_ALIGNMENT,PASS
21808966,S35,U000321,VISUAL_ALIGNMENT,PASS
21814916,S28,U000329,VISUAL_ALIGNMENT,PASS
21828977,S14,U000347,VISUAL_ALIGNMENT,PASS
21842391,S21,U000338,VISUAL_ALIGNMENT,PASS
21874465,S35,U000322,VISUAL_ALIGNMENT,PASS
21878318,S07,U000355,VISUAL_ALIGNMENT,PASS
21878804,S14,U000348,VISUAL_ALIGNMENT,PASS
21881766,S28,U000330,VISUAL_ALIGNMENT,PASS
21894887,S21,U000339,VISUAL_ALIGNMENT,PASS
21940128,S14,U000349,VISUAL_ALIGNMENT,PASS
21945455,S35,U000323,VISUAL_ALIGNMENT,PASS
21948127,S07,U000356,VISUAL_ALIGNMENT,PASS
21949665,S28,U000331,VISUAL_ALIGNMENT,PASS
21951431,S21,U000340,VISUAL_ALIGNMENT,PASS
21996488,S21,U000341,VISUAL_ALIGNMENT,FAIL
22007494,S35,U000324,VISUAL_ALIGNMENT,PASS
22008770,S07,U000357,VISUAL_ALIGNMENT,PASS
22014537,S28,U000332,VISUAL_ALIGNMENT,PASS
22016226,S14,U000350,VISUAL_ALIGNMENT,PASS
22047612,S21,U000342,VISUAL_ALIGNMENT,FAIL
22066982,S07,U000358,VISUAL_ALIGNMENT,PASS
22067744,S28,U000333,VISUAL_ALIGNMENT,PASS
22076814,S14,U000351,VISUAL_ALIGNMENT,PASS
22087782,S35,U000325,VISUAL_ALIGNMENT,PASS
22099964,S21,U000343,VISUAL_ALIGNMENT,PASS
22123686,S28,U000334,VISUAL_ALIGNMENT,PASS
22131544,S14,U000352,VISUAL_ALIGNMENT,PASS
22137261,S35,U000326,VISUAL_ALIGNMENT,PASS
22141845,S07,U000359,VISUAL_ALIGNMENT,PASS
22143975,S21,U000344,VISUAL_ALIGNMENT,PASS
22176254,S28,U000335,VISUAL_ALIGNMENT,PASS
22182266,S35,U000327,VISUAL_ALIGNMENT,PASS
22188632,S14,U000353,VISUAL_ALIGNMENT,FAIL
22191521,S07,U000360,VISUAL_ALIGNMENT,PASS
22211464,S21,U000345,VISUAL_ALIGNMENT,PASS
22236103,S07,U000361,VISUAL_ALIGNMENT,PASS
22236491,S35,U000328,VISUAL_ALIGNMENT,FAIL
22255817,S28,U000336,VISUAL_ALIGNMENT,FAIL
22263367,S14,U000354,VISUAL_ALIGNMENT,PASS
22297330,S07,U000362,VISUAL_ALIGNMENT,PASS
22297464,S21,U000346,VISUAL_ALIGNMENT,PASS
22299231,S35,U000329,VISUAL_ALIGNMENT,PASS
22310093,S28,U000337,VISUAL_ALIGNMENT,PASS
22316973,S14,U000355,VISUAL_ALIGNMENT,PASS
22341452,S35,U000330,VISUAL_ALIGNMENT,PASS
22351104,S07,U000363,VISUAL_ALIGNMENT,PASS
22361517,S21,U000347,VISUAL_ALIGNMENT,PASS
22387250,S14,U000356,VISUAL_ALIGNMENT,PASS
22388428,S28,U000338,VISUAL_ALIGNMENT,FAIL
22400149,S35,U000331,VISUAL_ALIGNMENT,PASS
22402136,S07,U000364,VISUAL_ALIGNMENT,PASS
22431578,S21,U000348,VISUAL_ALIGNMENT,PASS
22442537,S28,U000339,VISUAL_ALIGNMENT,PASS
22451385,S14,U000357,VISUAL_ALIGNMENT,PASS
22455023,S35,U000332,VISUAL_ALIGNMENT,PASS
22461635,S07,U000365,VISUAL_ALIGNMENT,PASS
22498871,S28,U000340,VISUAL_ALIGNMENT,PASS
22512235,S07,U000366,VISUAL_ALIGNMENT,PASS
22520582,S21,U000349,VISUAL_ALIGNMENT,PASS
22527624,S35,U000333,VISUAL_ALIGNMENT,PASS
22528297,S14,U000358,VISUAL_ALIGNMENT,PASS
22551629,S28,U000341,VISUAL_ALIGNMENT,PASS
22579815,S21,U000350,VISUAL_ALIGNMENT,PASS
22589137,S14,U000359,VISUAL_ALIGNMENT,PASS
22593714,S07,U000367,VISUAL_ALIGNMENT,PASS
22602916,S35,U000334,VISUAL_ALIGNMENT,PASS
22621564,S28,U000342,VISUAL_ALIGNMENT,PASS
22643782,S14,U000360,VISUAL_ALIGNMENT,PASS
22646783,S07,U000368,VISUAL_ALIGNMENT,PASS
22647303,S21,U000351,VISUAL_ALIGNMENT,PASS
22674999,S35,U000335,VISUAL_ALIGNMENT,PASS
22682410,S28,U000343,VISUAL_ALIGNMENT,PASS
22684144,S07,U000369,VISUAL_ALIGNMENT,PASS
22700470,S14,U000361,VISUAL_ALIGNMENT,PASS
22717408,S21,U000352,VISUAL_ALIGNMENT,PASS
22736296,S35,U000336,VISUAL_ALIGNMENT,PASS
22748988,S28,U000344,VISUAL_ALIGNMENT,PASS
22752283,S14,U000362,VISUAL_ALIGNMENT,PASS
22759095,S07,U000370,VISUAL_ALIGNMENT,PASS
22769434,S21,U000353,VISUAL_ALIGNMENT,PASS
22795049,S35,U000337,VISUAL_ALIGNMENT,PASS
22808248,S07,U000371,VISUAL_ALIGNMENT,PASS
22809963,S21,U000354,VISUAL_ALIGNMENT,PASS
22814034,S14,U000363,VISUAL_ALIGNMENT,PASS
22819192,S28,U000345,VISUAL_ALIGNMENT,PASS
22844600,S35,U000338,VISUAL_ALIGNMENT,FAIL
22858255,S07,U000372,VISUAL_ALIGNMENT,PASS
22873254,S21,U000355,VISUAL_ALIGNMENT,PASS
22876539,S14,U000364,VISUAL_ALIGNMENT,PASS
22902686,S28,U000346,VISUAL_ALIGNMENT,PASS
22909385,S35,U000339,VISUAL_ALIGNMENT,PASS
22912157,S07,U000373,VISUAL_ALIGNMENT,PASS
22944323,S21,U000356,VISUAL_ALIGNMENT,PASS
22956473,S28,U000347,VISUAL_ALIGNMENT,PASS
22961118,S35,U000340,VISUAL_ALIGNMENT,PASS
22969340,S14,U000365,VISUAL_ALIGNMENT,PASS
22978660,S07,U000374,VISUAL_ALIGNMENT,PASS
23005377,S21,U000357,VISUAL_ALIGNMENT,PASS
23016366,S35,U000341,VISUAL_ALIGNMENT,PASS
23025721,S28,U000348,VISUAL_ALIGNMENT,PASS
23055353,S14,U000366,VISUAL_ALIGNMENT,FAIL
23063248,S07,U000375,VISUAL_ALIGNMENT,PASS
23064982,S35,U000342,VISUAL_ALIGNMENT,PASS
23070938,S28,U000349,VISUAL_ALIGNMENT,PASS
23078394,S21,U000358,VISUAL_ALIGNMENT,PASS
23107418,S14,U000367,VISUAL_ALIGNMENT,PASS
23115106,S07,U000376,VISUAL_ALIGNMENT,PASS
23121387,S28,U000350,VISUAL_ALIGNMENT,PASS
23131974,S35,U000343,VISUAL_ALIGNMENT,PASS
23150553,S21,U000359,VISUAL_ALIGNMENT,PASS
23183844,S14,U000368,VISUAL_ALIGNMENT,PASS
23184346,S07,U000377,VISUAL_ALIGNMENT,PASS
23189770,S28,U000351,VISUAL_ALIGNMENT,PASS
23191717,S35,U000344,VISUAL_ALIGNMENT,PASS
23209346,S21,U000360,VISUAL_ALIGNMENT,PASS
23235592,S35,U000345,VISUAL_ALIGNMENT,PASS
23246117,S14,U000369,VISUAL_ALIGNMENT,PASS
23255323,S07,U000378,VISUAL_ALIGNMENT,PASS
23264089,S28,U000352,VISUAL_ALIGNMENT,PASS
23290244,S21,U000361,VISUAL_ALIGNMENT,PASS
23291622,S14,U000370,VISUAL_ALIGNMENT,PASS
23292983,S35,U000346,VISUAL_ALIGNMENT,PASS
23298027,S07,U000379,VISUAL_ALIGNMENT,PASS
23315045,S28,U000353,VISUAL_ALIGNMENT,PASS
23336702,S21,U000362,VISUAL_ALIGNMENT,PASS
23352668,S14,U000371,VISUAL_ALIGNMENT,PASS
23358244,S35,U000347,VISUAL_ALIGNMENT,PASS
23366847,S07,U000380,VISUAL_ALIGNMENT,PASS
23397072,S21,U000363,VISUAL_ALIGNMENT,PASS
23403187,S35,U000348,VISUAL_ALIGNMENT,PASS
23404588,S28,U000354,VISUAL_ALIGNMENT,PASS
23408307,S14,U000372,VISUAL_ALIGNMENT,PASS
23415565,S07,U000381,VISUAL_ALIGNMENT,PASS
23453301,S21,U000364,VISUAL_ALIGNMENT,PASS
23458893,S35,U000349,VISUAL_ALIGNMENT,PASS
23471089,S07,U000382,VISUAL_ALIGNMENT,PASS
23475371,S28,U000355,VISUAL_ALIGNMENT,PASS
23481119,S14,U000373,VISUAL_ALIGNMENT,PASS
23514708,S21,U000365,VISUAL_ALIGNMENT,PASS
23516459,S07,U000383,VISUAL_ALIGNMENT,PASS
23536807,S35,U000350,VISUAL_ALIGNMENT,PASS
23539145,S28,U000356,VISUAL_ALIGNMENT,PASS
23560870,S14,U000374,VISUAL_ALIGNMENT,PASS
23570888,S21,U000366,VISUAL_ALIGNMENT,FAIL
23586257,S35,U000351,VISUAL_ALIGNMENT,PASS
23586397,S07,U000384,VISUAL_ALIGNMENT,PASS
23588918,S28,U000357,VISUAL_ALIGNMENT,PASS
23615195,S21,U000367,VISUAL_ALIGNMENT,PASS
23624234,S14,U000375,VISUAL_ALIGNMENT,PASS
23629158,S07,U000385,VISUAL_ALIGNMENT,PASS
23631574,S28,U000358,VISUAL_ALIGNMENT,PASS
23636850,S35,U000352,VISUAL_ALIGNMENT,PASS
23677161,S21,U000368,VISUAL_ALIGNMENT,PASS
23681825,S14,U000376,VISUAL_ALIGNMENT,PASS
23687471,S07,U000386,VISUAL_ALIGNMENT,PASS
23694228,S28,U000359,VISUAL_ALIGNMENT,PASS
23703395,S35,U000353,VISUAL_ALIGNMENT,PASS
23744891,S28,U000360,VISUAL_ALIGNMENT,PASS
23745426,S21,U000369,VISUAL_ALIGNMENT,FAIL
23751405,S35,U000354,VISUAL_ALIGNMENT,PASS
23756962,S14,U000377,VISUAL_ALIGNMENT,FAIL
23761901,S07,U000387,VISUAL_ALIGNMENT,PASS
23799211,S28,U000361,VISUAL_ALIGNMENT,PASS
23814576,S21,U000370,VISUAL_ALIGNMENT,PASS
23814590,S14,U000378,VISUAL_ALIGNMENT,PASS
23821961,S35,U000355,VISUAL_ALIGNMENT,PASS
23822758,S07,U000388,VISUAL_ALIGNMENT,PASS
23857030,S28,U000362,VISUAL_ALIGNMENT,PASS
23869280,S14,U000379,VISUAL_ALIGNMENT,PASS
23871389,S21,U000371,VISUAL_ALIGNMENT,PASS
23886191,S07,U000389,VISUAL_ALIGNMENT,PASS
23899910,S35,U000356,VISUAL_ALIGNMENT,PASS
23919553,S21,U000372,VISUAL_ALIGNMENT,PASS
23920011,S14,U000380,VISUAL_ALIGNMENT,FAIL
23920090,S28,U000363,VISUAL_ALIGNMENT,PASS
23946047,S07,U000390,VISUAL_ALIGNMENT,PASS
23960354,S35,U000357,VISUAL_ALIGNMENT,PASS
23968654,S21,U000373,VISUAL_ALIGNMENT,PASS
23972019,S14,U000381,VISUAL_ALIGNMENT,PASS
23982369,S28,U000364,VISUAL_ALIGNMENT,PASS
24020722,S35,U000358,VISUAL_ALIGNMENT,PASS
24027270,S21,U000374,VISUAL_ALIGNMENT,PASS
24027985,S07,U000391,VISUAL_ALIGNMENT,PASS
24046173,S14,U000382,VISUAL_ALIGNMENT,PASS
24065369,S28,U000365,VISUAL_ALIGNMENT,PASS
24082517,S21,U000375,VISUAL_ALIGNMENT,FAIL
24092855,S35,U000359,VISUAL_ALIGNMENT,PASS
24107420,S07,U000392,VISUAL_ALIGNMENT,PASS
24111686,S14,U000383,VISUAL_ALIGNMENT,PASS
24125967,S28,U000366,VISUAL_ALIGNMENT,PASS
24144878,S21,U000376,VISUAL_ALIGNMENT,PASS
24161675,S07,U000393,VISUAL_ALIGNMENT,PASS
24170489,S14,U000384,VISUAL_ALIGNMENT,PASS
24176173,S35,U000360,VISUAL_ALIGNMENT,FAIL
24187455,S28,U000367,VISUAL_ALIGNMENT,PASS
24206725,S21,U000377,VISUAL_ALIGNMENT,PASS
24222514,S07,U000394,VISUAL_ALIGNMENT,PASS
24223102,S14,U000385,VISUAL_ALIGNMENT,PASS
24229768,S28,U000368,VISUAL_ALIGNMENT,PASS
24241985,S35,U000361,VISUAL_ALIGNMENT,PASS
24266765,S21,U000378,VISUAL_ALIGNMENT,PASS
24276825,S07,U000395,VISUAL_ALIGNMENT,PASS
24290945,S35,U000362,VISUAL_ALIGNMENT,PASS
24292019,S28,U000369,VISUAL_ALIGNMENT,PASS
24304634,S14,U000386,VISUAL_ALIGNMENT,PASS
24316381,S21,U000379,VISUAL_ALIGNMENT,PASS
24330773,S07,U000396,VISUAL_ALIGNMENT,PASS
24347090,S28,U000370,VISUAL_ALIGNMENT,PASS
24348314,S35,U000363,VISUAL_ALIGNMENT,PASS
24364481,S14,U000387,VISUAL_ALIGNMENT,PASS
24372786,S21,U000380,VISUAL_ALIGNMENT,PASS
24399404,S35,U000364,VISUAL_ALIGNMENT,PASS
24403049,S07,U000397,VISUAL_ALIGNMENT,PASS
24404635,S14,U000388,VISUAL_ALIGNMENT,PASS
24421603,S28,U000371,VISUAL_ALIGNMENT,PASS
24440695,S21,U000381,VISUAL_ALIGNMENT,PASS
24445521,S07,U000398,VISUAL_ALIGNMENT,PASS
24447888,S14,U000389,VISUAL_ALIGNMENT,PASS
24450393,S35,U000365,VISUAL_ALIGNMENT,PASS
24472775,S28,U000372,VISUAL_ALIGNMENT,PASS
24500834,S21,U000382,VISUAL_ALIGNMENT,PASS
24502926,S07,U000399,VISUAL_ALIGNMENT,PASS
24506140,S35,U000366,VISUAL_ALIGNMENT,PASS
24510314,S14,U000390,VISUAL_ALIGNMENT,PASS
24517256,S28,U000373,VISUAL_ALIGNMENT,PASS
24549312,S14,U000391,VISUAL_ALIGNMENT,PASS
24576516,S21,U000383,VISUAL_ALIGNMENT,PASS
24576726,S07,U000400,VISUAL_ALIGNMENT,PASS
24577090,S35,U000367,VISUAL_ALIGNMENT,PASS
24584510,S28,U000374,VISUAL_ALIGNMENT,PASS
24602923,S14,U000392,VISUAL_ALIGNMENT,PASS
24622633,S07,U000401,VISUAL_ALIGNMENT,PASS
24635024,S21,U000384,VISUAL_ALIGNMENT,PASS
24636106,S28,U000375,VISUAL_ALIGNMENT,PASS
24636232,S35,U000368,VISUAL_ALIGNMENT,PASS
24661924,S14,U000393,VISUAL_ALIGNMENT,PASS
24689687,S07,U000402,VISUAL_ALIGNMENT,PASS
24702177,S21,U000385,VISUAL_ALIGNMENT,PASS
24705583,S35,U000369,VISUAL_ALIGNMENT,PASS
24713174,S28,U000376,VISUAL_ALIGNMENT,PASS
24714195,S14,U000394,VISUAL_ALIGNMENT,PASS
24744073,S07,U000403,VISUAL_ALIGNMENT,PASS
24745966,S21,U000386,VISUAL_ALIGNMENT,PASS
24755007,S35,U000370,VISUAL_ALIGNMENT,PASS
24777444,S14,U000395,VISUAL_ALIGNMENT,PASS
24779061,S28,U000377,VISUAL_ALIGNMENT,PASS
24803067,S21,U000387,VISUAL_ALIGNMENT,PASS
24806281,S07,U000404,VISUAL_ALIGNMENT,PASS
24819994,S14,U000396,VISUAL_ALIGNMENT,PASS
24823723,S35,U000371,VISUAL_ALIGNMENT,PASS
24824887,S28,U000378,VISUAL_ALIGNMENT,PASS
24854454,S21,U000388,VISUAL_ALIGNMENT,PASS
24869386,S14,U000397,VISUAL_ALIGNMENT,PASS
24876044,S07,U000405,VISUAL_ALIGNMENT,PASS
24883152,S35,U000372,VISUAL_ALIGNMENT,PASS
24892960,S28,U000379,VISUAL_ALIGNMENT,PASS
24925509,S21,U000389,VISUAL_ALIGNMENT,PASS
24928925,S14,U000398,VISUAL_ALIGNMENT,PASS
24933817,S07,U000406,VISUAL_ALIGNMENT,PASS
24948819,S35,U000373,VISUAL_ALIGNMENT,PASS
24959578,S28,U000380,VISUAL_ALIGNMENT,PASS
24985454,S14,U000399,VISUAL_ALIGNMENT,PASS
24989729,S21,U000390,VISUAL_ALIGNMENT,PASS
25009284,S28,U000381,VISUAL_ALIGNMENT,PASS
25013748,S35,U000374,VISUAL_ALIGNMENT,PASS
25017924,S07,U000407,VISUAL_ALIGNMENT,PASS
25036051,S21,U000391,VISUAL_ALIGNMENT,PASS
25051027,S14,U000400,VISUAL_ALIGNMENT,PASS
25064565,S35,U000375,VISUAL_ALIGNMENT,PASS
25067342,S07,U000408,VISUAL_ALIGNMENT,PASS
25069852,S28,U000382,VISUAL_ALIGNMENT,PASS
25083750,S21,U000392,VISUAL_ALIGNMENT,PASS
25107445,S14,U000401,VISUAL_ALIGNMENT,PASS
25118667,S35,U000376,VISUAL_ALIGNMENT,PASS
25126192,S07,U000409,VISUAL_ALIGNMENT,PASS
25133832,S21,U000393,VISUAL_ALIGNMENT,PASS
25139189,S28,U000383,VISUAL_ALIGNMENT,PASS
25177916,S07,U000410,VISUAL_ALIGNMENT,PASS
25178432,S14,U000402,VISUAL_ALIGNMENT,PASS
25190205,S35,U000377,VISUAL_ALIGNMENT,PASS
25193249,S28,U000384,VISUAL_ALIGNMENT,PASS
25201661,S21,U000394,VISUAL_ALIGNMENT,PASS
25229484,S07,U000411,VISUAL_ALIGNMENT,PASS
25236571,S28,U000385,VISUAL_ALIGNMENT,PASS
25246231,S14,U000403,VISUAL_ALIGNMENT,PASS
25251941,S35,U000378,VISUAL_ALIGNMENT,PASS
25257746,S21,U000395,VISUAL_ALIGNMENT,PASS
25281644,S07,U000412,VISUAL_ALIGNMENT,PASS
25291577,S35,U000379,VISUAL_ALIGNMENT,PASS
25306052,S28,U000386,VISUAL_ALIGNMENT,PASS
25310551,S21,U000396,VISUAL_ALIGNMENT,PASS
25319515,S14,U000404,VISUAL_ALIGNMENT,PASS
25352873,S07,U000413,VISUAL_ALIGNMENT,PASS
25357348,S28,U000387,VISUAL_ALIGNMENT,PASS
25365418,S21,U000397,VISUAL_ALIGNMENT,PASS
25368108,S35,U000380,VISUAL_ALIGNMENT,PASS
25387353,S14,U000405,VISUAL_ALIGNMENT,PASS
25414215,S28,U000388,VISUAL_ALIGNMENT,PASS
25416615,S07,U000414,VISUAL_ALIGNMENT,PASS
25419304,S35,U000381,VISUAL_ALIGNMENT,PASS
25422366,S21,U000398,VISUAL_ALIGNMENT,PASS
25445182,S14,U000406,VISUAL_ALIGNMENT,PASS
25467527,S35,U000382,VISUAL_ALIGNMENT,PASS
25483275,S21,U000399,VISUAL_ALIGNMENT,PASS
25485693,S07,U000415,VISUAL_ALIGNMENT,PASS
25486662,S28,U000389,VISUAL_ALIGNMENT,PASS
25509262,S14,U000407,VISUAL_ALIGNMENT,PASS
25533392,S28,U000390,VISUAL_ALIGNMENT,PASS
25538904,S35,U000383,VISUAL_ALIGNMENT,PASS
25542180,S07,U000416,VISUAL_ALIGNMENT,PASS
25545848,S21,U000400,VISUAL_ALIGNMENT,PASS
25548720,S14,U000408,VISUAL_ALIGNMENT,PASS
25582581,S35,U000384,VISUAL_ALIGNMENT,PASS
25588952,S28,U000391,VISUAL_ALIGNMENT,FAIL
25595003,S14,U000409,VISUAL_ALIGNMENT,PASS
25601413,S21,U000401,VISUAL_ALIGNMENT,PASS
25623765,S07,U000417,VISUAL_ALIGNMENT,PASS
25649561,S35,U000385,VISUAL_ALIGNMENT,PASS
25655641,S14,U000410,VISUAL_ALIGNMENT,PASS
25657222,S28,U000392,VISUAL_ALIGNMENT,PASS
25665664,S21,U000402,VISUAL_ALIGNMENT,PASS
25676250,S07,U000418,VISUAL_ALIGNMENT,PASS
25699139,S28,U000393,VISUAL_ALIGNMENT,PASS
25702545,S35,U000386,VISUAL_ALIGNMENT,PASS
25710127,S14,U000411,VISUAL_ALIGNMENT,PASS
25719861,S07,U000419,VISUAL_ALIGNMENT,PASS
25745324,S35,U000387,VISUAL_ALIGNMENT,PASS
25745620,S21,U000403,VISUAL_ALIGNMENT,PASS
25781257,S07,U000420,VISUAL_ALIGNMENT,PASS
25786301,S14,U000412,VISUAL_ALIGNMENT,PASS
25797602,S21,U000404,VISUAL_ALIGNMENT,PASS
25806654,S28,U000394,VISUAL_ALIGNMENT,PASS
25811665,S35,U000388,VISUAL_ALIGNMENT,PASS
25832117,S07,U000421,VISUAL_ALIGNMENT,PASS
25840960,S14,U000413,VISUAL_ALIGNMENT,PASS
25854370,S21,U000405,VISUAL_ALIGNMENT,PASS
25860756,S28,U000395,VISUAL_ALIGNMENT,PASS
25861234,S35,U000389,VISUAL_ALIGNMENT,PASS
25887948,S14,U000414,VISUAL_ALIGNMENT,PASS
25897832,S07,U000422,VISUAL_ALIGNMENT,PASS
25907112,S35,U000390,VISUAL_ALIGNMENT,PASS
25924909,S28,U000396,VISUAL_ALIGNMENT,PASS
25933390,S21,U000406,VISUAL_ALIGNMENT,PASS
25952120,S14,U000415,VISUAL_ALIGNMENT,PASS
25956287,S07,U000423,VISUAL_ALIGNMENT,PASS
25965052,S35,U000391,VISUAL_ALIGNMENT,PASS
25993035,S21,U000407,VISUAL_ALIGNMENT,PASS
25999658,S28,U000397,VISUAL_ALIGNMENT,PASS
26012322,S35,U000392,VISUAL_ALIGNMENT,PASS
26028747,S07,U000424,VISUAL_ALIGNMENT,PASS
26037339,S14,U000416,VISUAL_ALIGNMENT,PASS
26045730,S28,U000398,VISUAL_ALIGNMENT,PASS
26050432,S21,U000408,VISUAL_ALIGNMENT,PASS
26060924,S35,U000393,VISUAL_ALIGNMENT,PASS
26076151,S07,U000425,VISUAL_ALIGNMENT,PASS
26085597,S14,U000417,VISUAL_ALIGNMENT,PASS
26105030,S28,U000399,VISUAL_ALIGNMENT,PASS
26114431,S21,U000409,VISUAL_ALIGNMENT,PASS
26134405,S14,U000418,VISUAL_ALIGNMENT,FAIL
26140407,S07,U000426,VISUAL_ALIGNMENT,PASS
26166270,S35,U000394,VISUAL_ALIGNMENT,PASS
26180856,S07,U000427,VISUAL_ALIGNMENT,PASS
26182839,S28,U000400,VISUAL_ALIGNMENT,PASS
26189356,S14,U000419,VISUAL_ALIGNMENT,PASS
26220621,S21,U000410,VISUAL_ALIGNMENT,PASS
26221713,S35,U000395,VISUAL_ALIGNMENT,PASS
26231728,S28,U000401,VISUAL_ALIGNMENT,PASS
26242776,S07,U000428,VISUAL_ALIGNMENT,PASS
26261337,S14,U000420,VISUAL_ALIGNMENT,FAIL
26265748,S21,U000411,VISUAL_ALIGNMENT,PASS
26287078,S28,U000402,VISUAL_ALIGNMENT,PASS
26288257,S35,U000396,VISUAL_ALIGNMENT,PASS
26306136,S07,U000429,VISUAL_ALIGNMENT,PASS
26325905,S14,U000421,VISUAL_ALIGNMENT,PASS
26332990,S21,U000412,VISUAL_ALIGNMENT,PASS
26351036,S28,U000403,VISUAL_ALIGNMENT,PASS
26361820,S35,U000397,VISUAL_ALIGNMENT,PASS
26386733,S07,U000430,VISUAL_ALIGNMENT,PASS
26387407,S14,U000422,VISUAL_ALIGNMENT,PASS
26398220,S28,U000404,VISUAL_ALIGNMENT,PASS
26398279,S21,U000413,VISUAL_ALIGNMENT,PASS
26425391,S35,U000398,VISUAL_ALIGNMENT,PASS
26446222,S28,U000405,VISUAL_ALIGNMENT,PASS
26453488,S07,U000431,VISUAL_ALIGNMENT,PASS
26457442,S21,U000414,VISUAL_ALIGNMENT,PASS
26462260,S14,U000423,VISUAL_ALIGNMENT,PASS
26481542,S35,U000399,VISUAL_ALIGNMENT,PASS
26514020,S28,U000406,VISUAL_ALIGNMENT,PASS
26514299,S14,U000424,VISUAL_ALIGNMENT,PASS
26528706,S21,U000415,VISUAL_ALIGNMENT,PASS
26530588,S07,U000432,VISUAL_ALIGNMENT,PASS
26535480,S35,U000400,VISUAL_ALIGNMENT,PASS
26561444,S14,U000425,VISUAL_ALIGNMENT,PASS
26564572,S28,U000407,VISUAL_ALIGNMENT,FAIL
26587974,S07,U000433,VISUAL_ALIGNMENT,PASS
26599211,S21,U000416,VISUAL_ALIGNMENT,PASS
26602891,S35,U000401,VISUAL_ALIGNMENT,PASS
26618220,S28,U000408,VISUAL_ALIGNMENT,PASS
26624528,S14,U000426,VISUAL_ALIGNMENT,PASS
26640107,S07,U000434,VISUAL_ALIGNMENT,PASS
26652541,S35,U000402,VISUAL_ALIGNMENT,PASS
26661150,S21,U000417,VISUAL_ALIGNMENT,PASS
26674361,S14,U000427,VISUAL_ALIGNMENT,PASS
26689482,S28,U000409,VISUAL_ALIGNMENT,PASS
26699594,S07,U000435,VISUAL_ALIGNMENT,PASS
26704732,S35,U000403,VISUAL_ALIGNMENT,PASS
26713558,S21,U000418,VISUAL_ALIGNMENT,FAIL
26733132,S14,U000428,VISUAL_ALIGNMENT,PASS
26749222,S28,U000410,VISUAL_ALIGNMENT,PASS
26756778,S35,U000404,VISUAL_ALIGNMENT,PASS
26761132,S07,U000436,VISUAL_ALIGNMENT,PASS
26794506,S21,U000419,VISUAL_ALIGNMENT,PASS
26797976,S14,U000429,VISUAL_ALIGNMENT,PASS
26810794,S35,U000405,VISUAL_ALIGNMENT,PASS
26818632,S28,U000411,VISUAL_ALIGNMENT,PASS
26824563,S07,U000437,VISUAL_ALIGNMENT,PASS
26843947,S21,U000420,VISUAL_ALIGNMENT,FAIL
26854746,S14,U000430,VISUAL_ALIGNMENT,PASS
26868687,S28,U000412,VISUAL_ALIGNMENT,PASS
26877270,S07,U000438,VISUAL_ALIGNMENT,PASS
26882063,S35,U000406,VISUAL_ALIGNMENT,PASS
26896248,S21,U000421,VISUAL_ALIGNMENT,PASS
26906179,S14,U000431,VISUAL_ALIGNMENT,FAIL
26930121,S28,U000413,VISUAL_ALIGNMENT,PASS
26949583,S07,U000439,VISUAL_ALIGNMENT,PASS
26956346,S21,U000422,VISUAL_ALIGNMENT,PASS
26963844,S35,U000407,VISUAL_ALIGNMENT,PASS
26969907,S14,U000432,VISUAL_ALIGNMENT,PASS
26996633,S28,U000414,VISUAL_ALIGNMENT,PASS
27004391,S21,U000423,VISUAL_ALIGNMENT,PASS
27005029,S07,U000440,VISUAL_ALIGNMENT,FAIL
27013430,S35,U000408,VISUAL_ALIGNMENT,PASS
27023916,S14,U000433,VISUAL_ALIGNMENT,PASS
27055138,S28,U000415,VISUAL_ALIGNMENT,PASS
27066896,S21,U000424,VISUAL_ALIGNMENT,PASS
27077169,S07,U000441,VISUAL_ALIGNMENT,PASS
27080514,S14,U000434,VISUAL_ALIGNMENT,PASS
27087912,S35,U000409,VISUAL_ALIGNMENT,PASS
27129006,S14,U000435,VISUAL_ALIGNMENT,PASS
27129540,S07,U000442,VISUAL_ALIGNMENT,PASS
27131040,S21,U000425,VISUAL_ALIGNMENT,PASS
27132003,S28,U000416,VISUAL_ALIGNMENT,PASS
27137333,S35,U000410,VISUAL_ALIGNMENT,PASS
27165635,S21,U000426,VISUAL_ALIGNMENT,PASS
27181469,S07,U000443,VISUAL_ALIGNMENT,PASS
27184443,S14,U000436,VISUAL_ALIGNMENT,PASS
27201072,S35,U000411,VISUAL_ALIGNMENT,PASS
27202561,S28,U000417,VISUAL_ALIGNMENT,FAIL
27216469,S21,U000427,VISUAL_ALIGNMENT,PASS
27233159,S14,U000437,VISUAL_ALIGNMENT,PASS
27236365,S07,U000444,VISUAL_ALIGNMENT,PASS
27243593,S28,U000418,VISUAL_ALIGNMENT,FAIL
27246383,S35,U000412,VISUAL_ALIGNMENT,PASS
27288563,S14,U000438,VISUAL_ALIGNMENT,PASS
27292352,S21,U000428,VISUAL_ALIGNMENT,PASS
27294476,S28,U000419,VISUAL_ALIGNMENT,PASS
27295040,S07,U000445,VISUAL_ALIGNMENT,PASS
27301733,S35,U000413,VISUAL_ALIGNMENT,PASS
27343484,S28,U000420,VISUAL_ALIGNMENT,PASS
27355924,S21,U000429,VISUAL_ALIGNMENT,PASS
27356700,S14,U000439,VISUAL_ALIGNMENT,PASS
27374828,S35,U000414,VISUAL_ALIGNMENT,PASS
27383224,S07,U000446,VISUAL_ALIGNMENT,PASS
27402403,S28,U000421,VISUAL_ALIGNMENT,PASS
27406062,S14,U000440,VISUAL_ALIGNMENT,PASS
27406922,S21,U000430,VISUAL_ALIGNMENT,PASS
27415489,S07,U000447,VISUAL_ALIGNMENT,PASS
27448517,S35,U000415,VISUAL_ALIGNMENT,PASS
27456764,S14,U000441,VISUAL_ALIGNMENT,PASS
27460355,S28,U000422,VISUAL_ALIGNMENT,PASS
27473282,S21,U000431,VISUAL_ALIGNMENT,FAIL
27478034,S07,U000448,VISUAL_ALIGNMENT,PASS
27511806,S28,U000423,VISUAL_ALIGNMENT,FAIL
27514836,S14,U000442,VISUAL_ALIGNMENT,PASS
27528756,S35,U000416,VISUAL_ALIGNMENT,PASS
27530837,S21,U000432,VISUAL_ALIGNMENT,PASS
27559110,S28,U000424,VISUAL_ALIGNMENT,PASS
27560523,S07,U000449,VISUAL_ALIGNMENT,PASS
27575268,S14,U000443,VISUAL_ALIGNMENT,PASS
27577569,S21,U000433,VISUAL_ALIGNMENT,PASS
27590292,S35,U000417,VISUAL_ALIGNMENT,FAIL
27613632,S28,U000425,VISUAL_ALIGNMENT,PASS
27624530,S07,U000450,VISUAL_ALIGNMENT,PASS
27638484,S35,U000418,VISUAL_ALIGNMENT,FAIL
27645344,S14,U000444,VISUAL_ALIGNMENT,PASS
27648631,S21,U000434,VISUAL_ALIGNMENT,PASS
27668811,S28,U000426,VISUAL_ALIGNMENT,PASS
27703700,S07,U000451,VISUAL_ALIGNMENT,PASS
27704971,S35,U000419,VISUAL_ALIGNMENT,PASS
27706481,S21,U000435,VISUAL_ALIGNMENT,PASS
27707142,S14,U000445,VISUAL_ALIGNMENT,PASS
27756864,S21,U000436,VISUAL_ALIGNMENT,PASS
27759006,S28,U000427,VISUAL_ALIGNMENT,PASS
27760230,S14,U000446,VISUAL_ALIGNMENT,PASS
27762299,S35,U000420,VISUAL_ALIGNMENT,PASS
27784127,S07,U000452,VISUAL_ALIGNMENT,PASS
27813609,S14,U000447,VISUAL_ALIGNMENT,PASS
27817245,S28,U000428,VISUAL_ALIGNMENT,PASS
27818659,S35,U000421,VISUAL_ALIGNMENT,PASS
27824214,S07,U000453,VISUAL_ALIGNMENT,PASS
27836167,S21,U000437,VISUAL_ALIGNMENT,PASS
27876829,S28,U000429,VISUAL_ALIGNMENT,PASS
27877381,S35,U000422,VISUAL_ALIGNMENT,PASS
27879259,S14,U000448,VISUAL_ALIGNMENT,PASS
27881150,S07,U000454,VISUAL_ALIGNMENT,PASS
27905893,S21,U000438,VISUAL_ALIGNMENT,PASS
27921917,S35,U000423,VISUAL_ALIGNMENT,PASS
27936346,S07,U000455,VISUAL_ALIGNMENT,FAIL
27937307,S28,U000430,VISUAL_ALIGNMENT,PASS
27962294,S21,U000439,VISUAL_ALIGNMENT,PASS
27965322,S14,U000449,VISUAL_ALIGNMENT,PASS
28001101,S35,U000424,VISUAL_ALIGNMENT,PASS
28001533,S28,U000431,VISUAL_ALIGNMENT,PASS
28009858,S07,U000456,VISUAL_ALIGNMENT,PASS
28018115,S21,U000440,VISUAL_ALIGNMENT,FAIL
28024396,S14,U000450,VISUAL_ALIGNMENT,PASS
28057995,S28,U000432,VISUAL_ALIGNMENT,PASS
28077998,S35,U000425,VISUAL_ALIGNMENT,PASS
28080265,S07,U000457,VISUAL_ALIGNMENT,PASS
28092859,S21,U000441,VISUAL_ALIGNMENT,PASS
28103535,S14,U000451,VISUAL_ALIGNMENT,PASS
28113274,S28,U000433,VISUAL_ALIGNMENT,PASS
28150513,S21,U000442,VISUAL_ALIGNMENT,PASS
28151983,S14,U000452,VISUAL_ALIGNMENT,PASS
28152715,S07,U000458,VISUAL_ALIGNMENT,PASS
28167990,S35,U000426,VISUAL_ALIGNMENT,PASS
28172684,S28,U000434,VISUAL_ALIGNMENT,PASS
28202725,S07,U000459,VISUAL_ALIGNMENT,PASS
28205221,S14,U000453,VISUAL_ALIGNMENT,PASS
28214806,S21,U000443,VISUAL_ALIGNMENT,FAIL
28214992,S35,U000427,VISUAL_ALIGNMENT,PASS
28226838,S28,U000435,VISUAL_ALIGNMENT,PASS
28261873,S07,U000460,VISUAL_ALIGNMENT,PASS
28264848,S21,U000444,VISUAL_ALIGNMENT,PASS
28274325,S35,U000428,VISUAL_ALIGNMENT,PASS
28290180,S14,U000454,VISUAL_ALIGNMENT,PASS
28293642,S28,U000436,VISUAL_ALIGNMENT,PASS
28313068,S07,U000461,VISUAL_ALIGNMENT,PASS
28332970,S14,U000455,VISUAL_ALIGNMENT,PASS
28333330,S21,U000445,VISUAL_ALIGNMENT,PASS
28340403,S35,U000429,VISUAL_ALIGNMENT,PASS
28360674,S28,U000437,VISUAL_ALIGNMENT,PASS
28367601,S07,U000462,VISUAL_ALIGNMENT,PASS
28386626,S35,U000430,VISUAL_ALIGNMENT,PASS
28387400,S21,U000446,VISUAL_ALIGNMENT,PASS
28409866,S28,U000438,VISUAL_ALIGNMENT,PASS
28415883,S07,U000463,VISUAL_ALIGNMENT,PASS
28439743,S14,U000456,VISUAL_ALIGNMENT,PASS
28442918,S35,U000431,VISUAL_ALIGNMENT,PASS
28450530,S21,U000447,VISUAL_ALIGNMENT,PASS
28475087,S28,U000439,VISUAL_ALIGNMENT,PASS
28476094,S07,U000464,VISUAL_ALIGNMENT,PASS
28505144,S21,U000448,VISUAL_ALIGNMENT,PASS
28506965,S35,U000432,VISUAL_ALIGNMENT,PASS
28507005,S14,U000457,VISUAL_ALIGNMENT,PASS
28540936,S07,U000465,VISUAL_ALIGNMENT,FAIL
28542547,S28,U000440,VISUAL_ALIGNMENT,PASS
28554040,S35,U000433,VISUAL_ALIGNMENT,PASS
28572444,S21,U000449,VISUAL_ALIGNMENT,PASS
28581250,S14,U000458,VISUAL_ALIGNMENT,PASS
28597092,S07,U000466,VISUAL_ALIGNMENT,PASS
28601293,S28,U000441,VISUAL_ALIGNMENT,PASS
28618445,S35,U000434,VISUAL_ALIGNMENT,PASS
28630073,S21,U000450,VISUAL_ALIGNMENT,PASS
28645686,S14,U000459,VISUAL_ALIGNMENT,PASS
28658559,S28,U000442,VISUAL_ALIGNMENT,PASS
28666749,S35,U000435,VISUAL_ALIGNMENT,PASS
28685359,S07,U000467,VISUAL_ALIGNMENT,PASS
28693886,S21,U000451,VISUAL_ALIGNMENT,PASS
28699353,S14,U000460,VISUAL_ALIGNMENT,PASS
28714061,S35,U000436,VISUAL_ALIGNMENT,PASS
28717018,S28,U000443,VISUAL_ALIGNMENT,PASS
28736468,S21,U000452,VISUAL_ALIGNMENT,PASS
28740743,S07,U000468,VISUAL_ALIGNMENT,PASS
28761008,S35,U000437,VISUAL_ALIGNMENT,PASS
28761568,S14,U000461,VISUAL_ALIGNMENT,PASS
28771953,S28,U000444,VISUAL_ALIGNMENT,PASS
28790814,S07,U000469,VISUAL_ALIGNMENT,PASS
